localId,project,patch_url,fix_commit,repo_addr,on_crash_log,matched_files,crash_files,patch_source
42470018,graphicsmagick,https://foss.heptapod.net/graphicsmagick/graphicsmagick646fe034e39dc1c971abb531a30c414e6c98923c,646fe034e39dc1c971abb531a30c414e6c98923c,https://foss.heptapod.net/graphicsmagick/graphicsmagick,-1,,/src/graphicsmagick/Magick++/lib/Image.cpp;/src/graphicsmagick/coders/tiff.c;/src/graphicsmagick/fuzzing/coder_fuzzer.cc;/src/graphicsmagick/magick/blob.c;/src/graphicsmagick/magick/constitute.c;/src/graphicsmagick/magick/memory.c;/src/graphicsmagick/magick/pixel_cache.c;/src/libfuzzer/FuzzerDriver.cpp;/src/libfuzzer/FuzzerLoop.cpp;/src/libfuzzer/FuzzerMain.cpp;/src/llvm/projects/compiler-rt/lib/msan/msan_interceptors.cc,
42470064,graphicsmagick,https://foss.heptapod.net/graphicsmagick/graphicsmagickbc328f2fcf47f91b1b14d04665cb209e30e0716d,bc328f2fcf47f91b1b14d04665cb209e30e0716d,https://foss.heptapod.net/graphicsmagick/graphicsmagick,-1,,/src/graphicsmagick/Magick++/lib/Image.cpp;/src/graphicsmagick/coders/mvg.c;/src/graphicsmagick/fuzzing/coder_fuzzer.cc;/src/graphicsmagick/magick/annotate.c;/src/graphicsmagick/magick/blob.c;/src/graphicsmagick/magick/constitute.c;/src/graphicsmagick/magick/render.c;/src/graphicsmagick/magick/utility.c;/src/libfuzzer/afl/afl_driver.cpp,
42470109,graphicsmagick,https://foss.heptapod.net/graphicsmagick/graphicsmagickf9154aa8139f5761d61b8108a2252c55187b0602,f9154aa8139f5761d61b8108a2252c55187b0602,https://foss.heptapod.net/graphicsmagick/graphicsmagick,-1,,/src/graphicsmagick/Magick++/lib/Image.cpp;/src/graphicsmagick/coders/mvg.c;/src/graphicsmagick/fuzzing/coder_fuzzer.cc;/src/graphicsmagick/magick/blob.c;/src/graphicsmagick/magick/constitute.c;/src/graphicsmagick/magick/render.c;/src/libfuzzer/afl/afl_driver.cpp;/src/llvm/projects/compiler-rt/lib/asan/asan_malloc_linux.cc,
42470166,graphicsmagick,https://foss.heptapod.net/graphicsmagick/graphicsmagick84d561c2fad5a9643eebecbeaec95a4656d68ade,84d561c2fad5a9643eebecbeaec95a4656d68ade,https://foss.heptapod.net/graphicsmagick/graphicsmagick,-1,,/src/graphicsmagick/Magick++/lib/Image.cpp;/src/graphicsmagick/coders/dcm.c;/src/graphicsmagick/coders/jnx.c;/src/graphicsmagick/fuzzing/coder_fuzzer.cc;/src/graphicsmagick/magick/blob.c;/src/graphicsmagick/magick/constitute.c;/src/libfuzzer/FuzzerDriver.cpp;/src/libfuzzer/FuzzerLoop.cpp;/src/libfuzzer/FuzzerMain.cpp,
42470311,graphicsmagick,https://foss.heptapod.net/graphicsmagick/graphicsmagickdfe0ac275b84fe5eaa2db36bfd64f88265a9644c,dfe0ac275b84fe5eaa2db36bfd64f88265a9644c,https://foss.heptapod.net/graphicsmagick/graphicsmagick,-1,,/src/graphicsmagick/Magick++/lib/Image.cpp;/src/graphicsmagick/coders/dcm.c;/src/graphicsmagick/coders/sfw.c;/src/graphicsmagick/fuzzing/coder_fuzzer.cc;/src/graphicsmagick/magick/blob.c;/src/graphicsmagick/magick/constitute.c;/src/libfuzzer/FuzzerDriver.cpp;/src/libfuzzer/FuzzerLoop.cpp;/src/libfuzzer/FuzzerMain.cpp,
42470341,graphicsmagick,https://foss.heptapod.net/graphicsmagick/graphicsmagick90ff9f04a465b7f797c23799afdd3d45c45f07ce,90ff9f04a465b7f797c23799afdd3d45c45f07ce,https://foss.heptapod.net/graphicsmagick/graphicsmagick,-1,,/src/graphicsmagick/Magick++/lib/Image.cpp;/src/graphicsmagick/coders/mvg.c;/src/graphicsmagick/fuzzing/coder_fuzzer.cc;/src/graphicsmagick/magick/blob.c;/src/graphicsmagick/magick/constitute.c;/src/graphicsmagick/magick/render.c;/src/libfuzzer/afl/afl_driver.cpp;/src/llvm/projects/compiler-rt/lib/asan/asan_malloc_linux.cc,
42470443,graphicsmagick,https://foss.heptapod.net/graphicsmagick/graphicsmagick2c147f7b970a749bf8c0d40a61b34443d22223a3,2c147f7b970a749bf8c0d40a61b34443d22223a3,https://foss.heptapod.net/graphicsmagick/graphicsmagick,-1,,/src/graphicsmagick/Magick++/lib/Image.cpp;/src/graphicsmagick/coders/png.c;/src/graphicsmagick/fuzzing/coder_fuzzer.cc;/src/graphicsmagick/magick/blob.c;/src/graphicsmagick/magick/constitute.c;/src/libfuzzer/FuzzerDriver.cpp;/src/libfuzzer/FuzzerLoop.cpp;/src/libfuzzer/FuzzerMain.cpp;/src/llvm/projects/compiler-rt/lib/asan/asan_malloc_linux.cc,
42470720,graphicsmagick,https://foss.heptapod.net/graphicsmagick/graphicsmagick709e7ed55c6ae30c7d822d589ee1baefd7577507,709e7ed55c6ae30c7d822d589ee1baefd7577507,https://foss.heptapod.net/graphicsmagick/graphicsmagick,-1,,/src/graphicsmagick/Magick++/lib/Image.cpp;/src/graphicsmagick/coders/mvg.c;/src/graphicsmagick/fuzzing/coder_fuzzer.cc;/src/graphicsmagick/magick/blob.c;/src/graphicsmagick/magick/constitute.c;/src/graphicsmagick/magick/render.c;/src/graphicsmagick/magick/utility.c;/src/libfuzzer/afl/afl_driver.cpp;/src/llvm/projects/compiler-rt/lib/asan/asan_interceptors_memintrinsics.cc,
42470888,graphicsmagick,https://foss.heptapod.net/graphicsmagick/graphicsmagick827ab542df6ef5fad54f28933acf06dc546d2e94,827ab542df6ef5fad54f28933acf06dc546d2e94,https://foss.heptapod.net/graphicsmagick/graphicsmagick,-1,,/src/graphicsmagick/Magick++/lib/Image.cpp;/src/graphicsmagick/coders/mvg.c;/src/graphicsmagick/fuzzing/coder_fuzzer.cc;/src/graphicsmagick/magick/blob.c;/src/graphicsmagick/magick/constitute.c;/src/graphicsmagick/magick/memory.c;/src/graphicsmagick/magick/render.c;/src/libfuzzer/FuzzerDriver.cpp;/src/libfuzzer/FuzzerLoop.cpp;/src/libfuzzer/FuzzerMain.cpp;/src/llvm/projects/compiler-rt/lib/msan/msan_interceptors.cc,
42472093,graphicsmagick,https://foss.heptapod.net/graphicsmagick/graphicsmagickc85ced189946725146bc80b38947ab35b3895e8b,c85ced189946725146bc80b38947ab35b3895e8b,https://foss.heptapod.net/graphicsmagick/graphicsmagick,-1,,/src/graphicsmagick/Magick++/lib/Image.cpp;/src/graphicsmagick/coders/tiff.c;/src/graphicsmagick/fuzzing/coder_fuzzer.cc;/src/graphicsmagick/magick/blob.c;/src/graphicsmagick/magick/constitute.c;/src/graphicsmagick/magick/memory.c;/src/graphicsmagick/magick/pixel_cache.c;/src/graphicsmagick/magick/resize.c;/src/libfuzzer/FuzzerDriver.cpp;/src/libfuzzer/FuzzerLoop.cpp;/src/libfuzzer/FuzzerMain.cpp;/src/llvm/projects/compiler-rt/lib/msan/msan_interceptors.cc,
42472219,graphicsmagick,https://foss.heptapod.net/graphicsmagick/graphicsmagick5e16e05e1d9dbc60921bd7660d1c5dfc5dfb2f72,5e16e05e1d9dbc60921bd7660d1c5dfc5dfb2f72,https://foss.heptapod.net/graphicsmagick/graphicsmagick,-1,,/src/graphicsmagick/Magick++/lib/Image.cpp;/src/graphicsmagick/coders/miff.c;/src/graphicsmagick/fuzzing/coder_fuzzer.cc;/src/graphicsmagick/magick/blob.c;/src/graphicsmagick/magick/constitute.c;/src/graphicsmagick/magick/export.c;/src/graphicsmagick/magick/import.c;/src/graphicsmagick/magick/memory.c;/src/libfuzzer/FuzzerDriver.cpp;/src/libfuzzer/FuzzerLoop.cpp;/src/libfuzzer/FuzzerMain.cpp;/src/llvm/projects/compiler-rt/lib/msan/msan_interceptors.cc;/src/zlib/deflate.c,
42472426,graphicsmagick,https://foss.heptapod.net/graphicsmagick/graphicsmagick3e639c39c620d21e730d9d5121f12bdfb43e37c6,3e639c39c620d21e730d9d5121f12bdfb43e37c6,https://foss.heptapod.net/graphicsmagick/graphicsmagick,-1,,/src/graphicsmagick/Magick++/lib/Image.cpp;/src/graphicsmagick/coders/tiff.c;/src/graphicsmagick/fuzzing/coder_fuzzer.cc;/src/graphicsmagick/magick/blob.c;/src/graphicsmagick/magick/constitute.c;/src/graphicsmagick/magick/export.c;/src/graphicsmagick/magick/memory.c;/src/graphicsmagick/magick/pixel_cache.c;/src/libfuzzer/FuzzerDriver.cpp;/src/libfuzzer/FuzzerLoop.cpp;/src/libfuzzer/FuzzerMain.cpp;/src/llvm/projects/compiler-rt/lib/msan/msan_interceptors.cc,
42472707,graphicsmagick,https://foss.heptapod.net/graphicsmagick/graphicsmagick5e16e05e1d9dbc60921bd7660d1c5dfc5dfb2f72,5e16e05e1d9dbc60921bd7660d1c5dfc5dfb2f72,https://foss.heptapod.net/graphicsmagick/graphicsmagick,-1,,/src/graphicsmagick/Magick++/lib/Image.cpp;/src/graphicsmagick/coders/miff.c;/src/graphicsmagick/fuzzing/coder_fuzzer.cc;/src/graphicsmagick/magick/blob.c;/src/graphicsmagick/magick/colorspace.c;/src/graphicsmagick/magick/constitute.c;/src/graphicsmagick/magick/import.c;/src/graphicsmagick/magick/memory.c;/src/graphicsmagick/magick/pixel_iterator.c;/src/libfuzzer/FuzzerDriver.cpp;/src/libfuzzer/FuzzerLoop.cpp;/src/libfuzzer/FuzzerMain.cpp;/src/llvm/projects/compiler-rt/lib/msan/msan_interceptors.cc,
42472894,graphicsmagick,https://foss.heptapod.net/graphicsmagick/graphicsmagickad1788726baa52bf10e08526e44227f6f3bd95f5,ad1788726baa52bf10e08526e44227f6f3bd95f5,https://foss.heptapod.net/graphicsmagick/graphicsmagick,-1,,/src/graphicsmagick/Magick++/lib/Image.cpp;/src/graphicsmagick/coders/mvg.c;/src/graphicsmagick/fuzzing/coder_fuzzer.cc;/src/graphicsmagick/magick/blob.c;/src/graphicsmagick/magick/constitute.c;/src/graphicsmagick/magick/memory.c;/src/graphicsmagick/magick/render.c;/src/libfuzzer/FuzzerDriver.cpp;/src/libfuzzer/FuzzerLoop.cpp;/src/libfuzzer/FuzzerMain.cpp;/src/llvm/projects/compiler-rt/lib/msan/msan_interceptors.cc,
42473446,graphicsmagick,https://foss.heptapod.net/graphicsmagick/graphicsmagick225f3f58eb20dd16c28deb929130aa291371f64c,225f3f58eb20dd16c28deb929130aa291371f64c,https://foss.heptapod.net/graphicsmagick/graphicsmagick,-1,,/src/graphicsmagick/Magick++/lib/Image.cpp;/src/graphicsmagick/coders/tiff.c;/src/graphicsmagick/fuzzing/coder_fuzzer.cc;/src/graphicsmagick/magick/blob.c;/src/graphicsmagick/magick/constitute.c;/src/graphicsmagick/magick/memory.c;/src/graphicsmagick/magick/pixel_cache.c;/src/libfuzzer/FuzzerDriver.cpp;/src/libfuzzer/FuzzerLoop.cpp;/src/libfuzzer/FuzzerMain.cpp;/src/llvm/projects/compiler-rt/lib/msan/msan_interceptors.cc,
42473496,graphicsmagick,https://foss.heptapod.net/graphicsmagick/graphicsmagickcba247b8e1f16e37cf2744fee3d71cb323e5d387,cba247b8e1f16e37cf2744fee3d71cb323e5d387,https://foss.heptapod.net/graphicsmagick/graphicsmagick,-1,,/src/graphicsmagick/Magick++/lib/Image.cpp;/src/graphicsmagick/coders/mvg.c;/src/graphicsmagick/fuzzing/coder_fuzzer.cc;/src/graphicsmagick/magick/blob.c;/src/graphicsmagick/magick/constitute.c;/src/graphicsmagick/magick/render.c;/src/libfuzzer/afl/afl_driver.cpp;/src/llvm/projects/compiler-rt/lib/asan/asan_malloc_linux.cc,
42473907,graphicsmagick,https://foss.heptapod.net/graphicsmagick/graphicsmagick78635ba3a75c047d5899a98eaffe138ea22ab685,78635ba3a75c047d5899a98eaffe138ea22ab685,https://foss.heptapod.net/graphicsmagick/graphicsmagick,-1,,/src/graphicsmagick/Magick++/lib/Image.cpp;/src/graphicsmagick/coders/mat.c;/src/graphicsmagick/fuzzing/coder_fuzzer.cc;/src/graphicsmagick/magick/blob.c;/src/graphicsmagick/magick/constitute.c;/src/graphicsmagick/magick/memory.c;/src/graphicsmagick/magick/pixel_cache.c;/src/libfuzzer/FuzzerDriver.cpp;/src/libfuzzer/FuzzerLoop.cpp;/src/libfuzzer/FuzzerMain.cpp;/src/llvm/projects/compiler-rt/lib/msan/msan_interceptors.cc,
42474668,graphicsmagick,https://foss.heptapod.net/graphicsmagick/graphicsmagickce367bc7f85e0b1fd312c8cbd024cb502b12985b,ce367bc7f85e0b1fd312c8cbd024cb502b12985b,https://foss.heptapod.net/graphicsmagick/graphicsmagick,-1,,/src/graphicsmagick/Magick++/lib/Image.cpp;/src/graphicsmagick/coders/pdb.c;/src/graphicsmagick/fuzzing/coder_fuzzer.cc;/src/graphicsmagick/magick/blob.c;/src/graphicsmagick/magick/constitute.c;/src/graphicsmagick/magick/memory.c;/src/libfuzzer/FuzzerDriver.cpp;/src/libfuzzer/FuzzerLoop.cpp;/src/libfuzzer/FuzzerMain.cpp;/src/llvm/projects/compiler-rt/lib/msan/msan_interceptors.cc,
42474893,graphicsmagick,https://foss.heptapod.net/graphicsmagick/graphicsmagicke7b35d7d0d586c54e00bffb0c714ea67cc57eb13,e7b35d7d0d586c54e00bffb0c714ea67cc57eb13,https://foss.heptapod.net/graphicsmagick/graphicsmagick,-1,,/src/graphicsmagick/Magick++/lib/Image.cpp;/src/graphicsmagick/coders/tiff.c;/src/graphicsmagick/fuzzing/coder_fuzzer.cc;/src/graphicsmagick/magick/blob.c;/src/graphicsmagick/magick/constitute.c;/src/libfuzzer/FuzzerDriver.cpp;/src/libfuzzer/FuzzerLoop.cpp;/src/libfuzzer/FuzzerMain.cpp;/src/libtiff/libtiff/tif_color.c;/src/libtiff/libtiff/tif_getimage.c;/src/libtiff/libtiff/tif_ojpeg.c;/src/libtiff/libtiff/tif_read.c;/src/libtiff/libtiff/tif_unix.c;/src/llvm/projects/compiler-rt/lib/msan/msan_interceptors.cc,
42475536,graphicsmagick,https://foss.heptapod.net/graphicsmagick/graphicsmagickc6ba17134dc332e90dbe832f3d4c114d55d9aef1,c6ba17134dc332e90dbe832f3d4c114d55d9aef1,https://foss.heptapod.net/graphicsmagick/graphicsmagick,-1,,/src/graphicsmagick/Magick++/lib/Image.cpp;/src/graphicsmagick/coders/jpeg.c;/src/graphicsmagick/fuzzing/coder_fuzzer.cc;/src/graphicsmagick/magick/attribute.c;/src/graphicsmagick/magick/blob.c;/src/graphicsmagick/magick/constitute.c;/src/graphicsmagick/magick/map.c;/src/graphicsmagick/magick/profile.c;/src/libfuzzer/afl/afl_driver.cpp;/src/libjpeg-turbo/jdapimin.c;/src/libjpeg-turbo/jdinput.c;/src/libjpeg-turbo/jdmarker.c;/src/llvm/projects/compiler-rt/lib/asan/asan_malloc_linux.cc,
42476325,graphicsmagick,https://foss.heptapod.net/graphicsmagick/graphicsmagickb94644cbd4062312901837d2ea477ca35d5efa21,b94644cbd4062312901837d2ea477ca35d5efa21,https://foss.heptapod.net/graphicsmagick/graphicsmagick,-1,,/src/graphicsmagick/Magick++/lib/Image.cpp;/src/graphicsmagick/coders/mvg.c;/src/graphicsmagick/fuzzing/coder_fuzzer.cc;/src/graphicsmagick/magick/blob.c;/src/graphicsmagick/magick/constitute.c;/src/graphicsmagick/magick/render.c;/src/libfuzzer/afl/afl_driver.cpp;/src/llvm/projects/compiler-rt/lib/asan/asan_malloc_linux.cc,
42476976,graphicsmagick,https://foss.heptapod.net/graphicsmagick/graphicsmagickbc64299a7c9fdc1755eaa913c5c2edd41b304949,bc64299a7c9fdc1755eaa913c5c2edd41b304949,https://foss.heptapod.net/graphicsmagick/graphicsmagick,-1,,/src/graphicsmagick/Magick++/lib/Image.cpp;/src/graphicsmagick/coders/tiff.c;/src/graphicsmagick/fuzzing/coder_fuzzer.cc;/src/graphicsmagick/magick/blob.c;/src/graphicsmagick/magick/constitute.c;/src/libfuzzer/FuzzerDriver.cpp;/src/libfuzzer/FuzzerLoop.cpp;/src/libfuzzer/FuzzerMain.cpp;/src/libtiff/libtiff/tif_color.c;/src/libtiff/libtiff/tif_getimage.c;/src/libtiff/libtiff/tif_ojpeg.c;/src/libtiff/libtiff/tif_read.c;/src/libtiff/libtiff/tif_unix.c;/src/llvm/projects/compiler-rt/lib/msan/msan_interceptors.cc,
42477469,graphicsmagick,https://foss.heptapod.net/graphicsmagick/graphicsmagickddfe99a36d9bb1046cb78190e99629335e13e1c5,ddfe99a36d9bb1046cb78190e99629335e13e1c5,https://foss.heptapod.net/graphicsmagick/graphicsmagick,-1,,/src/graphicsmagick/Magick++/lib/Image.cpp;/src/graphicsmagick/coders/png.c;/src/graphicsmagick/fuzzing/coder_fuzzer.cc;/src/graphicsmagick/magick/blob.c;/src/graphicsmagick/magick/constitute.c;/src/libfuzzer/FuzzerDriver.cpp;/src/libfuzzer/FuzzerLoop.cpp;/src/libfuzzer/FuzzerMain.cpp,
42477726,ghostpdl,https://cgit.ghostscript.com/ghostpdl.git77f79475fd0419d16f1efe7812a44a9720fef10b,77f79475fd0419d16f1efe7812a44a9720fef10b,https://cgit.ghostscript.com/ghostpdl.git,-1,,,
42478424,graphicsmagick,https://foss.heptapod.net/graphicsmagick/graphicsmagick53ff1a445fb6d04ef4a337bb7ab0a09c53a24216,53ff1a445fb6d04ef4a337bb7ab0a09c53a24216,https://foss.heptapod.net/graphicsmagick/graphicsmagick,-1,,/src/graphicsmagick/Magick++/lib/Image.cpp;/src/graphicsmagick/coders/jpeg.c;/src/graphicsmagick/coders/sfw.c;/src/graphicsmagick/fuzzing/coder_fuzzer.cc;/src/graphicsmagick/magick/attribute.c;/src/graphicsmagick/magick/blob.c;/src/graphicsmagick/magick/constitute.c;/src/llvm/projects/compiler-rt/lib/fuzzer/FuzzerDriver.cpp;/src/llvm/projects/compiler-rt/lib/fuzzer/FuzzerLoop.cpp;/src/llvm/projects/compiler-rt/lib/fuzzer/FuzzerMain.cpp,
42478856,graphicsmagick,https://foss.heptapod.net/graphicsmagick/graphicsmagick5f56eaafe189815bd8abdd42bbf53ad5e3185933,5f56eaafe189815bd8abdd42bbf53ad5e3185933,https://foss.heptapod.net/graphicsmagick/graphicsmagick,-1,,/src/graphicsmagick/Magick++/lib/Image.cpp;/src/graphicsmagick/coders/jpeg.c;/src/graphicsmagick/fuzzing/coder_fuzzer.cc;/src/graphicsmagick/magick/attribute.c;/src/graphicsmagick/magick/blob.c;/src/graphicsmagick/magick/constitute.c;/src/graphicsmagick/magick/utility.c;/src/llvm/projects/compiler-rt/lib/asan/asan_malloc_linux.cpp;/src/llvm/projects/compiler-rt/lib/fuzzer/FuzzerDriver.cpp;/src/llvm/projects/compiler-rt/lib/fuzzer/FuzzerLoop.cpp;/src/llvm/projects/compiler-rt/lib/fuzzer/FuzzerMain.cpp,
42480920,njs,http://hg.nginx.org/njs9b70f038abfa8036d1d8a84d2d8db7c98039a957,9b70f038abfa8036d1d8a84d2d8db7c98039a957,http://hg.nginx.org/njs,-1,,/src/llvm-project/compiler-rt/lib/asan/asan_interceptors_memintrinsics.cpp;/src/llvm-project/compiler-rt/lib/asan/asan_malloc_linux.cpp;/src/llvm-project/compiler-rt/lib/fuzzer/FuzzerDriver.cpp;/src/llvm-project/compiler-rt/lib/fuzzer/FuzzerLoop.cpp;/src/llvm-project/compiler-rt/lib/fuzzer/FuzzerMain.cpp;/src/njs/src/njs_chb.c;/src/njs/src/njs_function.c;/src/njs/src/njs_function.h;/src/njs/src/njs_json.c;/src/njs/src/njs_malloc.c;/src/njs/src/njs_mp.c;/src/njs/src/njs_parser.c;/src/njs/src/njs_parser.h;/src/njs/src/njs_parser_expression.c;/src/njs/src/njs_parser_terminal.c;/src/njs/src/njs_shell.c;/src/njs/src/njs_vmcode.c,
42481148,graphicsmagick,https://foss.heptapod.net/graphicsmagick/graphicsmagickb2982b34791b78ba5469b8772d6df82ed11f73e4,"9b958e79d967101509dbe9ddf26b42e580c35909
b2982b34791b78ba5469b8772d6df82ed11f73e4",https://foss.heptapod.net/graphicsmagick/graphicsmagick,-1,,/src/graphicsmagick/Magick++/lib/Image.cpp;/src/graphicsmagick/coders/pict.c;/src/graphicsmagick/fuzzing/coder_fuzzer.cc;/src/graphicsmagick/magick/blob.c;/src/graphicsmagick/magick/constitute.c;/src/llvm-project/compiler-rt/lib/asan/asan_interceptors_memintrinsics.cpp;/src/llvm-project/compiler-rt/lib/asan/asan_malloc_linux.cpp;/src/llvm-project/compiler-rt/lib/fuzzer/FuzzerDriver.cpp;/src/llvm-project/compiler-rt/lib/fuzzer/FuzzerLoop.cpp;/src/llvm-project/compiler-rt/lib/fuzzer/FuzzerMain.cpp,
42481154,graphicsmagick,https://foss.heptapod.net/graphicsmagick/graphicsmagickb2982b34791b78ba5469b8772d6df82ed11f73e4,b2982b34791b78ba5469b8772d6df82ed11f73e4,https://foss.heptapod.net/graphicsmagick/graphicsmagick,-1,,/src/graphicsmagick/Magick++/lib/Image.cpp;/src/graphicsmagick/coders/pict.c;/src/graphicsmagick/fuzzing/coder_fuzzer.cc;/src/graphicsmagick/magick/blob.c;/src/graphicsmagick/magick/constitute.c;/src/llvm-project/compiler-rt/lib/asan/asan_malloc_linux.cpp;/src/llvm-project/compiler-rt/lib/fuzzer/FuzzerDriver.cpp;/src/llvm-project/compiler-rt/lib/fuzzer/FuzzerLoop.cpp;/src/llvm-project/compiler-rt/lib/fuzzer/FuzzerMain.cpp,
42481396,graphicsmagick,https://foss.heptapod.net/graphicsmagick/graphicsmagickbd2ca3645b6d02b13dc4e52f31877b362d7bc754,bd2ca3645b6d02b13dc4e52f31877b362d7bc754,https://foss.heptapod.net/graphicsmagick/graphicsmagick,-1,,/src/graphicsmagick/Magick++/lib/Image.cpp;/src/graphicsmagick/coders/pict.c;/src/graphicsmagick/fuzzing/coder_fuzzer.cc;/src/graphicsmagick/magick/blob.c;/src/graphicsmagick/magick/constitute.c;/src/llvm-project/compiler-rt/lib/asan/asan_malloc_linux.cpp;/src/llvm-project/compiler-rt/lib/fuzzer/FuzzerDriver.cpp;/src/llvm-project/compiler-rt/lib/fuzzer/FuzzerLoop.cpp;/src/llvm-project/compiler-rt/lib/fuzzer/FuzzerMain.cpp,
42481397,graphicsmagick,https://foss.heptapod.net/graphicsmagick/graphicsmagickbd2ca3645b6d02b13dc4e52f31877b362d7bc754,bd2ca3645b6d02b13dc4e52f31877b362d7bc754,https://foss.heptapod.net/graphicsmagick/graphicsmagick,-1,,/src/graphicsmagick/Magick++/lib/Image.cpp;/src/graphicsmagick/coders/pict.c;/src/graphicsmagick/fuzzing/coder_fuzzer.cc;/src/graphicsmagick/magick/blob.c;/src/graphicsmagick/magick/constitute.c;/src/llvm-project/compiler-rt/lib/asan/asan_interceptors_memintrinsics.cpp;/src/llvm-project/compiler-rt/lib/asan/asan_malloc_linux.cpp;/src/llvm-project/compiler-rt/lib/fuzzer/FuzzerDriver.cpp;/src/llvm-project/compiler-rt/lib/fuzzer/FuzzerLoop.cpp;/src/llvm-project/compiler-rt/lib/fuzzer/FuzzerMain.cpp,
42481448,graphicsmagick,https://foss.heptapod.net/graphicsmagick/graphicsmagick83b4d2b4b873dc2cb29cd7dff5c209c2b8f05682,83b4d2b4b873dc2cb29cd7dff5c209c2b8f05682,https://foss.heptapod.net/graphicsmagick/graphicsmagick,-1,,/src/graphicsmagick/Magick++/lib/Image.cpp;/src/graphicsmagick/coders/dib.c;/src/graphicsmagick/coders/wpg.c;/src/graphicsmagick/fuzzing/coder_fuzzer.cc;/src/graphicsmagick/magick/blob.c;/src/graphicsmagick/magick/constitute.c;/src/graphicsmagick/magick/pixel_cache.c;/src/libfuzzer/afl/afl_driver.cpp;/src/llvm-project/compiler-rt/lib/asan/asan_malloc_linux.cpp,
42481812,njs,http://hg.nginx.org/njs9b70f038abfa8036d1d8a84d2d8db7c98039a957,9b70f038abfa8036d1d8a84d2d8db7c98039a957,http://hg.nginx.org/njs,-1,,/src/libfuzzer/afl/afl_driver.cpp;/src/llvm-project/compiler-rt/lib/asan/asan_malloc_linux.cpp;/src/njs/src/njs_function.c;/src/njs/src/njs_function.h;/src/njs/src/njs_json.c;/src/njs/src/njs_malloc.c;/src/njs/src/njs_mp.c;/src/njs/src/njs_object_prop.c;/src/njs/src/njs_shell.c;/src/njs/src/njs_value.c;/src/njs/src/njs_vmcode.c,
42481819,ghostpdl,https://cgit.ghostscript.com/ghostpdl.gitf5b7acb59c4f2e88591aab9f355813e0b7b68db5,"6fc5cbc5bc57ae2c47d1276f1ea0c0f16017b4bb
06a08fca00194531df25652b46eca8f8e4dfd7cc
c5883877d1dc7abbd7600eb688f7cf4ad34db0cc
1f6b351a5048b5a14d52431c833da6ed3386a7bf
cd5f21df6c710664ff0ba3f100ca5283d9367ed8
5fc8e7c0b656d4e2be8f5e316121f06039c35273
b58e9010ce17bce450e4c042b93bafc460b9d94a
d7d68f45bfc227f7c7a6fdd5f8ef078bbf7ca77f
d86e9d8251e142ab9aae9f50923414c0c18bf1d3
9fd069e5c91126e78b51625c72d884615370098c
f5b7acb59c4f2e88591aab9f355813e0b7b68db5",https://cgit.ghostscript.com/ghostpdl.git,-1,,,
42482100,njs,http://hg.nginx.org/njs3313d0d593a09f27b7aab54c70dc808c61021ac5,3313d0d593a09f27b7aab54c70dc808c61021ac5,http://hg.nginx.org/njs,-1,,/src/libfuzzer/afl/afl_driver.cpp;/src/llvm-project/compiler-rt/lib/asan/asan_new_delete.cpp;/src/njs/src/njs_lexer.c;/src/njs/src/njs_parser.c;/src/njs/src/njs_parser.h;/src/njs/src/njs_parser_expression.c;/src/njs/src/njs_parser_terminal.c,
42482668,ghostpdl,https://cgit.ghostscript.com/ghostpdl.gitd703f355af5292e61dcd641332e249873ab5fb8a,d703f355af5292e61dcd641332e249873ab5fb8a,https://cgit.ghostscript.com/ghostpdl.git,-1,,/src/ghostpdl/./base/sdctd.c;/src/ghostpdl/./base/stream.c;/src/ghostpdl/./psi/imain.c;/src/ghostpdl/./psi/imainarg.c;/src/ghostpdl/./psi/interp.c;/src/ghostpdl/./psi/zimage.c;/src/ghostpdl/fuzz/gstoraster_fuzzer.cc;/src/llvm-project/compiler-rt/lib/fuzzer/FuzzerDriver.cpp;/src/llvm-project/compiler-rt/lib/fuzzer/FuzzerLoop.cpp;/src/llvm-project/compiler-rt/lib/fuzzer/FuzzerMain.cpp,
42483267,graphicsmagick,https://foss.heptapod.net/graphicsmagick/graphicsmagick83b4d2b4b873dc2cb29cd7dff5c209c2b8f05682,83b4d2b4b873dc2cb29cd7dff5c209c2b8f05682,https://foss.heptapod.net/graphicsmagick/graphicsmagick,-1,,/src/graphicsmagick/Magick++/lib/Image.cpp;/src/graphicsmagick/coders/vicar.c;/src/graphicsmagick/coders/wpg.c;/src/graphicsmagick/fuzzing/coder_fuzzer.cc;/src/graphicsmagick/magick/blob.c;/src/graphicsmagick/magick/constitute.c;/src/graphicsmagick/magick/pixel_cache.c;/src/libfuzzer/afl/afl_driver.cpp;/src/llvm-project/compiler-rt/lib/asan/asan_malloc_linux.cpp,
42483325,ghostpdl,https://cgit.ghostscript.com/ghostpdl.git748edd2fd75c684d63486eded71ad20254de6f4c,748edd2fd75c684d63486eded71ad20254de6f4c,https://cgit.ghostscript.com/ghostpdl.git,-1,,/src/ghostpdl/./base/gdevddrw.c;/src/ghostpdl/./base/gdevdgbr.c;/src/ghostpdl/./base/gdevm4.c;/src/ghostpdl/./base/gdevnfwd.c;/src/ghostpdl/./base/gdevprn.c;/src/ghostpdl/./base/gsdevice.c;/src/ghostpdl/./base/gxclrast.c;/src/ghostpdl/./base/gxclread.c;/src/ghostpdl/./base/gxclthrd.c;/src/ghostpdl/./base/gxdcolor.c;/src/ghostpdl/./cups/gdevcups.c;/src/ghostpdl/./psi/imain.c;/src/ghostpdl/./psi/imainarg.c;/src/ghostpdl/./psi/interp.c;/src/ghostpdl/./psi/zdevice.c;/src/ghostpdl/fuzz/gstoraster_fuzzer.cc;/src/llvm/projects/compiler-rt/lib/fuzzer/FuzzerDriver.cpp;/src/llvm/projects/compiler-rt/lib/fuzzer/FuzzerLoop.cpp;/src/llvm/projects/compiler-rt/lib/fuzzer/FuzzerMain.cpp,
42483368,graphicsmagick,https://foss.heptapod.net/graphicsmagick/graphicsmagick83b4d2b4b873dc2cb29cd7dff5c209c2b8f05682,83b4d2b4b873dc2cb29cd7dff5c209c2b8f05682,https://foss.heptapod.net/graphicsmagick/graphicsmagick,-1,,/src/graphicsmagick/Magick++/lib/Image.cpp;/src/graphicsmagick/coders/webp.c;/src/graphicsmagick/coders/wpg.c;/src/graphicsmagick/fuzzing/coder_fuzzer.cc;/src/graphicsmagick/magick/blob.c;/src/graphicsmagick/magick/constitute.c;/src/graphicsmagick/magick/image.c;/src/graphicsmagick/magick/import.c;/src/graphicsmagick/magick/memory.c;/src/graphicsmagick/magick/pixel_cache.c;/src/libfuzzer/afl/afl_driver.cpp;/src/llvm-project/compiler-rt/lib/asan/asan_malloc_linux.cpp,
42484513,graphicsmagick,https://foss.heptapod.net/graphicsmagick/graphicsmagickb0aa53a5f970cc7d4954104a1c65b0d9d7f36279,b0aa53a5f970cc7d4954104a1c65b0d9d7f36279,https://foss.heptapod.net/graphicsmagick/graphicsmagick,-1,,/src/graphicsmagick/Magick++/lib/Image.cpp;/src/graphicsmagick/coders/vicar.c;/src/graphicsmagick/coders/wpg.c;/src/graphicsmagick/fuzzing/coder_fuzzer.cc;/src/graphicsmagick/magick/blob.c;/src/graphicsmagick/magick/constitute.c;/src/graphicsmagick/magick/memory.c;/src/graphicsmagick/magick/pixel_cache.c;/src/llvm-project/compiler-rt/lib/asan/asan_malloc_linux.cpp;/src/llvm-project/compiler-rt/lib/fuzzer/FuzzerDriver.cpp;/src/llvm-project/compiler-rt/lib/fuzzer/FuzzerLoop.cpp;/src/llvm-project/compiler-rt/lib/fuzzer/FuzzerMain.cpp,
42484714,njs,http://hg.nginx.org/njs0a2a0b5a74f4f353973b8b347ac1cee3f91efee5,0a2a0b5a74f4f353973b8b347ac1cee3f91efee5,http://hg.nginx.org/njs,-1,,/njs_vmcode.c;/src/llvm-project/compiler-rt/lib/fuzzer/FuzzerDriver.cpp;/src/llvm-project/compiler-rt/lib/fuzzer/FuzzerLoop.cpp;/src/llvm-project/compiler-rt/lib/fuzzer/FuzzerMain.cpp;/src/njs/src/njs_function.c;/src/njs/src/njs_function.h;/src/njs/src/njs_shell.c;/src/njs/src/njs_vm.c;/src/njs/src/njs_vmcode.c,
42485050,njs,http://hg.nginx.org/njsf2d02c3b5f8aa7f738dfcf27a4efac2ca29be7b1,f2d02c3b5f8aa7f738dfcf27a4efac2ca29be7b1,http://hg.nginx.org/njs,-1,,/src/llvm-project/compiler-rt/lib/asan/asan_interceptors_memintrinsics.cpp;/src/llvm-project/compiler-rt/lib/asan/asan_malloc_linux.cpp;/src/llvm-project/compiler-rt/lib/fuzzer/FuzzerDriver.cpp;/src/llvm-project/compiler-rt/lib/fuzzer/FuzzerLoop.cpp;/src/llvm-project/compiler-rt/lib/fuzzer/FuzzerMain.cpp;/src/njs/src/njs_array.c;/src/njs/src/njs_function.c;/src/njs/src/njs_function.h;/src/njs/src/njs_malloc.c;/src/njs/src/njs_mp.c;/src/njs/src/njs_shell.c;/src/njs/src/njs_string.c;/src/njs/src/njs_vm.c;/src/njs/src/njs_vmcode.c,
42485086,njs,http://hg.nginx.org/njsd692284e0b9fe67f555c0d0359143e3f4d62cc12,d692284e0b9fe67f555c0d0359143e3f4d62cc12,http://hg.nginx.org/njs,-1,,/src/llvm-project/compiler-rt/lib/fuzzer/FuzzerDriver.cpp;/src/llvm-project/compiler-rt/lib/fuzzer/FuzzerLoop.cpp;/src/llvm-project/compiler-rt/lib/fuzzer/FuzzerMain.cpp;/src/njs/src/njs_function.c;/src/njs/src/njs_function.h;/src/njs/src/njs_shell.c;/src/njs/src/njs_vm.c;/src/njs/src/njs_vmcode.c,
42487067,nginx,http://hg.nginx.org/nginx/da5e3f5b16733167142b599b6af3ce9469a07d52,da5e3f5b16733167142b599b6af3ce9469a07d52,http://hg.nginx.org/nginx/,-1,,/src/llvm-project/compiler-rt/lib/asan/asan_malloc_linux.cpp;/src/nginx/src/core/ngx_list.h;/src/nginx/src/core/ngx_palloc.c;/src/nginx/src/fuzz/http_request_fuzzer.cc;/src/nginx/src/http/ngx_http_request.c;/src/nginx/src/http/ngx_http_upstream.c;/src/nginx/src/os/unix/ngx_alloc.c,
42487533,njs,http://hg.nginx.org/njs98f436565ddf8dd14fe4a5291324137672b50b3b,"87f91ff169312d052bedf54f1ca6778013705eec
f1e8e753417dbae144a566f7fd0717bbce889ebd
55d405b30979f5dcfe0d21e2d83be27abe66aa6c
98f436565ddf8dd14fe4a5291324137672b50b3b",http://hg.nginx.org/njs,-1,,/src/libfuzzer/afl/afl_driver.cpp;/src/llvm-project/compiler-rt/lib/asan/asan_interceptors_memintrinsics.cpp;/src/llvm-project/compiler-rt/lib/asan/asan_malloc_linux.cpp;/src/njs/src/njs_function.c;/src/njs/src/njs_function.h;/src/njs/src/njs_malloc.c;/src/njs/src/njs_mp.c;/src/njs/src/njs_shell.c;/src/njs/src/njs_string.c;/src/njs/src/njs_vm.c;/src/njs/src/njs_vmcode.c,
42487583,binutils-gdb,https://github.com/bminor/binutils-gdb/commit/5a805384b831e5946cc8dae13a75617cb4b9c080,5a805384b831e5946cc8dae13a75617cb4b9c080,git://sourceware.org/git/binutils-gdb.git,1,binutils/dwarf.c,/src/binutils-gdb/binutils/./readelf.h;/src/binutils-gdb/binutils/dwarf.c;/src/binutils-gdb/binutils/fuzz_readelf.c;/src/llvm-project/compiler-rt/lib/asan/asan_malloc_linux.cpp;/src/llvm-project/compiler-rt/lib/fuzzer/FuzzerDriver.cpp;/src/llvm-project/compiler-rt/lib/fuzzer/FuzzerLoop.cpp;/src/llvm-project/compiler-rt/lib/fuzzer/FuzzerMain.cpp,git
42487782,libteken,https://svn.freebsd.org/base/head/sys/teken323342,323342,https://svn.freebsd.org/base/head/sys/teken,-1,,/src/libfuzzer/FuzzerDriver.cpp;/src/libfuzzer/FuzzerLoop.cpp;/src/libfuzzer/FuzzerMain.cpp;/src/libteken/libteken/../teken.c;/src/libteken_fuzzer.c,
42488465,binutils-gdb,https://github.com/bminor/binutils-gdb/commit/0c70050a4bb65c6159dc7d65c1fba253c97837c8,0c70050a4bb65c6159dc7d65c1fba253c97837c8,git://sourceware.org/git/binutils-gdb.git,1,bfd/archive.c;bfd/format.c;bfd/libbfd.c;bfd/vms-alpha.c;bfd/vms-misc.c,/src/binutils-gdb/bfd/./libbfd.h;/src/binutils-gdb/bfd/archive.c;/src/binutils-gdb/bfd/format.c;/src/binutils-gdb/bfd/libbfd.c;/src/binutils-gdb/bfd/vms-alpha.c;/src/binutils-gdb/bfd/vms-misc.c;/src/binutils-gdb/fuzz/fuzz_bfd.c;/src/llvm-project/compiler-rt/lib/asan/asan_interceptors_memintrinsics.cpp;/src/llvm-project/compiler-rt/lib/asan/asan_malloc_linux.cpp,git
42489833,graphicsmagick,https://foss.heptapod.net/graphicsmagick/graphicsmagick450f946ef86dcbb9686b5f0089c332a22bbc5a60,450f946ef86dcbb9686b5f0089c332a22bbc5a60,https://foss.heptapod.net/graphicsmagick/graphicsmagick,-1,,/src/graphicsmagick/Magick++/lib/Image.cpp;/src/graphicsmagick/coders/jpeg.c;/src/graphicsmagick/fuzzing/coder_fuzzer.cc;/src/graphicsmagick/magick/blob.c;/src/graphicsmagick/magick/constitute.c;/src/libjpeg-turbo/jdapistd.c;/src/libjpeg-turbo/jdcoefct.c;/src/libjpeg-turbo/jdmainct.c;/src/libjpeg-turbo/jdmaster.c;/src/libjpeg-turbo/jmemmgr.c;/src/llvm-project/compiler-rt/lib/asan/asan_malloc_linux.cpp;/src/llvm-project/compiler-rt/lib/fuzzer/FuzzerDriver.cpp;/src/llvm-project/compiler-rt/lib/fuzzer/FuzzerLoop.cpp;/src/llvm-project/compiler-rt/lib/fuzzer/FuzzerMain.cpp,
42490009,graphicsmagick,https://foss.heptapod.net/graphicsmagick/graphicsmagick819119d69932a35800054bbd05c26797c7358086,819119d69932a35800054bbd05c26797c7358086,https://foss.heptapod.net/graphicsmagick/graphicsmagick,-1,,/src/graphicsmagick/Magick++/lib/Image.cpp;/src/graphicsmagick/coders/jnx.c;/src/graphicsmagick/coders/jpeg.c;/src/graphicsmagick/fuzzing/coder_fuzzer.cc;/src/graphicsmagick/magick/blob.c;/src/graphicsmagick/magick/constitute.c;/src/libjpeg-turbo/jdapistd.c;/src/libjpeg-turbo/jdcoefct.c;/src/libjpeg-turbo/jdmainct.c;/src/libjpeg-turbo/jmemmgr.c;/src/llvm-project/compiler-rt/lib/fuzzer/FuzzerDriver.cpp;/src/llvm-project/compiler-rt/lib/fuzzer/FuzzerLoop.cpp;/src/llvm-project/compiler-rt/lib/fuzzer/FuzzerMain.cpp;/src/llvm-project/compiler-rt/lib/msan/msan_interceptors.cpp,
42490119,graphicsmagick,https://foss.heptapod.net/graphicsmagick/graphicsmagick4fc18176a211fa741f9016a87e3be0be7c5bc74b,4fc18176a211fa741f9016a87e3be0be7c5bc74b,https://foss.heptapod.net/graphicsmagick/graphicsmagick,-1,,/src/graphicsmagick/Magick++/lib/Image.cpp;/src/graphicsmagick/coders/jpeg.c;/src/graphicsmagick/fuzzing/coder_fuzzer.cc;/src/graphicsmagick/magick/blob.c;/src/graphicsmagick/magick/constitute.c;/src/libjpeg-turbo/jdapistd.c;/src/libjpeg-turbo/jdcoefct.c;/src/libjpeg-turbo/jdcolor.c;/src/libjpeg-turbo/jdmainct.c;/src/libjpeg-turbo/jdmaster.c;/src/libjpeg-turbo/jmemmgr.c;/src/llvm-project/compiler-rt/lib/fuzzer/FuzzerDriver.cpp;/src/llvm-project/compiler-rt/lib/fuzzer/FuzzerLoop.cpp;/src/llvm-project/compiler-rt/lib/fuzzer/FuzzerMain.cpp;/src/llvm-project/compiler-rt/lib/msan/msan_interceptors.cpp,
42490929,graphicsmagick,https://foss.heptapod.net/graphicsmagick/graphicsmagickb2b75f418d414e9dd15cbee293c12e0e7a4e73ef,"f226cbdadb837939da7612845a06c2d0e7456e3a
b2b75f418d414e9dd15cbee293c12e0e7a4e73ef",https://foss.heptapod.net/graphicsmagick/graphicsmagick,-1,,/src/graphicsmagick/Magick++/lib/Image.cpp;/src/graphicsmagick/coders/mpc.c;/src/graphicsmagick/fuzzing/coder_fuzzer.cc;/src/graphicsmagick/magick/blob.c;/src/graphicsmagick/magick/constitute.c;/src/graphicsmagick/magick/image.c;/src/graphicsmagick/magick/memory.c;/src/graphicsmagick/magick/pixel_cache.c;/src/llvm-project/compiler-rt/lib/asan/asan_interceptors_memintrinsics.cpp;/src/llvm-project/compiler-rt/lib/asan/asan_malloc_linux.cpp;/src/llvm-project/compiler-rt/lib/fuzzer/FuzzerDriver.cpp;/src/llvm-project/compiler-rt/lib/fuzzer/FuzzerLoop.cpp;/src/llvm-project/compiler-rt/lib/fuzzer/FuzzerMain.cpp,
42491363,binutils-gdb,https://github.com/bminor/binutils-gdb/commit/de6a7ee4bd18b7812ee5ff9abb62e2889daa501b,de6a7ee4bd18b7812ee5ff9abb62e2889daa501b,git://sourceware.org/git/binutils-gdb.git,1,bfd/archive.c;bfd/format.c;bfd/libbfd.c;bfd/vms-alpha.c,/src/binutils-gdb/bfd/archive.c;/src/binutils-gdb/bfd/format.c;/src/binutils-gdb/bfd/libbfd.c;/src/binutils-gdb/bfd/vms-alpha.c;/src/binutils-gdb/fuzz/fuzz_bfd.c;/src/libfuzzer/afl/afl_driver.cpp;/src/llvm-project/compiler-rt/lib/asan/asan_malloc_linux.cpp,git
42492683,graphicsmagick,https://foss.heptapod.net/graphicsmagick/graphicsmagick417633b22abba77835896b642aafa9cb35136516,"70d333d238c5f6151ed6263735410705ef0577dd
ced6822dd64a019a35cf4d30fc63dec13ab79c8c
417633b22abba77835896b642aafa9cb35136516",https://foss.heptapod.net/graphicsmagick/graphicsmagick,-1,,/src/graphicsmagick/Magick++/lib/Image.cpp;/src/graphicsmagick/coders/cals.c;/src/graphicsmagick/coders/tiff.c;/src/graphicsmagick/fuzzing/coder_fuzzer.cc;/src/graphicsmagick/magick/blob.c;/src/graphicsmagick/magick/constitute.c;/src/libtiff/libtiff/tif_fax3.c;/src/libtiff/libtiff/tif_read.c;/src/llvm-project/compiler-rt/lib/fuzzer/FuzzerDriver.cpp;/src/llvm-project/compiler-rt/lib/fuzzer/FuzzerLoop.cpp;/src/llvm-project/compiler-rt/lib/fuzzer/FuzzerMain.cpp;/src/llvm-project/compiler-rt/lib/msan/msan_interceptors.cpp,
42492814,graphicsmagick,https://foss.heptapod.net/graphicsmagick/graphicsmagick417633b22abba77835896b642aafa9cb35136516,417633b22abba77835896b642aafa9cb35136516,https://foss.heptapod.net/graphicsmagick/graphicsmagick,-1,,/src/graphicsmagick/Magick++/lib/Image.cpp;/src/graphicsmagick/coders/mat.c;/src/graphicsmagick/fuzzing/coder_fuzzer.cc;/src/graphicsmagick/magick/analyze.c;/src/graphicsmagick/magick/blob.c;/src/graphicsmagick/magick/constitute.c;/src/graphicsmagick/magick/import.c;/src/graphicsmagick/magick/shear.c;/src/llvm-project/compiler-rt/lib/fuzzer/FuzzerDriver.cpp;/src/llvm-project/compiler-rt/lib/fuzzer/FuzzerLoop.cpp;/src/llvm-project/compiler-rt/lib/fuzzer/FuzzerMain.cpp;/src/llvm-project/compiler-rt/lib/msan/msan_interceptors.cpp,
42492999,ghostpdl,https://cgit.ghostscript.com/ghostpdl.git7861fcad13c497728189feafb41cd57b5b50ea25,7861fcad13c497728189feafb41cd57b5b50ea25,https://cgit.ghostscript.com/ghostpdl.git,-1,,/src/ghostpdl/./psi/iapi.c;/src/ghostpdl/./psi/imain.c;/src/ghostpdl/./psi/imainarg.c;/src/ghostpdl/./psi/interp.c;/src/ghostpdl/./psi/psapi.c;/src/ghostpdl/./psi/zfsample.c;/src/ghostpdl/fuzz/gstoraster_fuzzer.cc;/src/llvm-project/compiler-rt/lib/fuzzer/FuzzerDriver.cpp;/src/llvm-project/compiler-rt/lib/fuzzer/FuzzerLoop.cpp;/src/llvm-project/compiler-rt/lib/fuzzer/FuzzerMain.cpp,
42494168,freeimage-svn,https://svn.code.sf.net/p/freeimage/svn1895,"1891
1892
1893
1894
1895",https://svn.code.sf.net/p/freeimage/svn,-1,,/src/freeimage-svn/FreeImage/trunk/Source/FreeImage/FreeImageIO.cpp;/src/freeimage-svn/FreeImage/trunk/Source/FreeImage/GetType.cpp;/src/freeimage-svn/FreeImage/trunk/Source/FreeImage/Plugin.cpp;/src/freeimage-svn/FreeImage/trunk/Source/FreeImage/PluginRAW.cpp;/src/freeimage-svn/FreeImage/trunk/Source/LibRawLite/internal/../src/metadata/identify.cpp;/src/freeimage-svn/FreeImage/trunk/Source/LibRawLite/internal/../src/metadata/tiff.cpp;/src/freeimage-svn/FreeImage/trunk/Source/LibRawLite/src/utils/open.cpp;/src/llvm-project/compiler-rt/lib/asan/asan_interceptors_memintrinsics.cpp;/src/llvm-project/compiler-rt/lib/fuzzer/FuzzerDriver.cpp;/src/llvm-project/compiler-rt/lib/fuzzer/FuzzerLoop.cpp;/src/llvm-project/compiler-rt/lib/fuzzer/FuzzerMain.cpp;/src/load_from_memory_fuzzer.cc,
42494383,binutils-gdb,https://github.com/bminor/binutils-gdb/commit/78c84bf926fc263a588c96c7cd313fb9a9988b4b,78c84bf926fc263a588c96c7cd313fb9a9988b4b,git://sourceware.org/git/binutils-gdb.git,1,opcodes/i386-dis.c,/src/aflplusplus/utils/aflpp_driver/aflpp_driver.c;/src/binutils-gdb/fuzz/fuzz_disassemble.c;/src/binutils-gdb/opcodes/i386-dis.c,git
42494719,graphicsmagick,https://foss.heptapod.net/graphicsmagick/graphicsmagicke4d8bf18397d53631cb29172b483b796c1bc625c,e4d8bf18397d53631cb29172b483b796c1bc625c,https://foss.heptapod.net/graphicsmagick/graphicsmagick,-1,,/src/aflplusplus/utils/aflpp_driver/aflpp_driver.c;/src/graphicsmagick/Magick++/lib/Image.cpp;/src/graphicsmagick/coders/msl.c;/src/graphicsmagick/fuzzing/coder_fuzzer.cc;/src/graphicsmagick/magick/blob.c;/src/graphicsmagick/magick/constitute.c;/src/graphicsmagick/magick/image.c;/src/graphicsmagick/magick/memory.c;/src/llvm-project/compiler-rt/lib/asan/asan_malloc_linux.cpp,
42494812,freeimage-svn,https://svn.code.sf.net/p/freeimage/svn1895,"1891
1892
1893
1894
1895",https://svn.code.sf.net/p/freeimage/svn,-1,,/src/aflplusplus/utils/aflpp_driver/aflpp_driver.c;/src/freeimage-svn/FreeImage/trunk/Source/FreeImage/FreeImageIO.cpp;/src/freeimage-svn/FreeImage/trunk/Source/FreeImage/MemoryIO.cpp;/src/freeimage-svn/FreeImage/trunk/Source/FreeImage/Plugin.cpp;/src/freeimage-svn/FreeImage/trunk/Source/FreeImage/PluginBMP.cpp;/src/llvm-project/compiler-rt/lib/asan/asan_interceptors_memintrinsics.cpp;/src/llvm-project/compiler-rt/lib/asan/asan_malloc_linux.cpp;/src/load_from_memory_fuzzer.cc,
42495756,freeimage-svn,https://svn.code.sf.net/p/freeimage/svn1895,"1891
1892
1893
1894
1895",https://svn.code.sf.net/p/freeimage/svn,-1,,/src/freeimage-svn/FreeImage/trunk/Source/FreeImage/FreeImageIO.cpp;/src/freeimage-svn/FreeImage/trunk/Source/FreeImage/GetType.cpp;/src/freeimage-svn/FreeImage/trunk/Source/FreeImage/Plugin.cpp;/src/freeimage-svn/FreeImage/trunk/Source/FreeImage/PluginRAW.cpp;/src/freeimage-svn/FreeImage/trunk/Source/LibRawLite/internal/../src/metadata/exif_gps.cpp;/src/freeimage-svn/FreeImage/trunk/Source/LibRawLite/internal/../src/metadata/identify.cpp;/src/freeimage-svn/FreeImage/trunk/Source/LibRawLite/internal/../src/metadata/tiff.cpp;/src/freeimage-svn/FreeImage/trunk/Source/LibRawLite/internal/../src/utils/read_utils.cpp;/src/freeimage-svn/FreeImage/trunk/Source/LibRawLite/src/utils/open.cpp;/src/llvm-project/compiler-rt/lib/asan/asan_interceptors_memintrinsics.cpp;/src/llvm-project/compiler-rt/lib/fuzzer/FuzzerDriver.cpp;/src/llvm-project/compiler-rt/lib/fuzzer/FuzzerLoop.cpp;/src/llvm-project/compiler-rt/lib/fuzzer/FuzzerMain.cpp;/src/load_from_memory_fuzzer.cc,
42495757,freeimage-svn,https://svn.code.sf.net/p/freeimage/svn1895,"1891
1892
1893
1894
1895",https://svn.code.sf.net/p/freeimage/svn,-1,,/src/freeimage-svn/FreeImage/trunk/Source/FreeImage/FreeImageIO.cpp;/src/freeimage-svn/FreeImage/trunk/Source/FreeImage/GetType.cpp;/src/freeimage-svn/FreeImage/trunk/Source/FreeImage/Plugin.cpp;/src/freeimage-svn/FreeImage/trunk/Source/FreeImage/PluginRAW.cpp;/src/freeimage-svn/FreeImage/trunk/Source/LibRawLite/internal/../src/metadata/identify.cpp;/src/freeimage-svn/FreeImage/trunk/Source/LibRawLite/internal/../src/metadata/misc_parsers.cpp;/src/freeimage-svn/FreeImage/trunk/Source/LibRawLite/internal/../src/metadata/tiff.cpp;/src/freeimage-svn/FreeImage/trunk/Source/LibRawLite/src/utils/open.cpp;/src/llvm-project/compiler-rt/lib/asan/asan_interceptors_memintrinsics.cpp;/src/llvm-project/compiler-rt/lib/fuzzer/FuzzerDriver.cpp;/src/llvm-project/compiler-rt/lib/fuzzer/FuzzerLoop.cpp;/src/llvm-project/compiler-rt/lib/fuzzer/FuzzerMain.cpp;/src/load_from_memory_fuzzer.cc,
42496125,ghostpdl,https://cgit.ghostscript.com/ghostpdl.git20610dc28ee3cf7e64ad46f11e9b96fb3befba00,20610dc28ee3cf7e64ad46f11e9b96fb3befba00,https://cgit.ghostscript.com/ghostpdl.git,-1,,/src/ghostpdl/./base/gdevp14.c;/src/ghostpdl/./base/gsdparam.c;/src/ghostpdl/./base/gstrans.c;/src/ghostpdl/./psi/iapi.c;/src/ghostpdl/./psi/imain.c;/src/ghostpdl/./psi/imainarg.c;/src/ghostpdl/./psi/interp.c;/src/ghostpdl/./psi/psapi.c;/src/ghostpdl/./psi/ztrans.c;/src/gstoraster_fuzzer.cc;/src/llvm-project/compiler-rt/lib/fuzzer/FuzzerDriver.cpp;/src/llvm-project/compiler-rt/lib/fuzzer/FuzzerLoop.cpp;/src/llvm-project/compiler-rt/lib/fuzzer/FuzzerMain.cpp,
42496475,binutils-gdb,https://github.com/bminor/binutils-gdb/commit/c38c6234f2b2425431d28449f609172aa2de549c,c38c6234f2b2425431d28449f609172aa2de549c,git://sourceware.org/git/binutils-gdb.git,1,bfd/format.c;bfd/vms-lib.c,/src/binutils-gdb/bfd/format.c;/src/binutils-gdb/bfd/vms-lib.c;/src/binutils-gdb/fuzz/fuzz_bfd.c;/src/llvm-project/compiler-rt/lib/asan/asan_interceptors_memintrinsics.cpp;/src/llvm-project/compiler-rt/lib/fuzzer/FuzzerDriver.cpp;/src/llvm-project/compiler-rt/lib/fuzzer/FuzzerLoop.cpp;/src/llvm-project/compiler-rt/lib/fuzzer/FuzzerMain.cpp,git
42496755,njs,http://hg.nginx.org/njs7b70ee90ead884dfcdd85a3c0609c4373685f6e4,7b70ee90ead884dfcdd85a3c0609c4373685f6e4,http://hg.nginx.org/njs,-1,,/njs_scope.h;/src/llvm-project/compiler-rt/lib/fuzzer/FuzzerDriver.cpp;/src/llvm-project/compiler-rt/lib/fuzzer/FuzzerLoop.cpp;/src/llvm-project/compiler-rt/lib/fuzzer/FuzzerMain.cpp;/src/njs/src/njs_scope.h;/src/njs/src/njs_shell.c;/src/njs/src/njs_vm.c;/src/njs/src/njs_vmcode.c,
42497376,binutils-gdb,https://github.com/bminor/binutils-gdb/commit/4be1e8dbb3f8da8058ed93dfc222ee6dffb02e60,4be1e8dbb3f8da8058ed93dfc222ee6dffb02e60,git://sourceware.org/git/binutils-gdb.git,1,bfd/archive.c;bfd/elf-attrs.c;bfd/elf.c;bfd/format.c;bfd/libbfd.c,/src/binutils-gdb/bfd/./elfcode.h;/src/binutils-gdb/bfd/archive.c;/src/binutils-gdb/bfd/elf-attrs.c;/src/binutils-gdb/bfd/elf.c;/src/binutils-gdb/bfd/format.c;/src/binutils-gdb/bfd/libbfd.c;/src/binutils-gdb/fuzz/fuzz_bfd.c;/src/llvm-project/compiler-rt/lib/asan/asan_malloc_linux.cpp;/src/llvm-project/compiler-rt/lib/fuzzer/FuzzerDriver.cpp;/src/llvm-project/compiler-rt/lib/fuzzer/FuzzerLoop.cpp;/src/llvm-project/compiler-rt/lib/fuzzer/FuzzerMain.cpp,git
42497916,njs,http://hg.nginx.org/njsa0f5719c8d9a7996cec753d1156091747da30ac4,a0f5719c8d9a7996cec753d1156091747da30ac4,http://hg.nginx.org/njs,-1,,/src/llvm-project/compiler-rt/lib/asan/asan_interceptors_memintrinsics.cpp;/src/llvm-project/compiler-rt/lib/fuzzer/FuzzerDriver.cpp;/src/llvm-project/compiler-rt/lib/fuzzer/FuzzerLoop.cpp;/src/llvm-project/compiler-rt/lib/fuzzer/FuzzerMain.cpp;/src/njs/src/njs_array.c;/src/njs/src/njs_function.c;/src/njs/src/njs_function.h;/src/njs/src/njs_regexp.c;/src/njs/src/njs_shell.c;/src/njs/src/njs_string.c;/src/njs/src/njs_vm.c;/src/njs/src/njs_vmcode.c,
42497943,binutils-gdb,https://github.com/bminor/binutils-gdb/commit/e331b18d42d38fa4542f4c50536717a43546290b,e331b18d42d38fa4542f4c50536717a43546290b,git://sourceware.org/git/binutils-gdb.git,0,,/src/binutils-gdb/binutils/./readelf.h;/src/binutils-gdb/binutils/fuzz_readelf.c;/src/llvm-project/compiler-rt/lib/fuzzer/FuzzerDriver.cpp;/src/llvm-project/compiler-rt/lib/fuzzer/FuzzerLoop.cpp;/src/llvm-project/compiler-rt/lib/fuzzer/FuzzerMain.cpp,git
42499700,httpd,https://svn.apache.org/repos/asf/httpd/httpd/trunk1892012,1892012,https://svn.apache.org/repos/asf/httpd/httpd/trunk,-1,,/src/aflplusplus/utils/aflpp_driver/aflpp_driver.c;/src/fuzz_utils.c;/src/httpd/server/util.c;/src/httpd/srclib/apr/memory/unix/apr_pools.c;/src/llvm-project/compiler-rt/lib/asan/asan_malloc_linux.cpp,
42500429,nginx,http://hg.nginx.org/nginx/01829d1620956241455867fd8ba28ba54eed5aa9,01829d1620956241455867fd8ba28ba54eed5aa9,http://hg.nginx.org/nginx/,-1,,/src/llvm-project/compiler-rt/lib/asan/asan_malloc_linux.cpp;/src/llvm-project/compiler-rt/lib/fuzzer/FuzzerDriver.cpp;/src/llvm-project/compiler-rt/lib/fuzzer/FuzzerMain.cpp;/src/nginx/src/core/ngx_palloc.c;/src/nginx/src/fuzz/http_request_fuzzer.cc;/src/nginx/src/http/modules/ngx_http_proxy_module.c;/src/nginx/src/http/ngx_http_core_module.c;/src/nginx/src/http/ngx_http_request.c;/src/nginx/src/http/ngx_http_request_body.c;/src/nginx/src/http/ngx_http_upstream.c;/src/nginx/src/os/unix/ngx_alloc.c,
42500748,njs,http://hg.nginx.org/njs728c3741f556a30213a302faf68bf683f4ba3c08,728c3741f556a30213a302faf68bf683f4ba3c08,http://hg.nginx.org/njs,-1,,/src/llvm-project/compiler-rt/lib/asan/asan_interceptors_memintrinsics.cpp;/src/llvm-project/compiler-rt/lib/fuzzer/FuzzerDriver.cpp;/src/llvm-project/compiler-rt/lib/fuzzer/FuzzerLoop.cpp;/src/llvm-project/compiler-rt/lib/fuzzer/FuzzerMain.cpp;/src/njs/src/njs_function.c;/src/njs/src/njs_function.h;/src/njs/src/njs_object_prop.c;/src/njs/src/njs_regexp.c;/src/njs/src/njs_shell.c;/src/njs/src/njs_string.c;/src/njs/src/njs_vm.c;/src/njs/src/njs_vmcode.c,
42501349,freeimage-svn,https://svn.code.sf.net/p/freeimage/svn1907,"1906
1907",https://svn.code.sf.net/p/freeimage/svn,-1,,/src/freeimage-svn/FreeImage/trunk/Source/FreeImage/GetType.cpp;/src/freeimage-svn/FreeImage/trunk/Source/FreeImage/Plugin.cpp;/src/freeimage-svn/FreeImage/trunk/Source/FreeImage/PluginRAW.cpp;/src/freeimage-svn/FreeImage/trunk/Source/LibRawLite/internal/../src/metadata/cr3_parser.cpp;/src/freeimage-svn/FreeImage/trunk/Source/LibRawLite/internal/../src/metadata/identify.cpp;/src/freeimage-svn/FreeImage/trunk/Source/LibRawLite/src/utils/open.cpp;/src/llvm-project/compiler-rt/lib/fuzzer/FuzzerDriver.cpp;/src/llvm-project/compiler-rt/lib/fuzzer/FuzzerLoop.cpp;/src/llvm-project/compiler-rt/lib/fuzzer/FuzzerMain.cpp;/src/load_from_memory_fuzzer.cc,
42501561,freeimage-svn,https://svn.code.sf.net/p/freeimage/svn1895,"1891
1892
1893
1894
1895",https://svn.code.sf.net/p/freeimage/svn,-1,,/src/freeimage-svn/FreeImage/trunk/Source/FreeImage/FreeImageIO.cpp;/src/freeimage-svn/FreeImage/trunk/Source/FreeImage/MemoryIO.cpp;/src/freeimage-svn/FreeImage/trunk/Source/FreeImage/Plugin.cpp;/src/freeimage-svn/FreeImage/trunk/Source/FreeImage/PluginBMP.cpp;/src/llvm-project/compiler-rt/lib/asan/asan_interceptors_memintrinsics.cpp;/src/llvm-project/compiler-rt/lib/fuzzer/FuzzerDriver.cpp;/src/llvm-project/compiler-rt/lib/fuzzer/FuzzerMain.cpp;/src/load_from_memory_fuzzer.cc,
42502039,graphicsmagick,https://foss.heptapod.net/graphicsmagick/graphicsmagickb052a71a5db7f76fb028edf4765123324c043316,b052a71a5db7f76fb028edf4765123324c043316,https://foss.heptapod.net/graphicsmagick/graphicsmagick,-1,,/src/graphicsmagick/Magick++/lib/Image.cpp;/src/graphicsmagick/coders/jp2.c;/src/graphicsmagick/fuzzing/coder_fuzzer.cc;/src/graphicsmagick/magick/blob.c;/src/graphicsmagick/magick/constitute.c;/src/jasper/src/libjasper/jpc/jpc_dec.c;/src/jasper/src/libjasper/jpc/jpc_t2cod.c;/src/llvm-project/compiler-rt/lib/fuzzer/FuzzerDriver.cpp;/src/llvm-project/compiler-rt/lib/fuzzer/FuzzerMain.cpp,
42502136,gdbm,https://git.gnu.org.ua/gdbm.git/commit/?id=ca7194987388a825f57fdebd73eb9c491a8749b0,ca7194987388a825f57fdebd73eb9c491a8749b0,https://git.gnu.org.ua/gdbm.git,1,src/gdbmseq.c,/src/aflplusplus/utils/aflpp_driver/aflpp_driver.c;/src/gdbm/fuzz/gdbm_fuzzer.c;/src/gdbm/src/findkey.c;/src/gdbm/src/gdbmseq.c;/src/gdbm/src/gdbmshell.c;/src/llvm-project/compiler-rt/lib/asan/asan_malloc_linux.cpp,git
42503971,freeimage-svn,https://svn.code.sf.net/p/freeimage/svn1895,"1891
1892
1893
1894
1895",https://svn.code.sf.net/p/freeimage/svn,-1,,/src/aflplusplus/utils/aflpp_driver/aflpp_driver.c;/src/freeimage-svn/FreeImage/trunk/Source/FreeImage/FreeImageIO.cpp;/src/freeimage-svn/FreeImage/trunk/Source/FreeImage/GetType.cpp;/src/freeimage-svn/FreeImage/trunk/Source/FreeImage/Plugin.cpp;/src/freeimage-svn/FreeImage/trunk/Source/FreeImage/PluginRAW.cpp;/src/freeimage-svn/FreeImage/trunk/Source/LibRawLite/internal/../src/metadata/identify.cpp;/src/freeimage-svn/FreeImage/trunk/Source/LibRawLite/internal/../src/metadata/misc_parsers.cpp;/src/freeimage-svn/FreeImage/trunk/Source/LibRawLite/internal/../src/utils/read_utils.cpp;/src/freeimage-svn/FreeImage/trunk/Source/LibRawLite/src/utils/open.cpp;/src/llvm-project/compiler-rt/lib/asan/asan_interceptors_memintrinsics.cpp;/src/load_from_memory_fuzzer.cc,
42504017,freeimage-svn,https://svn.code.sf.net/p/freeimage/svn1907,"1906
1907",https://svn.code.sf.net/p/freeimage/svn,-1,,/src/freeimage-svn/FreeImage/trunk/Source/FreeImage/GetType.cpp;/src/freeimage-svn/FreeImage/trunk/Source/FreeImage/Plugin.cpp;/src/freeimage-svn/FreeImage/trunk/Source/FreeImage/PluginRAW.cpp;/src/freeimage-svn/FreeImage/trunk/Source/LibRawLite/internal/../src/metadata/adobepano.cpp;/src/freeimage-svn/FreeImage/trunk/Source/LibRawLite/internal/../src/metadata/identify.cpp;/src/freeimage-svn/FreeImage/trunk/Source/LibRawLite/internal/../src/metadata/tiff.cpp;/src/freeimage-svn/FreeImage/trunk/Source/LibRawLite/internal/../src/utils/utils_dcraw.cpp;/src/freeimage-svn/FreeImage/trunk/Source/LibRawLite/src/utils/open.cpp;/src/llvm-project/compiler-rt/lib/fuzzer/FuzzerDriver.cpp;/src/llvm-project/compiler-rt/lib/fuzzer/FuzzerLoop.cpp;/src/llvm-project/compiler-rt/lib/fuzzer/FuzzerMain.cpp;/src/load_from_memory_fuzzer.cc,
42504520,njs,http://hg.nginx.org/njs7f72930cf1ac021a40c5ce2ceedc23463c48fd5e,"fd40eb687bc7e8b661c6ec5b9484e4f1ea24efc4
a2d200d79c583d205114c9dc796e494bad66a519
315969946708021397e29129535ad835884f148c
a57d9a17f7020012f3d367d2a1d25390a89ed988
7f72930cf1ac021a40c5ce2ceedc23463c48fd5e",http://hg.nginx.org/njs,-1,,/src/llvm/projects/compiler-rt/lib/fuzzer/FuzzerDriver.cpp;/src/llvm/projects/compiler-rt/lib/fuzzer/FuzzerLoop.cpp;/src/llvm/projects/compiler-rt/lib/fuzzer/FuzzerMain.cpp;/src/njs/src/njs_builtin.c;/src/njs/src/njs_pcre.c;/src/njs/src/njs_regexp.c;/src/njs/src/njs_shell.c;/src/njs/src/njs_vm.c,
42505828,ghostpdl,https://cgit.ghostscript.com/ghostpdl.git82b097fe8e76ea92f69ef483f45c0cf491a98d43,82b097fe8e76ea92f69ef483f45c0cf491a98d43,https://cgit.ghostscript.com/ghostpdl.git,-1,,/pdf/pdf_int.c;/src/ghostpdl/./pdf/pdf_int.c;/src/ghostpdl/./pdf/pdf_page.c;/src/ghostpdl/./psi/iapi.c;/src/ghostpdl/./psi/imain.c;/src/ghostpdl/./psi/imainarg.c;/src/ghostpdl/./psi/interp.c;/src/ghostpdl/./psi/psapi.c;/src/ghostpdl/./psi/zpdfops.c;/src/gstoraster_fuzzer.cc;/src/llvm-project/compiler-rt/lib/asan/../sanitizer_common/sanitizer_common_interceptors.inc;/src/llvm-project/compiler-rt/lib/fuzzer/FuzzerDriver.cpp;/src/llvm-project/compiler-rt/lib/fuzzer/FuzzerMain.cpp,
42505830,ghostpdl,https://cgit.ghostscript.com/ghostpdl.git2be8b436910cfc8b013a13df000c3c854cf3c5c5,2be8b436910cfc8b013a13df000c3c854cf3c5c5,https://cgit.ghostscript.com/ghostpdl.git,-1,,/src/ghostpdl/./base/gsmalloc.c;/src/ghostpdl/./base/gsmchunk.c;/src/ghostpdl/./pdf/ghostpdf.c;/src/ghostpdl/./psi/iapi.c;/src/ghostpdl/./psi/imain.c;/src/ghostpdl/./psi/imainarg.c;/src/ghostpdl/./psi/interp.c;/src/ghostpdl/./psi/psapi.c;/src/ghostpdl/./psi/zpdfops.c;/src/gstoraster_fuzzer.cc;/src/llvm-project/compiler-rt/lib/asan/../sanitizer_common/sanitizer_common_interceptors.inc;/src/llvm-project/compiler-rt/lib/asan/asan_malloc_linux.cpp;/src/llvm-project/compiler-rt/lib/fuzzer/FuzzerDriver.cpp;/src/llvm-project/compiler-rt/lib/fuzzer/FuzzerMain.cpp,
42505844,ghostpdl,https://cgit.ghostscript.com/ghostpdl.git115663a52dcaef53c91547907f45cc4ffa385537,115663a52dcaef53c91547907f45cc4ffa385537,https://cgit.ghostscript.com/ghostpdl.git,-1,,/src/ghostpdl/./base/gsalloc.c;/src/ghostpdl/./base/gsmalloc.c;/src/ghostpdl/./base/stream.c;/src/ghostpdl/./pdf/pdf_deref.c;/src/ghostpdl/./pdf/pdf_doc.c;/src/ghostpdl/./pdf/pdf_file.c;/src/ghostpdl/./pdf/pdf_page.c;/src/ghostpdl/./psi/iapi.c;/src/ghostpdl/./psi/imain.c;/src/ghostpdl/./psi/imainarg.c;/src/ghostpdl/./psi/interp.c;/src/ghostpdl/./psi/psapi.c;/src/ghostpdl/./psi/zpdfops.c;/src/gstoraster_fuzzer.cc;/src/llvm-project/compiler-rt/lib/asan/asan_malloc_linux.cpp;/src/llvm-project/compiler-rt/lib/fuzzer/FuzzerDriver.cpp;/src/llvm-project/compiler-rt/lib/fuzzer/FuzzerMain.cpp,
42505847,ghostpdl,https://cgit.ghostscript.com/ghostpdl.git632230836e6a5aa347c037a66f478d752b62242a,632230836e6a5aa347c037a66f478d752b62242a,https://cgit.ghostscript.com/ghostpdl.git,-1,,/src/ghostpdl/./pdf/pdf_deref.c;/src/ghostpdl/./pdf/pdf_doc.c;/src/ghostpdl/./pdf/pdf_page.c;/src/ghostpdl/./pdf/pdf_stack.h;/src/ghostpdl/./psi/iapi.c;/src/ghostpdl/./psi/imain.c;/src/ghostpdl/./psi/imainarg.c;/src/ghostpdl/./psi/interp.c;/src/ghostpdl/./psi/psapi.c;/src/ghostpdl/./psi/zpdfops.c;/src/gstoraster_fuzzer.cc;/src/llvm-project/compiler-rt/lib/fuzzer/FuzzerDriver.cpp;/src/llvm-project/compiler-rt/lib/fuzzer/FuzzerMain.cpp,
42505849,ghostpdl,https://cgit.ghostscript.com/ghostpdl.git7fe54b1dbf221864b25ff55eccf1d624c07bb21d,7fe54b1dbf221864b25ff55eccf1d624c07bb21d,https://cgit.ghostscript.com/ghostpdl.git,-1,,/src/ghostpdl/./pdf/pdf_colour.c;/src/ghostpdl/./pdf/pdf_file.c;/src/ghostpdl/./pdf/pdf_image.c;/src/ghostpdl/./pdf/pdf_int.c;/src/ghostpdl/./pdf/pdf_page.c;/src/ghostpdl/./psi/iapi.c;/src/ghostpdl/./psi/imain.c;/src/ghostpdl/./psi/imainarg.c;/src/ghostpdl/./psi/interp.c;/src/ghostpdl/./psi/psapi.c;/src/ghostpdl/./psi/zpdfops.c;/src/gstoraster_fuzzer.cc;/src/llvm-project/compiler-rt/lib/fuzzer/FuzzerDriver.cpp;/src/llvm-project/compiler-rt/lib/fuzzer/FuzzerMain.cpp,
42505859,ghostpdl,https://cgit.ghostscript.com/ghostpdl.gitd3cd74af319b7b9bc72b6328bdd79fb4ff8082c3,d3cd74af319b7b9bc72b6328bdd79fb4ff8082c3,https://cgit.ghostscript.com/ghostpdl.git,-1,,/src/ghostpdl/./pdf/ghostpdf.c;/src/ghostpdl/./pdf/pdf_xref.c;/src/ghostpdl/./psi/iapi.c;/src/ghostpdl/./psi/imain.c;/src/ghostpdl/./psi/imainarg.c;/src/ghostpdl/./psi/interp.c;/src/ghostpdl/./psi/psapi.c;/src/ghostpdl/./psi/zpdfops.c;/src/gstoraster_fuzzer.cc;/src/llvm-project/compiler-rt/lib/fuzzer/FuzzerDriver.cpp;/src/llvm-project/compiler-rt/lib/fuzzer/FuzzerMain.cpp,
42505863,ghostpdl,https://cgit.ghostscript.com/ghostpdl.git0c4e9f7312637d512fec2b806570bfbea9da1aff,0c4e9f7312637d512fec2b806570bfbea9da1aff,https://cgit.ghostscript.com/ghostpdl.git,-1,,/src/ghostpdl/./pdf/pdf_font.c;/src/ghostpdl/./pdf/pdf_font1C.c;/src/ghostpdl/./pdf/pdf_int.c;/src/ghostpdl/./pdf/pdf_page.c;/src/ghostpdl/./psi/iapi.c;/src/ghostpdl/./psi/imain.c;/src/ghostpdl/./psi/imainarg.c;/src/ghostpdl/./psi/interp.c;/src/ghostpdl/./psi/psapi.c;/src/ghostpdl/./psi/zpdfops.c;/src/gstoraster_fuzzer.cc;/src/llvm-project/compiler-rt/lib/fuzzer/FuzzerDriver.cpp;/src/llvm-project/compiler-rt/lib/fuzzer/FuzzerMain.cpp,
42505891,ghostpdl,https://cgit.ghostscript.com/ghostpdl.git436cb8a1958642e7bc0d3ca4c44288674dcd590c,436cb8a1958642e7bc0d3ca4c44288674dcd590c,https://cgit.ghostscript.com/ghostpdl.git,-1,,/src/ghostpdl/./base/fapi_ft.c;/src/ghostpdl/./base/gsmalloc.c;/src/ghostpdl/./base/gsmchunk.c;/src/ghostpdl/./base/gxfapi.c;/src/ghostpdl/./base/szlibc.c;/src/ghostpdl/./base/write_t2.c;/src/ghostpdl/./pdf/pdf_fapi.c;/src/ghostpdl/./pdf/pdf_font.c;/src/ghostpdl/./pdf/pdf_font1C.c;/src/ghostpdl/./pdf/pdf_int.c;/src/ghostpdl/./pdf/pdf_page.c;/src/ghostpdl/./psi/iapi.c;/src/ghostpdl/./psi/imain.c;/src/ghostpdl/./psi/imainarg.c;/src/ghostpdl/./psi/interp.c;/src/ghostpdl/./psi/psapi.c;/src/ghostpdl/./psi/zpdfops.c;/src/gstoraster_fuzzer.cc;/src/llvm-project/compiler-rt/lib/asan/asan_malloc_linux.cpp;/src/llvm-project/compiler-rt/lib/fuzzer/FuzzerDriver.cpp;/src/llvm-project/compiler-rt/lib/fuzzer/FuzzerMain.cpp,
42505893,ghostpdl,https://cgit.ghostscript.com/ghostpdl.git7fe54b1dbf221864b25ff55eccf1d624c07bb21d,7fe54b1dbf221864b25ff55eccf1d624c07bb21d,https://cgit.ghostscript.com/ghostpdl.git,-1,,/src/ghostpdl/./base/gsmalloc.c;/src/ghostpdl/./base/gsmchunk.c;/src/ghostpdl/./pdf/pdf_colour.c;/src/ghostpdl/./pdf/pdf_file.c;/src/ghostpdl/./pdf/pdf_image.c;/src/ghostpdl/./pdf/pdf_int.c;/src/ghostpdl/./pdf/pdf_page.c;/src/ghostpdl/./pdf/pdf_pattern.c;/src/ghostpdl/./pdf/pdf_shading.c;/src/ghostpdl/./psi/iapi.c;/src/ghostpdl/./psi/imain.c;/src/ghostpdl/./psi/imainarg.c;/src/ghostpdl/./psi/interp.c;/src/ghostpdl/./psi/psapi.c;/src/ghostpdl/./psi/zpdfops.c;/src/gstoraster_fuzzer.cc;/src/llvm-project/compiler-rt/lib/asan/asan_malloc_linux.cpp;/src/llvm-project/compiler-rt/lib/fuzzer/FuzzerDriver.cpp;/src/llvm-project/compiler-rt/lib/fuzzer/FuzzerMain.cpp,
42505894,ghostpdl,https://cgit.ghostscript.com/ghostpdl.git1ae55674f6d68eb6215d7d0f82610f636d81ad3d,1ae55674f6d68eb6215d7d0f82610f636d81ad3d,https://cgit.ghostscript.com/ghostpdl.git,-1,,/src/ghostpdl/./base/gsfont.c;/src/ghostpdl/./base/gsmalloc.c;/src/ghostpdl/./base/gsmchunk.c;/src/ghostpdl/./base/gxccman.c;/src/ghostpdl/./pdf/ghostpdf.c;/src/ghostpdl/./pdf/pdf_font.c;/src/ghostpdl/./pdf/pdf_repair.c;/src/ghostpdl/./pdf/pdf_xref.c;/src/ghostpdl/./psi/iapi.c;/src/ghostpdl/./psi/imain.c;/src/ghostpdl/./psi/imainarg.c;/src/ghostpdl/./psi/interp.c;/src/ghostpdl/./psi/psapi.c;/src/ghostpdl/./psi/zpdfops.c;/src/gstoraster_fuzzer.cc;/src/llvm-project/compiler-rt/lib/asan/asan_malloc_linux.cpp;/src/llvm-project/compiler-rt/lib/fuzzer/FuzzerDriver.cpp;/src/llvm-project/compiler-rt/lib/fuzzer/FuzzerMain.cpp,
42505896,ghostpdl,https://cgit.ghostscript.com/ghostpdl.git632230836e6a5aa347c037a66f478d752b62242a,632230836e6a5aa347c037a66f478d752b62242a,https://cgit.ghostscript.com/ghostpdl.git,-1,,/src/ghostpdl/./base/gsmalloc.c;/src/ghostpdl/./base/gsmchunk.c;/src/ghostpdl/./pdf/ghostpdf.c;/src/ghostpdl/./pdf/pdf_deref.c;/src/ghostpdl/./pdf/pdf_dict.c;/src/ghostpdl/./pdf/pdf_doc.c;/src/ghostpdl/./psi/iapi.c;/src/ghostpdl/./psi/imain.c;/src/ghostpdl/./psi/imainarg.c;/src/ghostpdl/./psi/interp.c;/src/ghostpdl/./psi/psapi.c;/src/ghostpdl/./psi/zpdfops.c;/src/gstoraster_fuzzer.cc;/src/llvm-project/compiler-rt/lib/asan/asan_malloc_linux.cpp;/src/llvm-project/compiler-rt/lib/fuzzer/FuzzerDriver.cpp;/src/llvm-project/compiler-rt/lib/fuzzer/FuzzerMain.cpp,
42505898,ghostpdl,https://cgit.ghostscript.com/ghostpdl.gita7f2474c5aaac7a75a4119478c77d2cafcf45b85,a7f2474c5aaac7a75a4119478c77d2cafcf45b85,https://cgit.ghostscript.com/ghostpdl.git,-1,,/src/ghostpdl/./pdf/pdf_annot.c;/src/ghostpdl/./pdf/pdf_page.c;/src/ghostpdl/./psi/iapi.c;/src/ghostpdl/./psi/imain.c;/src/ghostpdl/./psi/imainarg.c;/src/ghostpdl/./psi/interp.c;/src/ghostpdl/./psi/psapi.c;/src/ghostpdl/./psi/zpdfops.c;/src/gstoraster_fuzzer.cc;/src/llvm-project/compiler-rt/lib/asan/../sanitizer_common/sanitizer_common_interceptors.inc;/src/llvm-project/compiler-rt/lib/fuzzer/FuzzerDriver.cpp;/src/llvm-project/compiler-rt/lib/fuzzer/FuzzerMain.cpp,
42505928,ghostpdl,https://cgit.ghostscript.com/ghostpdl.gitafdf3d0446743ac64fdc438874385c01a00cae7c,afdf3d0446743ac64fdc438874385c01a00cae7c,https://cgit.ghostscript.com/ghostpdl.git,-1,,/src/ghostpdl/./base/fapi_ft.c;/src/ghostpdl/./base/gsinit.c;/src/ghostpdl/./base/gsmalloc.c;/src/ghostpdl/./base/gsmchunk.c;/src/ghostpdl/./base/gxfapi.c;/src/ghostpdl/./pdf/ghostpdf.c;/src/ghostpdl/./pdf/pdf_int.c;/src/ghostpdl/./pdf/pdf_obj.c;/src/ghostpdl/./pdf/pdf_repair.c;/src/ghostpdl/./pdf/pdf_xref.c;/src/ghostpdl/./psi/iapi.c;/src/ghostpdl/./psi/imain.c;/src/ghostpdl/./psi/imainarg.c;/src/ghostpdl/./psi/interp.c;/src/ghostpdl/./psi/psapi.c;/src/ghostpdl/./psi/zpdfops.c;/src/gstoraster_fuzzer.cc;/src/llvm-project/compiler-rt/lib/asan/asan_malloc_linux.cpp;/src/llvm-project/compiler-rt/lib/fuzzer/FuzzerDriver.cpp;/src/llvm-project/compiler-rt/lib/fuzzer/FuzzerMain.cpp,
42506037,ghostpdl,https://cgit.ghostscript.com/ghostpdl.git9191f693bbfe5b70b91cb068d2fb38316aa0cc5e,9191f693bbfe5b70b91cb068d2fb38316aa0cc5e,https://cgit.ghostscript.com/ghostpdl.git,-1,,/src/ghostpdl/./pdf/pdf_image.c;/src/ghostpdl/./pdf/pdf_int.c;/src/ghostpdl/./pdf/pdf_page.c;/src/ghostpdl/./psi/iapi.c;/src/ghostpdl/./psi/imain.c;/src/ghostpdl/./psi/imainarg.c;/src/ghostpdl/./psi/interp.c;/src/ghostpdl/./psi/psapi.c;/src/ghostpdl/./psi/zpdfops.c;/src/gstoraster_fuzzer.cc;/src/llvm-project/compiler-rt/lib/asan/../sanitizer_common/sanitizer_common_interceptors.inc;/src/llvm-project/compiler-rt/lib/fuzzer/FuzzerDriver.cpp;/src/llvm-project/compiler-rt/lib/fuzzer/FuzzerMain.cpp,
42506044,ghostpdl,https://cgit.ghostscript.com/ghostpdl.gitd066f5000d9a959708838c0ee471ffeb84d00bfc,d066f5000d9a959708838c0ee471ffeb84d00bfc,https://cgit.ghostscript.com/ghostpdl.git,-1,,/src/ghostpdl/./pdf/pdf_colour.c;/src/ghostpdl/./pdf/pdf_int.c;/src/ghostpdl/./pdf/pdf_page.c;/src/ghostpdl/./pdf/pdf_shading.c;/src/ghostpdl/./psi/iapi.c;/src/ghostpdl/./psi/imain.c;/src/ghostpdl/./psi/imainarg.c;/src/ghostpdl/./psi/interp.c;/src/ghostpdl/./psi/psapi.c;/src/ghostpdl/./psi/zpdfops.c;/src/gstoraster_fuzzer.cc;/src/llvm-project/compiler-rt/lib/fuzzer/FuzzerDriver.cpp;/src/llvm-project/compiler-rt/lib/fuzzer/FuzzerMain.cpp,
42506064,ghostpdl,https://cgit.ghostscript.com/ghostpdl.gitcb2b78cddfc67fee13b4bec3f16747f2ec611793,cb2b78cddfc67fee13b4bec3f16747f2ec611793,https://cgit.ghostscript.com/ghostpdl.git,-1,,/src/ghostpdl/./base/gsmalloc.c;/src/ghostpdl/./base/gsmchunk.c;/src/ghostpdl/./base/szlibc.c;/src/ghostpdl/./pdf/pdf_cmap.c;/src/ghostpdl/./pdf/pdf_font.c;/src/ghostpdl/./pdf/pdf_font0.c;/src/ghostpdl/./pdf/pdf_fontps.c;/src/ghostpdl/./pdf/pdf_int.c;/src/ghostpdl/./pdf/pdf_page.c;/src/ghostpdl/./psi/iapi.c;/src/ghostpdl/./psi/imain.c;/src/ghostpdl/./psi/imainarg.c;/src/ghostpdl/./psi/interp.c;/src/ghostpdl/./psi/psapi.c;/src/ghostpdl/./psi/zpdfops.c;/src/gstoraster_fuzzer.cc;/src/llvm-project/compiler-rt/lib/asan/../sanitizer_common/sanitizer_common_interceptors.inc;/src/llvm-project/compiler-rt/lib/asan/asan_malloc_linux.cpp;/src/llvm-project/compiler-rt/lib/fuzzer/FuzzerDriver.cpp;/src/llvm-project/compiler-rt/lib/fuzzer/FuzzerMain.cpp,
42506071,ghostpdl,https://cgit.ghostscript.com/ghostpdl.git82d534f8f69fd4939faf4b7f20df5cc2462973d8,82d534f8f69fd4939faf4b7f20df5cc2462973d8,https://cgit.ghostscript.com/ghostpdl.git,-1,,/src/ghostpdl/./base/fapi_ft.c;/src/ghostpdl/./base/gxfapi.c;/src/ghostpdl/./base/write_t2.c;/src/ghostpdl/./pdf/pdf_fapi.c;/src/ghostpdl/./pdf/pdf_font.c;/src/ghostpdl/./pdf/pdf_font0.c;/src/ghostpdl/./pdf/pdf_font1C.c;/src/ghostpdl/./pdf/pdf_int.c;/src/ghostpdl/./pdf/pdf_page.c;/src/ghostpdl/./psi/iapi.c;/src/ghostpdl/./psi/imain.c;/src/ghostpdl/./psi/imainarg.c;/src/ghostpdl/./psi/interp.c;/src/ghostpdl/./psi/psapi.c;/src/ghostpdl/./psi/zpdfops.c;/src/gstoraster_fuzzer.cc;/src/llvm-project/compiler-rt/lib/asan/../sanitizer_common/sanitizer_common_interceptors.inc;/src/llvm-project/compiler-rt/lib/fuzzer/FuzzerDriver.cpp;/src/llvm-project/compiler-rt/lib/fuzzer/FuzzerMain.cpp,
42506075,ghostpdl,https://cgit.ghostscript.com/ghostpdl.git4107288ebb23d418ff5c1a9d40c48a4f00950193,4107288ebb23d418ff5c1a9d40c48a4f00950193,https://cgit.ghostscript.com/ghostpdl.git,-1,,/src/ghostpdl/./base/stream.c;/src/ghostpdl/./pdf/pdf_deref.c;/src/ghostpdl/./pdf/pdf_dict.c;/src/ghostpdl/./pdf/pdf_doc.c;/src/ghostpdl/./pdf/pdf_file.c;/src/ghostpdl/./pdf/pdf_gstate.c;/src/ghostpdl/./pdf/pdf_int.c;/src/ghostpdl/./pdf/pdf_page.c;/src/ghostpdl/./psi/iapi.c;/src/ghostpdl/./psi/imain.c;/src/ghostpdl/./psi/imainarg.c;/src/ghostpdl/./psi/interp.c;/src/ghostpdl/./psi/psapi.c;/src/ghostpdl/./psi/zpdfops.c;/src/gstoraster_fuzzer.cc;/src/llvm-project/compiler-rt/lib/fuzzer/FuzzerDriver.cpp;/src/llvm-project/compiler-rt/lib/fuzzer/FuzzerMain.cpp,
42506153,ghostpdl,https://cgit.ghostscript.com/ghostpdl.gitb0e070917438341e342000928ff35aacba0d95fa,b0e070917438341e342000928ff35aacba0d95fa,https://cgit.ghostscript.com/ghostpdl.git,-1,,/src/ghostpdl/./pdf/pdf_font.c;/src/ghostpdl/./pdf/pdf_font1C.c;/src/ghostpdl/./pdf/pdf_int.c;/src/ghostpdl/./pdf/pdf_page.c;/src/ghostpdl/./psi/iapi.c;/src/ghostpdl/./psi/imain.c;/src/ghostpdl/./psi/imainarg.c;/src/ghostpdl/./psi/interp.c;/src/ghostpdl/./psi/psapi.c;/src/ghostpdl/./psi/zpdfops.c;/src/gstoraster_fuzzer.cc;/src/llvm-project/compiler-rt/lib/fuzzer/FuzzerDriver.cpp;/src/llvm-project/compiler-rt/lib/fuzzer/FuzzerMain.cpp,
42506155,ghostpdl,https://cgit.ghostscript.com/ghostpdl.git4107288ebb23d418ff5c1a9d40c48a4f00950193,4107288ebb23d418ff5c1a9d40c48a4f00950193,https://cgit.ghostscript.com/ghostpdl.git,-1,,/src/ghostpdl/./base/gsmalloc.c;/src/ghostpdl/./base/gsmchunk.c;/src/ghostpdl/./base/sfxcommon.c;/src/ghostpdl/./pdf/pdf_file.c;/src/ghostpdl/./pdf/pdf_font.c;/src/ghostpdl/./pdf/pdf_font1.c;/src/ghostpdl/./pdf/pdf_fontps.c;/src/ghostpdl/./pdf/pdf_image.c;/src/ghostpdl/./pdf/pdf_int.c;/src/ghostpdl/./pdf/pdf_obj.c;/src/ghostpdl/./pdf/pdf_page.c;/src/ghostpdl/./psi/iapi.c;/src/ghostpdl/./psi/imain.c;/src/ghostpdl/./psi/imainarg.c;/src/ghostpdl/./psi/interp.c;/src/ghostpdl/./psi/psapi.c;/src/ghostpdl/./psi/zpdfops.c;/src/gstoraster_fuzzer.cc;/src/llvm-project/compiler-rt/lib/asan/asan_malloc_linux.cpp;/src/llvm-project/compiler-rt/lib/fuzzer/FuzzerDriver.cpp;/src/llvm-project/compiler-rt/lib/fuzzer/FuzzerMain.cpp,
42506214,ghostpdl,https://cgit.ghostscript.com/ghostpdl.git74da5c5f368ea314867b26abfe96b31e6d8e4e8f,74da5c5f368ea314867b26abfe96b31e6d8e4e8f,https://cgit.ghostscript.com/ghostpdl.git,-1,,/pdf/pdf_fontps.c;/src/ghostpdl/./pdf/pdf_font.c;/src/ghostpdl/./pdf/pdf_font1.c;/src/ghostpdl/./pdf/pdf_fontps.c;/src/ghostpdl/./pdf/pdf_int.c;/src/ghostpdl/./pdf/pdf_page.c;/src/ghostpdl/./psi/iapi.c;/src/ghostpdl/./psi/imain.c;/src/ghostpdl/./psi/imainarg.c;/src/ghostpdl/./psi/interp.c;/src/ghostpdl/./psi/psapi.c;/src/ghostpdl/./psi/zpdfops.c;/src/gstoraster_fuzzer.cc;/src/llvm-project/compiler-rt/lib/asan/../sanitizer_common/sanitizer_common_interceptors.inc;/src/llvm-project/compiler-rt/lib/fuzzer/FuzzerDriver.cpp;/src/llvm-project/compiler-rt/lib/fuzzer/FuzzerMain.cpp,
42506217,ghostpdl,https://cgit.ghostscript.com/ghostpdl.gitf6506e9d48c7abf82f711df87383af90b9797969,f6506e9d48c7abf82f711df87383af90b9797969,https://cgit.ghostscript.com/ghostpdl.git,-1,,/src/ghostpdl/./pdf/ghostpdf.c;/src/ghostpdl/./pdf/pdf_deref.c;/src/ghostpdl/./pdf/pdf_dict.c;/src/ghostpdl/./pdf/pdf_doc.c;/src/ghostpdl/./psi/iapi.c;/src/ghostpdl/./psi/imain.c;/src/ghostpdl/./psi/imainarg.c;/src/ghostpdl/./psi/interp.c;/src/ghostpdl/./psi/psapi.c;/src/ghostpdl/./psi/zpdfops.c;/src/gstoraster_fuzzer.cc;/src/llvm-project/compiler-rt/lib/fuzzer/FuzzerDriver.cpp;/src/llvm-project/compiler-rt/lib/fuzzer/FuzzerMain.cpp,
42506236,ghostpdl,https://cgit.ghostscript.com/ghostpdl.git47e220942dfc68de777b91db1c2b3e81d0275e1b,47e220942dfc68de777b91db1c2b3e81d0275e1b,https://cgit.ghostscript.com/ghostpdl.git,-1,,/src/ghostpdl/./base/gsmchunk.c;/src/ghostpdl/./pdf/pdf_cmap.c;/src/ghostpdl/./pdf/pdf_font.c;/src/ghostpdl/./pdf/pdf_fontTT.c;/src/ghostpdl/./pdf/pdf_fontps.c;/src/ghostpdl/./pdf/pdf_int.c;/src/ghostpdl/./pdf/pdf_page.c;/src/ghostpdl/./psi/iapi.c;/src/ghostpdl/./psi/imain.c;/src/ghostpdl/./psi/imainarg.c;/src/ghostpdl/./psi/interp.c;/src/ghostpdl/./psi/psapi.c;/src/ghostpdl/./psi/zpdfops.c;/src/gstoraster_fuzzer.cc;/src/llvm-project/compiler-rt/lib/fuzzer/FuzzerDriver.cpp;/src/llvm-project/compiler-rt/lib/fuzzer/FuzzerMain.cpp,
42506261,ghostpdl,https://cgit.ghostscript.com/ghostpdl.git0f8c0b5742577e31e419e84fbf0bcd42db0c5f41,0f8c0b5742577e31e419e84fbf0bcd42db0c5f41,https://cgit.ghostscript.com/ghostpdl.git,-1,,/src/ghostpdl/./base/fapi_ft.c;/src/ghostpdl/./base/gsfont.c;/src/ghostpdl/./base/gsinit.c;/src/ghostpdl/./base/gsmalloc.c;/src/ghostpdl/./base/gsmchunk.c;/src/ghostpdl/./base/gstext.c;/src/ghostpdl/./base/gxccman.c;/src/ghostpdl/./base/gxchar.c;/src/ghostpdl/./base/gxfapi.c;/src/ghostpdl/./pdf/ghostpdf.c;/src/ghostpdl/./pdf/pdf_fapi.c;/src/ghostpdl/./pdf/pdf_font.c;/src/ghostpdl/./pdf/pdf_int.c;/src/ghostpdl/./pdf/pdf_page.c;/src/ghostpdl/./pdf/pdf_text.c;/src/ghostpdl/./psi/iapi.c;/src/ghostpdl/./psi/imain.c;/src/ghostpdl/./psi/imainarg.c;/src/ghostpdl/./psi/interp.c;/src/ghostpdl/./psi/psapi.c;/src/ghostpdl/./psi/zpdfops.c;/src/gstoraster_fuzzer.cc;/src/llvm-project/compiler-rt/lib/asan/../sanitizer_common/sanitizer_common_interceptors.inc;/src/llvm-project/compiler-rt/lib/asan/asan_malloc_linux.cpp;/src/llvm-project/compiler-rt/lib/fuzzer/FuzzerDriver.cpp;/src/llvm-project/compiler-rt/lib/fuzzer/FuzzerMain.cpp,
42506295,ghostpdl,https://cgit.ghostscript.com/ghostpdl.git3ce8214d8fc77be42eb6ad618c972113d4cb0d24,3ce8214d8fc77be42eb6ad618c972113d4cb0d24,https://cgit.ghostscript.com/ghostpdl.git,-1,,/src/ghostpdl/./pdf/pdf_deref.c;/src/ghostpdl/./pdf/pdf_dict.c;/src/ghostpdl/./pdf/pdf_page.c;/src/ghostpdl/./psi/iapi.c;/src/ghostpdl/./psi/imain.c;/src/ghostpdl/./psi/imainarg.c;/src/ghostpdl/./psi/interp.c;/src/ghostpdl/./psi/psapi.c;/src/ghostpdl/./psi/zpdfops.c;/src/gstoraster_fuzzer.cc;/src/llvm-project/compiler-rt/lib/fuzzer/FuzzerDriver.cpp;/src/llvm-project/compiler-rt/lib/fuzzer/FuzzerMain.cpp,
42506350,ghostpdl,https://cgit.ghostscript.com/ghostpdl.git7f5d467726db47da4102a6d6f1d49e63d3c0b77f,7f5d467726db47da4102a6d6f1d49e63d3c0b77f,https://cgit.ghostscript.com/ghostpdl.git,-1,,/src/ghostpdl/./pdf/pdf_cmap.c;/src/ghostpdl/./pdf/pdf_font.c;/src/ghostpdl/./pdf/pdf_font0.c;/src/ghostpdl/./pdf/pdf_int.c;/src/ghostpdl/./pdf/pdf_page.c;/src/ghostpdl/./psi/iapi.c;/src/ghostpdl/./psi/imain.c;/src/ghostpdl/./psi/imainarg.c;/src/ghostpdl/./psi/interp.c;/src/ghostpdl/./psi/psapi.c;/src/ghostpdl/./psi/zpdfops.c;/src/gstoraster_fuzzer.cc;/src/llvm-project/compiler-rt/lib/asan/asan_interceptors.cpp;/src/llvm-project/compiler-rt/lib/fuzzer/FuzzerDriver.cpp;/src/llvm-project/compiler-rt/lib/fuzzer/FuzzerMain.cpp,
42506402,ghostpdl,https://cgit.ghostscript.com/ghostpdl.gitefd5f9a71af7bd5ab3816ba49edc8c3f7c370bae,efd5f9a71af7bd5ab3816ba49edc8c3f7c370bae,https://cgit.ghostscript.com/ghostpdl.git,-1,,/src/ghostpdl/./pdf/pdf_annot.c;/src/ghostpdl/./pdf/pdf_page.c;/src/ghostpdl/./psi/iapi.c;/src/ghostpdl/./psi/imain.c;/src/ghostpdl/./psi/imainarg.c;/src/ghostpdl/./psi/interp.c;/src/ghostpdl/./psi/psapi.c;/src/ghostpdl/./psi/zpdfops.c;/src/gstoraster_fuzzer.cc;/src/llvm-project/compiler-rt/lib/asan/../sanitizer_common/sanitizer_common_interceptors.inc;/src/llvm-project/compiler-rt/lib/fuzzer/FuzzerDriver.cpp;/src/llvm-project/compiler-rt/lib/fuzzer/FuzzerMain.cpp,
42506416,ghostpdl,https://cgit.ghostscript.com/ghostpdl.git07cfc24d532beadf23d50effa3b8a0bca45b849d,07cfc24d532beadf23d50effa3b8a0bca45b849d,https://cgit.ghostscript.com/ghostpdl.git,-1,,/src/ghostpdl/./base/gdevprn.c;/src/ghostpdl/./base/gsdevice.c;/src/ghostpdl/./base/gxclrast.c;/src/ghostpdl/./base/gxclread.c;/src/ghostpdl/./base/gxstroke.c;/src/ghostpdl/./cups/gdevcups.c;/src/ghostpdl/./psi/iapi.c;/src/ghostpdl/./psi/imain.c;/src/ghostpdl/./psi/imainarg.c;/src/ghostpdl/./psi/interp.c;/src/ghostpdl/./psi/psapi.c;/src/ghostpdl/./psi/zdevice.c;/src/gstoraster_fuzzer.cc;/src/llvm-project/compiler-rt/lib/fuzzer/FuzzerDriver.cpp;/src/llvm-project/compiler-rt/lib/fuzzer/FuzzerMain.cpp,
42506436,graphicsmagick,https://foss.heptapod.net/graphicsmagick/graphicsmagick8e2851bfe8c1a9186588a3f54dff0bcefcfd8387,8e2851bfe8c1a9186588a3f54dff0bcefcfd8387,https://foss.heptapod.net/graphicsmagick/graphicsmagick,-1,,/src/graphicsmagick/Magick++/lib/Image.cpp;/src/graphicsmagick/coders/mat.c;/src/graphicsmagick/fuzzing/coder_fuzzer.cc;/src/graphicsmagick/magick/blob.c;/src/graphicsmagick/magick/constitute.c;/src/llvm-project/compiler-rt/lib/fuzzer/FuzzerDriver.cpp;/src/llvm-project/compiler-rt/lib/fuzzer/FuzzerMain.cpp;/src/llvm-project/compiler-rt/lib/msan/msan_interceptors.cpp,
42506527,ghostpdl,https://cgit.ghostscript.com/ghostpdl.git067d47b5efa3631ac58a62916136ad21cd9017df,067d47b5efa3631ac58a62916136ad21cd9017df,https://cgit.ghostscript.com/ghostpdl.git,-1,,/src/ghostpdl/./base/gsfont.c;/src/ghostpdl/./base/gsmalloc.c;/src/ghostpdl/./base/gsmchunk.c;/src/ghostpdl/./base/gxccman.c;/src/ghostpdl/./base/seexec.c;/src/ghostpdl/./base/sstring.c;/src/ghostpdl/./base/stream.c;/src/ghostpdl/./pdf/ghostpdf.c;/src/ghostpdl/./pdf/pdf_font.c;/src/ghostpdl/./pdf/pdf_font1.c;/src/ghostpdl/./pdf/pdf_fontps.c;/src/ghostpdl/./pdf/pdf_int.c;/src/ghostpdl/./pdf/pdf_page.c;/src/ghostpdl/./psi/iapi.c;/src/ghostpdl/./psi/imain.c;/src/ghostpdl/./psi/imainarg.c;/src/ghostpdl/./psi/interp.c;/src/ghostpdl/./psi/psapi.c;/src/ghostpdl/./psi/zpdfops.c;/src/gstoraster_fuzzer.cc;/src/llvm-project/compiler-rt/lib/asan/asan_malloc_linux.cpp;/src/llvm-project/compiler-rt/lib/fuzzer/FuzzerDriver.cpp;/src/llvm-project/compiler-rt/lib/fuzzer/FuzzerMain.cpp,
42506540,ghostpdl,https://cgit.ghostscript.com/ghostpdl.gitcb1fec72cee2eab9cdda54dabe1db173c7a3ad9e,cb1fec72cee2eab9cdda54dabe1db173c7a3ad9e,https://cgit.ghostscript.com/ghostpdl.git,-1,,/src/ghostpdl/./base/gstext.c;/src/ghostpdl/./base/gxchar.c;/src/ghostpdl/./base/gxfapi.c;/src/ghostpdl/./pdf/pdf_fapi.c;/src/ghostpdl/./pdf/pdf_int.c;/src/ghostpdl/./pdf/pdf_page.c;/src/ghostpdl/./pdf/pdf_text.c;/src/ghostpdl/./psi/iapi.c;/src/ghostpdl/./psi/imain.c;/src/ghostpdl/./psi/imainarg.c;/src/ghostpdl/./psi/iname.c;/src/ghostpdl/./psi/interp.c;/src/ghostpdl/./psi/psapi.c;/src/ghostpdl/./psi/zbfont.c;/src/ghostpdl/./psi/zpdfops.c;/src/gstoraster_fuzzer.cc;/src/llvm-project/compiler-rt/lib/fuzzer/FuzzerDriver.cpp;/src/llvm-project/compiler-rt/lib/fuzzer/FuzzerMain.cpp,
42506541,ghostpdl,https://cgit.ghostscript.com/ghostpdl.gitfabad29820734af831cf4f2ae6c4beb4179d4733,fabad29820734af831cf4f2ae6c4beb4179d4733,https://cgit.ghostscript.com/ghostpdl.git,-1,,/src/ghostpdl/./pdf/pdf_int.c;/src/ghostpdl/./pdf/pdf_optcontent.c;/src/ghostpdl/./pdf/pdf_page.c;/src/ghostpdl/./psi/iapi.c;/src/ghostpdl/./psi/imain.c;/src/ghostpdl/./psi/imainarg.c;/src/ghostpdl/./psi/interp.c;/src/ghostpdl/./psi/psapi.c;/src/ghostpdl/./psi/zpdfops.c;/src/gstoraster_fuzzer.cc;/src/llvm-project/compiler-rt/lib/asan/../sanitizer_common/sanitizer_common_interceptors.inc;/src/llvm-project/compiler-rt/lib/fuzzer/FuzzerDriver.cpp;/src/llvm-project/compiler-rt/lib/fuzzer/FuzzerMain.cpp,
42506551,ghostpdl,https://cgit.ghostscript.com/ghostpdl.git2c954310adc5753565a30dfe1b080f6a97ed4b4c,2c954310adc5753565a30dfe1b080f6a97ed4b4c,https://cgit.ghostscript.com/ghostpdl.git,-1,,/src/ghostpdl/./base/gsmchunk.c;/src/ghostpdl/./pdf/pdf_cmap.c;/src/ghostpdl/./pdf/pdf_font.c;/src/ghostpdl/./pdf/pdf_font0.c;/src/ghostpdl/./pdf/pdf_fontps.c;/src/ghostpdl/./pdf/pdf_int.c;/src/ghostpdl/./pdf/pdf_page.c;/src/ghostpdl/./psi/iapi.c;/src/ghostpdl/./psi/imain.c;/src/ghostpdl/./psi/imainarg.c;/src/ghostpdl/./psi/interp.c;/src/ghostpdl/./psi/psapi.c;/src/ghostpdl/./psi/zpdfops.c;/src/gstoraster_fuzzer.cc;/src/llvm-project/compiler-rt/lib/fuzzer/FuzzerDriver.cpp;/src/llvm-project/compiler-rt/lib/fuzzer/FuzzerMain.cpp,
42506562,ghostpdl,https://cgit.ghostscript.com/ghostpdl.gitb0855fa22cd6ba447482ee2ae1c5e091428c4bc0,b0855fa22cd6ba447482ee2ae1c5e091428c4bc0,https://cgit.ghostscript.com/ghostpdl.git,-1,,/src/ghostpdl/./pdf/ghostpdf.c;/src/ghostpdl/./pdf/pdf_xref.c;/src/ghostpdl/./psi/iapi.c;/src/ghostpdl/./psi/imain.c;/src/ghostpdl/./psi/imainarg.c;/src/ghostpdl/./psi/interp.c;/src/ghostpdl/./psi/psapi.c;/src/ghostpdl/./psi/zpdfops.c;/src/gstoraster_fuzzer.cc;/src/llvm-project/compiler-rt/lib/fuzzer/FuzzerDriver.cpp;/src/llvm-project/compiler-rt/lib/fuzzer/FuzzerMain.cpp,
42506595,ghostpdl,https://cgit.ghostscript.com/ghostpdl.gitc7cd63be10c23c712921d9ad7359ddbe5d282e44,c7cd63be10c23c712921d9ad7359ddbe5d282e44,https://cgit.ghostscript.com/ghostpdl.git,-1,,/base/gsmemory.c;/src/ghostpdl/./pdf/pdf_check.c;/src/ghostpdl/./pdf/pdf_deref.c;/src/ghostpdl/./pdf/pdf_dict.c;/src/ghostpdl/./pdf/pdf_page.c;/src/ghostpdl/./psi/iapi.c;/src/ghostpdl/./psi/imain.c;/src/ghostpdl/./psi/imainarg.c;/src/ghostpdl/./psi/interp.c;/src/ghostpdl/./psi/psapi.c;/src/ghostpdl/./psi/zpdfops.c;/src/gstoraster_fuzzer.cc;/src/llvm-project/compiler-rt/lib/fuzzer/FuzzerDriver.cpp;/src/llvm-project/compiler-rt/lib/fuzzer/FuzzerMain.cpp,
42506621,ghostpdl,https://cgit.ghostscript.com/ghostpdl.gitb0855fa22cd6ba447482ee2ae1c5e091428c4bc0,b0855fa22cd6ba447482ee2ae1c5e091428c4bc0,https://cgit.ghostscript.com/ghostpdl.git,-1,,/src/ghostpdl/./pdf/ghostpdf.c;/src/ghostpdl/./pdf/pdf_obj.c;/src/ghostpdl/./pdf/pdf_stack.h;/src/ghostpdl/./psi/iapi.c;/src/ghostpdl/./psi/imain.c;/src/ghostpdl/./psi/imainarg.c;/src/ghostpdl/./psi/interp.c;/src/ghostpdl/./psi/psapi.c;/src/ghostpdl/./psi/zpdfops.c;/src/gstoraster_fuzzer.cc;/src/llvm-project/compiler-rt/lib/fuzzer/FuzzerDriver.cpp;/src/llvm-project/compiler-rt/lib/fuzzer/FuzzerMain.cpp,
42506640,ghostpdl,https://cgit.ghostscript.com/ghostpdl.git4affbf8fe0e5982058c498a33689cc5182eab0ed,4affbf8fe0e5982058c498a33689cc5182eab0ed,https://cgit.ghostscript.com/ghostpdl.git,-1,,/src/ghostpdl/./base/gsfont.c;/src/ghostpdl/./base/gsmchunk.c;/src/ghostpdl/./pdf/ghostpdf.c;/src/ghostpdl/./psi/iapi.c;/src/ghostpdl/./psi/imain.c;/src/ghostpdl/./psi/imainarg.c;/src/ghostpdl/./psi/interp.c;/src/ghostpdl/./psi/psapi.c;/src/ghostpdl/./psi/zpdfops.c;/src/gstoraster_fuzzer.cc;/src/llvm-project/compiler-rt/lib/fuzzer/FuzzerDriver.cpp;/src/llvm-project/compiler-rt/lib/fuzzer/FuzzerMain.cpp,
42506649,ghostpdl,https://cgit.ghostscript.com/ghostpdl.git20face1eeb418935307731d4e2e4bada028c7ba7,20face1eeb418935307731d4e2e4bada028c7ba7,https://cgit.ghostscript.com/ghostpdl.git,-1,,/src/ghostpdl/./pdf/pdf_array.c;/src/ghostpdl/./pdf/pdf_colour.c;/src/ghostpdl/./pdf/pdf_int.c;/src/ghostpdl/./pdf/pdf_page.c;/src/ghostpdl/./psi/iapi.c;/src/ghostpdl/./psi/imain.c;/src/ghostpdl/./psi/imainarg.c;/src/ghostpdl/./psi/interp.c;/src/ghostpdl/./psi/psapi.c;/src/ghostpdl/./psi/zpdfops.c;/src/gstoraster_fuzzer.cc;/src/llvm-project/compiler-rt/lib/fuzzer/FuzzerDriver.cpp;/src/llvm-project/compiler-rt/lib/fuzzer/FuzzerMain.cpp,
42506658,ghostpdl,https://cgit.ghostscript.com/ghostpdl.git321a00bd85a497c0b2424b906eb9e9d309e31321,321a00bd85a497c0b2424b906eb9e9d309e31321,https://cgit.ghostscript.com/ghostpdl.git,-1,,/src/ghostpdl/./base/gsfunc3.c;/src/ghostpdl/./base/gstrans.c;/src/ghostpdl/./pdf/pdf_image.c;/src/ghostpdl/./pdf/pdf_int.c;/src/ghostpdl/./pdf/pdf_page.c;/src/ghostpdl/./pdf/pdf_trans.c;/src/ghostpdl/./psi/iapi.c;/src/ghostpdl/./psi/imain.c;/src/ghostpdl/./psi/imainarg.c;/src/ghostpdl/./psi/interp.c;/src/ghostpdl/./psi/psapi.c;/src/ghostpdl/./psi/zpdfops.c;/src/gstoraster_fuzzer.cc;/src/llvm-project/compiler-rt/lib/fuzzer/FuzzerDriver.cpp;/src/llvm-project/compiler-rt/lib/fuzzer/FuzzerMain.cpp,
42506694,ghostpdl,https://cgit.ghostscript.com/ghostpdl.gitb0855fa22cd6ba447482ee2ae1c5e091428c4bc0,b0855fa22cd6ba447482ee2ae1c5e091428c4bc0,https://cgit.ghostscript.com/ghostpdl.git,-1,,/src/ghostpdl/./base/gsmalloc.c;/src/ghostpdl/./base/gsmchunk.c;/src/ghostpdl/./pdf/ghostpdf.c;/src/ghostpdl/./pdf/pdf_xref.c;/src/ghostpdl/./psi/iapi.c;/src/ghostpdl/./psi/imain.c;/src/ghostpdl/./psi/imainarg.c;/src/ghostpdl/./psi/interp.c;/src/ghostpdl/./psi/psapi.c;/src/ghostpdl/./psi/zpdfops.c;/src/gstoraster_fuzzer.cc;/src/llvm-project/compiler-rt/lib/asan/asan_malloc_linux.cpp;/src/llvm-project/compiler-rt/lib/fuzzer/FuzzerDriver.cpp;/src/llvm-project/compiler-rt/lib/fuzzer/FuzzerMain.cpp,
42506748,ghostpdl,https://cgit.ghostscript.com/ghostpdl.git067d47b5efa3631ac58a62916136ad21cd9017df,067d47b5efa3631ac58a62916136ad21cd9017df,https://cgit.ghostscript.com/ghostpdl.git,-1,,/src/ghostpdl/./pdf/pdf_colour.c;/src/ghostpdl/./pdf/pdf_int.c;/src/ghostpdl/./pdf/pdf_obj.c;/src/ghostpdl/./pdf/pdf_page.c;/src/ghostpdl/./pdf/pdf_stack.h;/src/ghostpdl/./psi/iapi.c;/src/ghostpdl/./psi/imain.c;/src/ghostpdl/./psi/imainarg.c;/src/ghostpdl/./psi/interp.c;/src/ghostpdl/./psi/psapi.c;/src/ghostpdl/./psi/zpdfops.c;/src/gstoraster_fuzzer.cc;/src/llvm-project/compiler-rt/lib/fuzzer/FuzzerDriver.cpp;/src/llvm-project/compiler-rt/lib/fuzzer/FuzzerMain.cpp,
42506817,ghostpdl,https://cgit.ghostscript.com/ghostpdl.gitf7dc952613f4e614fae5fe859a5b6a90e3e17bf7,f7dc952613f4e614fae5fe859a5b6a90e3e17bf7,https://cgit.ghostscript.com/ghostpdl.git,-1,,/src/ghostpdl/./base/gsfont.c;/src/ghostpdl/./base/gsmalloc.c;/src/ghostpdl/./base/gsmchunk.c;/src/ghostpdl/./base/gxccman.c;/src/ghostpdl/./pdf/ghostpdf.c;/src/ghostpdl/./pdf/pdf_cmap.c;/src/ghostpdl/./pdf/pdf_font.c;/src/ghostpdl/./pdf/pdf_font0.c;/src/ghostpdl/./pdf/pdf_fontps.c;/src/ghostpdl/./pdf/pdf_int.c;/src/ghostpdl/./pdf/pdf_page.c;/src/ghostpdl/./psi/iapi.c;/src/ghostpdl/./psi/imain.c;/src/ghostpdl/./psi/imainarg.c;/src/ghostpdl/./psi/interp.c;/src/ghostpdl/./psi/psapi.c;/src/ghostpdl/./psi/zpdfops.c;/src/gstoraster_fuzzer.cc;/src/llvm-project/compiler-rt/lib/asan/../sanitizer_common/sanitizer_common_interceptors.inc;/src/llvm-project/compiler-rt/lib/asan/asan_malloc_linux.cpp;/src/llvm-project/compiler-rt/lib/fuzzer/FuzzerDriver.cpp;/src/llvm-project/compiler-rt/lib/fuzzer/FuzzerMain.cpp,
42506927,ghostpdl,https://cgit.ghostscript.com/ghostpdl.git8bd3f7dba33341b622b60e13446a9cc101447e76,8bd3f7dba33341b622b60e13446a9cc101447e76,https://cgit.ghostscript.com/ghostpdl.git,-1,,/src/ghostpdl/./pdf/ghostpdf.c;/src/ghostpdl/./pdf/pdf_array.c;/src/ghostpdl/./pdf/pdf_dict.c;/src/ghostpdl/./pdf/pdf_font.c;/src/ghostpdl/./pdf/pdf_font1.c;/src/ghostpdl/./pdf/pdf_obj.c;/src/ghostpdl/./pdf/pdf_stack.h;/src/ghostpdl/./psi/iapi.c;/src/ghostpdl/./psi/imain.c;/src/ghostpdl/./psi/imainarg.c;/src/ghostpdl/./psi/interp.c;/src/ghostpdl/./psi/psapi.c;/src/ghostpdl/./psi/zpdfops.c;/src/gstoraster_fuzzer.cc;/src/llvm-project/compiler-rt/lib/fuzzer/FuzzerDriver.cpp;/src/llvm-project/compiler-rt/lib/fuzzer/FuzzerMain.cpp,
42506941,ghostpdl,https://cgit.ghostscript.com/ghostpdl.git3f5a2b75b2914b41ee600ab6226f1b4061bf267e,3f5a2b75b2914b41ee600ab6226f1b4061bf267e,https://cgit.ghostscript.com/ghostpdl.git,-1,,/src/ghostpdl/./base/gsmalloc.c;/src/ghostpdl/./base/gsmchunk.c;/src/ghostpdl/./pdf/ghostpdf.c;/src/ghostpdl/./pdf/pdf_check.c;/src/ghostpdl/./pdf/pdf_deref.c;/src/ghostpdl/./pdf/pdf_dict.c;/src/ghostpdl/./pdf/pdf_page.c;/src/ghostpdl/./pdf/pdf_repair.c;/src/ghostpdl/./pdf/pdf_xref.c;/src/ghostpdl/./psi/iapi.c;/src/ghostpdl/./psi/imain.c;/src/ghostpdl/./psi/imainarg.c;/src/ghostpdl/./psi/interp.c;/src/ghostpdl/./psi/psapi.c;/src/ghostpdl/./psi/zpdfops.c;/src/gstoraster_fuzzer.cc;/src/llvm-project/compiler-rt/lib/asan/asan_malloc_linux.cpp;/src/llvm-project/compiler-rt/lib/fuzzer/FuzzerDriver.cpp;/src/llvm-project/compiler-rt/lib/fuzzer/FuzzerMain.cpp,
42507037,ghostpdl,https://cgit.ghostscript.com/ghostpdl.gitf76cc1beb49646169f33437c522df8a14f70633d,f76cc1beb49646169f33437c522df8a14f70633d,https://cgit.ghostscript.com/ghostpdl.git,-1,,/src/ghostpdl/./base/gscolor2.c;/src/ghostpdl/./base/gspcolor.c;/src/ghostpdl/./pdf/pdf_colour.c;/src/ghostpdl/./pdf/pdf_int.c;/src/ghostpdl/./pdf/pdf_page.c;/src/ghostpdl/./psi/iapi.c;/src/ghostpdl/./psi/imain.c;/src/ghostpdl/./psi/imainarg.c;/src/ghostpdl/./psi/interp.c;/src/ghostpdl/./psi/psapi.c;/src/ghostpdl/./psi/zpdfops.c;/src/gstoraster_fuzzer.cc;/src/llvm-project/compiler-rt/lib/fuzzer/FuzzerDriver.cpp;/src/llvm-project/compiler-rt/lib/fuzzer/FuzzerMain.cpp,
42507188,graphicsmagick,https://foss.heptapod.net/graphicsmagick/graphicsmagick5e47c783eb86694dfa00429181220cc688f75e74,5e47c783eb86694dfa00429181220cc688f75e74,https://foss.heptapod.net/graphicsmagick/graphicsmagick,-1,,/src/graphicsmagick/Magick++/lib/Image.cpp;/src/graphicsmagick/coders/pnm.c;/src/graphicsmagick/fuzzing/coder_fuzzer.cc;/src/graphicsmagick/magick/blob.c;/src/graphicsmagick/magick/colorspace.c;/src/graphicsmagick/magick/constitute.c;/src/graphicsmagick/magick/image.c;/src/graphicsmagick/magick/memory.c;/src/graphicsmagick/magick/pixel_cache.c;/src/graphicsmagick/magick/pixel_iterator.c;/src/llvm-project/compiler-rt/lib/fuzzer/FuzzerDriver.cpp;/src/llvm-project/compiler-rt/lib/fuzzer/FuzzerMain.cpp;/src/llvm-project/compiler-rt/lib/msan/msan_interceptors.cpp,
42507212,graphicsmagick,https://foss.heptapod.net/graphicsmagick/graphicsmagick241c653c42ad1f21a8904806e099b3b038c9bc84,241c653c42ad1f21a8904806e099b3b038c9bc84,https://foss.heptapod.net/graphicsmagick/graphicsmagick,-1,,/src/graphicsmagick/Magick++/lib/Image.cpp;/src/graphicsmagick/coders/pict.c;/src/graphicsmagick/fuzzing/coder_fuzzer.cc;/src/graphicsmagick/magick/blob.c;/src/graphicsmagick/magick/constitute.c;/src/graphicsmagick/magick/memory.c;/src/llvm-project/compiler-rt/lib/asan/asan_interceptors_memintrinsics.cpp;/src/llvm-project/compiler-rt/lib/asan/asan_malloc_linux.cpp;/src/llvm-project/compiler-rt/lib/fuzzer/FuzzerDriver.cpp;/src/llvm-project/compiler-rt/lib/fuzzer/FuzzerLoop.cpp;/src/llvm-project/compiler-rt/lib/fuzzer/FuzzerMain.cpp,
42507308,ghostpdl,https://cgit.ghostscript.com/ghostpdl.git3536cb075b8d7a3cd2bbe62e8ef879f56be60700,3536cb075b8d7a3cd2bbe62e8ef879f56be60700,https://cgit.ghostscript.com/ghostpdl.git,-1,,/src/ghostpdl/./pdf/pdf_font.c;/src/ghostpdl/./pdf/pdf_font0.c;/src/ghostpdl/./pdf/pdf_font1C.c;/src/ghostpdl/./pdf/pdf_int.c;/src/ghostpdl/./pdf/pdf_page.c;/src/ghostpdl/./psi/iapi.c;/src/ghostpdl/./psi/imain.c;/src/ghostpdl/./psi/imainarg.c;/src/ghostpdl/./psi/interp.c;/src/ghostpdl/./psi/psapi.c;/src/ghostpdl/./psi/zpdfops.c;/src/gstoraster_fuzzer.cc;/src/llvm-project/compiler-rt/lib/fuzzer/FuzzerDriver.cpp;/src/llvm-project/compiler-rt/lib/fuzzer/FuzzerMain.cpp,
42507334,ghostpdl,https://cgit.ghostscript.com/ghostpdl.gitfd267e86e80929b9b82d8741552250a121d4f8c9,fd267e86e80929b9b82d8741552250a121d4f8c9,https://cgit.ghostscript.com/ghostpdl.git,-1,,/src/ghostpdl/./base/gdevdbit.c;/src/ghostpdl/./base/gdevm1.c;/src/ghostpdl/./base/gdevm4.c;/src/ghostpdl/./base/gdevprn.c;/src/ghostpdl/./base/gsalloc.c;/src/ghostpdl/./base/gsdevice.c;/src/ghostpdl/./base/gsmalloc.c;/src/ghostpdl/./base/gxclip2.c;/src/ghostpdl/./base/gxclrast.c;/src/ghostpdl/./base/gxclread.c;/src/ghostpdl/./base/gxdcolor.c;/src/ghostpdl/./base/gximask.c;/src/ghostpdl/./base/gxp1fill.c;/src/ghostpdl/./cups/gdevcups.c;/src/ghostpdl/./psi/ialloc.c;/src/ghostpdl/./psi/iapi.c;/src/ghostpdl/./psi/imain.c;/src/ghostpdl/./psi/imainarg.c;/src/ghostpdl/./psi/interp.c;/src/ghostpdl/./psi/iscan.c;/src/ghostpdl/./psi/psapi.c;/src/ghostpdl/./psi/zdevice.c;/src/ghostpdl/./psi/zpacked.c;/src/gstoraster_fuzzer.cc;/src/llvm-project/compiler-rt/lib/asan/asan_malloc_linux.cpp;/src/llvm-project/compiler-rt/lib/fuzzer/FuzzerDriver.cpp;/src/llvm-project/compiler-rt/lib/fuzzer/FuzzerMain.cpp,
42507399,ghostpdl,https://cgit.ghostscript.com/ghostpdl.gite5187d467a4560cbd0b74a682fc3e71cb64edcc0,e5187d467a4560cbd0b74a682fc3e71cb64edcc0,https://cgit.ghostscript.com/ghostpdl.git,-1,,/src/ghostpdl/./base/gsmchunk.c;/src/ghostpdl/./pdf/pdf_cmap.c;/src/ghostpdl/./pdf/pdf_font.c;/src/ghostpdl/./pdf/pdf_font0.c;/src/ghostpdl/./pdf/pdf_fontps.c;/src/ghostpdl/./pdf/pdf_int.c;/src/ghostpdl/./pdf/pdf_page.c;/src/ghostpdl/./psi/iapi.c;/src/ghostpdl/./psi/imain.c;/src/ghostpdl/./psi/imainarg.c;/src/ghostpdl/./psi/interp.c;/src/ghostpdl/./psi/psapi.c;/src/ghostpdl/./psi/zpdfops.c;/src/gstoraster_fuzzer.cc;/src/llvm-project/compiler-rt/lib/fuzzer/FuzzerDriver.cpp;/src/llvm-project/compiler-rt/lib/fuzzer/FuzzerMain.cpp,
42507407,ghostpdl,https://cgit.ghostscript.com/ghostpdl.git0c036b19d498afdbe07895ff605298372b3432e2,0c036b19d498afdbe07895ff605298372b3432e2,https://cgit.ghostscript.com/ghostpdl.git,-1,,/src/ghostpdl/./base/gdevddrw.c;/src/ghostpdl/./base/gdevm24.c;/src/ghostpdl/./base/gdevprn.c;/src/ghostpdl/./base/gsdevice.c;/src/ghostpdl/./base/gsmalloc.c;/src/ghostpdl/./base/gxclist.c;/src/ghostpdl/./base/gxclrast.c;/src/ghostpdl/./base/gxclread.c;/src/ghostpdl/./base/gxdcolor.c;/src/ghostpdl/./cups/gdevcups.c;/src/ghostpdl/./psi/iapi.c;/src/ghostpdl/./psi/imain.c;/src/ghostpdl/./psi/imainarg.c;/src/ghostpdl/./psi/interp.c;/src/ghostpdl/./psi/psapi.c;/src/ghostpdl/./psi/zdevice.c;/src/gstoraster_fuzzer.cc;/src/llvm-project/compiler-rt/lib/asan/asan_malloc_linux.cpp;/src/llvm-project/compiler-rt/lib/fuzzer/FuzzerDriver.cpp;/src/llvm-project/compiler-rt/lib/fuzzer/FuzzerMain.cpp,
42507425,njs,http://hg.nginx.org/njsd29cddd07a32287ac6b2ffebbb43f71b6ebc0ae6,d29cddd07a32287ac6b2ffebbb43f71b6ebc0ae6,http://hg.nginx.org/njs,-1,,/src/llvm-project/compiler-rt/lib/asan/asan_interceptors_memintrinsics.cpp;/src/llvm-project/compiler-rt/lib/asan/asan_interceptors_memintrinsics.h;/src/llvm-project/compiler-rt/lib/asan/asan_mapping.h;/src/llvm-project/compiler-rt/lib/fuzzer/FuzzerDriver.cpp;/src/llvm-project/compiler-rt/lib/fuzzer/FuzzerMain.cpp;/src/njs/src/njs_function.c;/src/njs/src/njs_shell.c;/src/njs/src/njs_vm.c;/src/njs/src/njs_vmcode.c,
42507648,ghostpdl,https://cgit.ghostscript.com/ghostpdl.git9584d5caa7b3ad25f47cf0fa05a28ee6a8bff6c7,9584d5caa7b3ad25f47cf0fa05a28ee6a8bff6c7,https://cgit.ghostscript.com/ghostpdl.git,-1,,/src/ghostpdl/./base/gscspace.c;/src/ghostpdl/./base/gsmalloc.c;/src/ghostpdl/./base/gsmchunk.c;/src/ghostpdl/./pdf/ghostpdf.c;/src/ghostpdl/./pdf/pdf_colour.c;/src/ghostpdl/./psi/iapi.c;/src/ghostpdl/./psi/imain.c;/src/ghostpdl/./psi/imainarg.c;/src/ghostpdl/./psi/interp.c;/src/ghostpdl/./psi/isave.c;/src/ghostpdl/./psi/psapi.c;/src/ghostpdl/./psi/zdevice2.c;/src/ghostpdl/./psi/zpdfops.c;/src/ghostpdl/./psi/zvmem.c;/src/gstoraster_fuzzer.cc;/src/llvm-project/compiler-rt/lib/asan/asan_malloc_linux.cpp;/src/llvm-project/compiler-rt/lib/fuzzer/FuzzerDriver.cpp;/src/llvm-project/compiler-rt/lib/fuzzer/FuzzerMain.cpp,
42507673,ghostpdl,https://cgit.ghostscript.com/ghostpdl.git78c16de9a299439db7202e981ea2aadf10233b3a,78c16de9a299439db7202e981ea2aadf10233b3a,https://cgit.ghostscript.com/ghostpdl.git,-1,,/src/ghostpdl/./pdf/pdf_font.c;/src/ghostpdl/./pdf/pdf_font1C.c;/src/ghostpdl/./pdf/pdf_int.c;/src/ghostpdl/./pdf/pdf_page.c;/src/ghostpdl/./psi/iapi.c;/src/ghostpdl/./psi/imain.c;/src/ghostpdl/./psi/imainarg.c;/src/ghostpdl/./psi/interp.c;/src/ghostpdl/./psi/psapi.c;/src/ghostpdl/./psi/zpdfops.c;/src/gstoraster_fuzzer.cc;/src/llvm-project/compiler-rt/lib/fuzzer/FuzzerDriver.cpp;/src/llvm-project/compiler-rt/lib/fuzzer/FuzzerMain.cpp,
42507734,ghostpdl,https://cgit.ghostscript.com/ghostpdl.gitb0f97408aa942bf2c44b6074c9697847d07f1dd3,b0f97408aa942bf2c44b6074c9697847d07f1dd3,https://cgit.ghostscript.com/ghostpdl.git,-1,,/src/ghostpdl/./base/gdevprn.c;/src/ghostpdl/./base/gp_psync.c;/src/ghostpdl/./base/gsalloc.c;/src/ghostpdl/./base/gsdevice.c;/src/ghostpdl/./base/gsgstate.c;/src/ghostpdl/./base/gsicc_cache.c;/src/ghostpdl/./base/gxclrast.c;/src/ghostpdl/./base/gxclread.c;/src/ghostpdl/./base/gxsync.c;/src/ghostpdl/./cups/gdevcups.c;/src/ghostpdl/./psi/iapi.c;/src/ghostpdl/./psi/imain.c;/src/ghostpdl/./psi/imainarg.c;/src/ghostpdl/./psi/interp.c;/src/ghostpdl/./psi/psapi.c;/src/ghostpdl/./psi/zdevice.c;/src/gstoraster_fuzzer.cc;/src/llvm-project/compiler-rt/lib/fuzzer/FuzzerDriver.cpp;/src/llvm-project/compiler-rt/lib/fuzzer/FuzzerMain.cpp,
42507742,ghostpdl,https://cgit.ghostscript.com/ghostpdl.gitf99464b8c9c37ffa9d07f2bc5b088572d5e5ca06,f99464b8c9c37ffa9d07f2bc5b088572d5e5ca06,https://cgit.ghostscript.com/ghostpdl.git,-1,,/psi/zcolor.c;/src/ghostpdl/./psi/iapi.c;/src/ghostpdl/./psi/imain.c;/src/ghostpdl/./psi/imainarg.c;/src/ghostpdl/./psi/interp.c;/src/ghostpdl/./psi/psapi.c;/src/ghostpdl/./psi/zcolor.c;/src/gstoraster_fuzzer.cc;/src/llvm-project/compiler-rt/lib/asan/../sanitizer_common/sanitizer_common_interceptors.inc;/src/llvm-project/compiler-rt/lib/fuzzer/FuzzerDriver.cpp;/src/llvm-project/compiler-rt/lib/fuzzer/FuzzerMain.cpp,
42507745,ghostpdl,https://cgit.ghostscript.com/ghostpdl.gitf99464b8c9c37ffa9d07f2bc5b088572d5e5ca06,f99464b8c9c37ffa9d07f2bc5b088572d5e5ca06,https://cgit.ghostscript.com/ghostpdl.git,-1,,/src/ghostpdl/./pdf/pdf_colour.c;/src/ghostpdl/./pdf/pdf_int.c;/src/ghostpdl/./pdf/pdf_page.c;/src/ghostpdl/./psi/iapi.c;/src/ghostpdl/./psi/imain.c;/src/ghostpdl/./psi/imainarg.c;/src/ghostpdl/./psi/interp.c;/src/ghostpdl/./psi/psapi.c;/src/ghostpdl/./psi/zpdfops.c;/src/gstoraster_fuzzer.cc;/src/llvm-project/compiler-rt/lib/fuzzer/FuzzerDriver.cpp;/src/llvm-project/compiler-rt/lib/fuzzer/FuzzerMain.cpp,
42507791,ghostpdl,https://cgit.ghostscript.com/ghostpdl.gitbd747c5c2d320cd80ce08f16627c70a77ff67978,bd747c5c2d320cd80ce08f16627c70a77ff67978,https://cgit.ghostscript.com/ghostpdl.git,-1,,/src/ghostpdl/./pdf/pdf_font.c;/src/ghostpdl/./pdf/pdf_font0.c;/src/ghostpdl/./pdf/pdf_int.c;/src/ghostpdl/./pdf/pdf_page.c;/src/ghostpdl/./psi/iapi.c;/src/ghostpdl/./psi/imain.c;/src/ghostpdl/./psi/imainarg.c;/src/ghostpdl/./psi/interp.c;/src/ghostpdl/./psi/psapi.c;/src/ghostpdl/./psi/zpdfops.c;/src/gstoraster_fuzzer.cc;/src/llvm-project/compiler-rt/lib/asan/../sanitizer_common/sanitizer_common_interceptors.inc;/src/llvm-project/compiler-rt/lib/fuzzer/FuzzerDriver.cpp;/src/llvm-project/compiler-rt/lib/fuzzer/FuzzerMain.cpp,
42507890,ghostpdl,https://cgit.ghostscript.com/ghostpdl.git2c3bee693aca9204b5c138bd3e1fbeff83123c5d,2c3bee693aca9204b5c138bd3e1fbeff83123c5d,https://cgit.ghostscript.com/ghostpdl.git,-1,,/src/ghostpdl/./base/gsalloc.c;/src/ghostpdl/./base/gsmalloc.c;/src/ghostpdl/./psi/ialloc.c;/src/ghostpdl/./psi/iapi.c;/src/ghostpdl/./psi/icontext.c;/src/ghostpdl/./psi/iinit.c;/src/ghostpdl/./psi/imain.c;/src/ghostpdl/./psi/imainarg.c;/src/ghostpdl/./psi/interp.c;/src/ghostpdl/./psi/psapi.c;/src/gstoraster_fuzzer.cc;/src/llvm-project/compiler-rt/lib/asan/asan_interceptors_memintrinsics.cpp;/src/llvm-project/compiler-rt/lib/asan/asan_malloc_linux.cpp;/src/llvm-project/compiler-rt/lib/fuzzer/FuzzerDriver.cpp;/src/llvm-project/compiler-rt/lib/fuzzer/FuzzerMain.cpp,
42507921,ghostpdl,https://cgit.ghostscript.com/ghostpdl.git85fa6e1874189a349e9842fbf1ed90e2fd474588,85fa6e1874189a349e9842fbf1ed90e2fd474588,https://cgit.ghostscript.com/ghostpdl.git,-1,,/src/ghostpdl/./pdf/pdf_array.c;/src/ghostpdl/./pdf/pdf_int.c;/src/ghostpdl/./pdf/pdf_page.c;/src/ghostpdl/./pdf/pdf_text.c;/src/ghostpdl/./psi/iapi.c;/src/ghostpdl/./psi/imain.c;/src/ghostpdl/./psi/imainarg.c;/src/ghostpdl/./psi/interp.c;/src/ghostpdl/./psi/psapi.c;/src/ghostpdl/./psi/zpdfops.c;/src/gstoraster_fuzzer.cc;/src/llvm-project/compiler-rt/lib/fuzzer/FuzzerDriver.cpp;/src/llvm-project/compiler-rt/lib/fuzzer/FuzzerMain.cpp,
42507931,ghostpdl,https://cgit.ghostscript.com/ghostpdl.git76c27d4f4dceeba02840a29c6e3ba45989a7daca,76c27d4f4dceeba02840a29c6e3ba45989a7daca,https://cgit.ghostscript.com/ghostpdl.git,-1,,/src/ghostpdl/./base/stream.c;/src/ghostpdl/./pdf/ghostpdf.c;/src/ghostpdl/./pdf/pdf_file.c;/src/ghostpdl/./pdf/pdf_xref.c;/src/ghostpdl/./psi/iapi.c;/src/ghostpdl/./psi/imain.c;/src/ghostpdl/./psi/imainarg.c;/src/ghostpdl/./psi/interp.c;/src/ghostpdl/./psi/psapi.c;/src/ghostpdl/./psi/zpdfops.c;/src/gstoraster_fuzzer.cc;/src/llvm-project/compiler-rt/lib/asan/../sanitizer_common/sanitizer_common_interceptors.inc;/src/llvm-project/compiler-rt/lib/fuzzer/FuzzerDriver.cpp;/src/llvm-project/compiler-rt/lib/fuzzer/FuzzerMain.cpp,
42508039,ghostpdl,https://cgit.ghostscript.com/ghostpdl.git706664b9e9bd9c30b8a394d27014f16a66450948,706664b9e9bd9c30b8a394d27014f16a66450948,https://cgit.ghostscript.com/ghostpdl.git,-1,,/src/ghostpdl/./base/gsmalloc.c;/src/ghostpdl/./base/gsmchunk.c;/src/ghostpdl/./pdf/ghostpdf.c;/src/ghostpdl/./pdf/pdf_xref.c;/src/ghostpdl/./psi/iapi.c;/src/ghostpdl/./psi/imain.c;/src/ghostpdl/./psi/imainarg.c;/src/ghostpdl/./psi/interp.c;/src/ghostpdl/./psi/psapi.c;/src/ghostpdl/./psi/zpdfops.c;/src/gstoraster_fuzzer.cc;/src/llvm-project/compiler-rt/lib/asan/asan_malloc_linux.cpp;/src/llvm-project/compiler-rt/lib/fuzzer/FuzzerDriver.cpp;/src/llvm-project/compiler-rt/lib/fuzzer/FuzzerMain.cpp,
42508046,ghostpdl,https://cgit.ghostscript.com/ghostpdl.git3c75a977879b066c20f6c9587481ac93e476630b,3c75a977879b066c20f6c9587481ac93e476630b,https://cgit.ghostscript.com/ghostpdl.git,-1,,/src/ghostpdl/./base/gsmalloc.c;/src/ghostpdl/./base/gsmchunk.c;/src/ghostpdl/./pdf/pdf_cmap.c;/src/ghostpdl/./pdf/pdf_file.c;/src/ghostpdl/./pdf/pdf_font.c;/src/ghostpdl/./pdf/pdf_font1.c;/src/ghostpdl/./pdf/pdf_fontps.c;/src/ghostpdl/./pdf/pdf_image.c;/src/ghostpdl/./pdf/pdf_int.c;/src/ghostpdl/./pdf/pdf_page.c;/src/ghostpdl/./psi/iapi.c;/src/ghostpdl/./psi/imain.c;/src/ghostpdl/./psi/imainarg.c;/src/ghostpdl/./psi/interp.c;/src/ghostpdl/./psi/psapi.c;/src/ghostpdl/./psi/zpdfops.c;/src/gstoraster_fuzzer.cc;/src/llvm-project/compiler-rt/lib/asan/asan_malloc_linux.cpp;/src/llvm-project/compiler-rt/lib/fuzzer/FuzzerDriver.cpp;/src/llvm-project/compiler-rt/lib/fuzzer/FuzzerMain.cpp,
42508204,ghostpdl,https://cgit.ghostscript.com/ghostpdl.gita07b2982ac60f0e563e6a282bf2f8fdc81ae3c1c,a07b2982ac60f0e563e6a282bf2f8fdc81ae3c1c,https://cgit.ghostscript.com/ghostpdl.git,-1,,/src/ghostpdl/./base/gsfont.c;/src/ghostpdl/./base/gsmalloc.c;/src/ghostpdl/./base/gsmchunk.c;/src/ghostpdl/./base/gxccman.c;/src/ghostpdl/./base/seexec.c;/src/ghostpdl/./base/sstring.c;/src/ghostpdl/./base/stream.c;/src/ghostpdl/./pdf/ghostpdf.c;/src/ghostpdl/./pdf/pdf_font.c;/src/ghostpdl/./pdf/pdf_font1.c;/src/ghostpdl/./pdf/pdf_fontps.c;/src/ghostpdl/./pdf/pdf_int.c;/src/ghostpdl/./pdf/pdf_page.c;/src/ghostpdl/./psi/iapi.c;/src/ghostpdl/./psi/imain.c;/src/ghostpdl/./psi/imainarg.c;/src/ghostpdl/./psi/interp.c;/src/ghostpdl/./psi/psapi.c;/src/ghostpdl/./psi/zpdfops.c;/src/gstoraster_fuzzer.cc;/src/llvm-project/compiler-rt/lib/asan/asan_malloc_linux.cpp;/src/llvm-project/compiler-rt/lib/fuzzer/FuzzerDriver.cpp;/src/llvm-project/compiler-rt/lib/fuzzer/FuzzerMain.cpp,
42508431,ghostpdl,https://cgit.ghostscript.com/ghostpdl.git30770fce40f0b47c4da1c41e187b45f9f59edc63,30770fce40f0b47c4da1c41e187b45f9f59edc63,https://cgit.ghostscript.com/ghostpdl.git,-1,,/src/ghostpdl/./base/gsmalloc.c;/src/ghostpdl/./base/gsmchunk.c;/src/ghostpdl/./pdf/ghostpdf.c;/src/ghostpdl/./pdf/pdf_xref.c;/src/ghostpdl/./psi/iapi.c;/src/ghostpdl/./psi/imain.c;/src/ghostpdl/./psi/imainarg.c;/src/ghostpdl/./psi/interp.c;/src/ghostpdl/./psi/psapi.c;/src/ghostpdl/./psi/zpdfops.c;/src/gstoraster_fuzzer.cc;/src/llvm-project/compiler-rt/lib/asan/asan_malloc_linux.cpp;/src/llvm-project/compiler-rt/lib/fuzzer/FuzzerDriver.cpp;/src/llvm-project/compiler-rt/lib/fuzzer/FuzzerLoop.cpp;/src/llvm-project/compiler-rt/lib/fuzzer/FuzzerMain.cpp,
42508702,ghostpdl,https://cgit.ghostscript.com/ghostpdl.gitc8051ae666672cb7ca39531e28ec85636e1ce6d5,c8051ae666672cb7ca39531e28ec85636e1ce6d5,https://cgit.ghostscript.com/ghostpdl.git,-1,,/src/ghostpdl/./base/gsimage.c;/src/ghostpdl/./base/gstext.c;/src/ghostpdl/./base/gxchar.c;/src/ghostpdl/./base/gxdcolor.c;/src/ghostpdl/./base/gxfapi.c;/src/ghostpdl/./base/gxidata.c;/src/ghostpdl/./base/gxifast.c;/src/ghostpdl/./base/gximage.c;/src/ghostpdl/./pdf/pdf_fapi.c;/src/ghostpdl/./pdf/pdf_int.c;/src/ghostpdl/./pdf/pdf_page.c;/src/ghostpdl/./pdf/pdf_text.c;/src/ghostpdl/./psi/iapi.c;/src/ghostpdl/./psi/imain.c;/src/ghostpdl/./psi/imainarg.c;/src/ghostpdl/./psi/interp.c;/src/ghostpdl/./psi/psapi.c;/src/ghostpdl/./psi/zpdfops.c;/src/gstoraster_fuzzer.cc;/src/llvm-project/compiler-rt/lib/fuzzer/FuzzerDriver.cpp;/src/llvm-project/compiler-rt/lib/fuzzer/FuzzerMain.cpp,
42508844,ghostpdl,https://cgit.ghostscript.com/ghostpdl.git4a79f807fd13bd0e53bd1aad6f26066be8bf0b15,4a79f807fd13bd0e53bd1aad6f26066be8bf0b15,https://cgit.ghostscript.com/ghostpdl.git,-1,,/src/ghostpdl/./pdf/ghostpdf.c;/src/ghostpdl/./pdf/pdf_sec.c;/src/ghostpdl/./psi/iapi.c;/src/ghostpdl/./psi/imain.c;/src/ghostpdl/./psi/imainarg.c;/src/ghostpdl/./psi/interp.c;/src/ghostpdl/./psi/psapi.c;/src/ghostpdl/./psi/zpdfops.c;/src/gstoraster_fuzzer.cc;/src/llvm-project/compiler-rt/lib/asan/../sanitizer_common/sanitizer_common_interceptors.inc;/src/llvm-project/compiler-rt/lib/fuzzer/FuzzerDriver.cpp;/src/llvm-project/compiler-rt/lib/fuzzer/FuzzerMain.cpp,
42508905,ghostpdl,https://cgit.ghostscript.com/ghostpdl.git08c198c4043b516998ff43837fb273eb23b55819,08c198c4043b516998ff43837fb273eb23b55819,https://cgit.ghostscript.com/ghostpdl.git,-1,,,
42508918,ghostpdl,https://cgit.ghostscript.com/ghostpdl.gita424f166ee9c1196a6cd7e2ee2289f81545d022d,a424f166ee9c1196a6cd7e2ee2289f81545d022d,https://cgit.ghostscript.com/ghostpdl.git,-1,,/src/ghostpdl/./base/gsalloc.c;/src/ghostpdl/./base/gsmalloc.c;/src/ghostpdl/./base/stream.c;/src/ghostpdl/./psi/iapi.c;/src/ghostpdl/./psi/imain.c;/src/ghostpdl/./psi/imainarg.c;/src/ghostpdl/./psi/iname.c;/src/ghostpdl/./psi/interp.c;/src/ghostpdl/./psi/iscan.c;/src/ghostpdl/./psi/psapi.c;/src/gstoraster_fuzzer.cc;/src/llvm-project/compiler-rt/lib/asan/../sanitizer_common/sanitizer_common_interceptors.inc;/src/llvm-project/compiler-rt/lib/asan/asan_malloc_linux.cpp;/src/llvm-project/compiler-rt/lib/fuzzer/FuzzerDriver.cpp;/src/llvm-project/compiler-rt/lib/fuzzer/FuzzerMain.cpp,
42509056,ghostpdl,https://cgit.ghostscript.com/ghostpdl.git476f3fe96b853fbe96062bff1c29355cabbaac61,476f3fe96b853fbe96062bff1c29355cabbaac61,https://cgit.ghostscript.com/ghostpdl.git,-1,,/src/ghostpdl/./pdf/pdf_font.c;/src/ghostpdl/./pdf/pdf_font0.c;/src/ghostpdl/./pdf/pdf_font1C.c;/src/ghostpdl/./pdf/pdf_int.c;/src/ghostpdl/./pdf/pdf_page.c;/src/ghostpdl/./psi/iapi.c;/src/ghostpdl/./psi/imain.c;/src/ghostpdl/./psi/imainarg.c;/src/ghostpdl/./psi/interp.c;/src/ghostpdl/./psi/psapi.c;/src/ghostpdl/./psi/zpdfops.c;/src/gstoraster_fuzzer.cc;/src/llvm-project/compiler-rt/lib/fuzzer/FuzzerDriver.cpp;/src/llvm-project/compiler-rt/lib/fuzzer/FuzzerLoop.cpp;/src/llvm-project/compiler-rt/lib/fuzzer/FuzzerMain.cpp,
42509111,ghostpdl,https://cgit.ghostscript.com/ghostpdl.gitedb02250825f20203c137886c5253a908b536985,edb02250825f20203c137886c5253a908b536985,https://cgit.ghostscript.com/ghostpdl.git,-1,,/src/ghostpdl/./pdf/pdf_font.c;/src/ghostpdl/./pdf/pdf_font0.c;/src/ghostpdl/./pdf/pdf_font1C.c;/src/ghostpdl/./pdf/pdf_int.c;/src/ghostpdl/./pdf/pdf_page.c;/src/ghostpdl/./psi/iapi.c;/src/ghostpdl/./psi/imain.c;/src/ghostpdl/./psi/imainarg.c;/src/ghostpdl/./psi/interp.c;/src/ghostpdl/./psi/psapi.c;/src/ghostpdl/./psi/zpdfops.c;/src/gstoraster_fuzzer.cc;/src/llvm-project/compiler-rt/lib/fuzzer/FuzzerDriver.cpp;/src/llvm-project/compiler-rt/lib/fuzzer/FuzzerLoop.cpp;/src/llvm-project/compiler-rt/lib/fuzzer/FuzzerMain.cpp,
42509220,ghostpdl,https://cgit.ghostscript.com/ghostpdl.git9540f5183c8aa358264afcc9b72c2f2e00e8260a,9540f5183c8aa358264afcc9b72c2f2e00e8260a,https://cgit.ghostscript.com/ghostpdl.git,-1,,,
42509249,ghostpdl,https://cgit.ghostscript.com/ghostpdl.gita9c7640b90bc583e04be7b1eebccd5c07e79c063,a9c7640b90bc583e04be7b1eebccd5c07e79c063,https://cgit.ghostscript.com/ghostpdl.git,-1,,/src/ghostpdl/./base/stream.c;/src/ghostpdl/./pdf/pdf_file.c;/src/ghostpdl/./pdf/pdf_int.c;/src/ghostpdl/./pdf/pdf_page.c;/src/ghostpdl/./psi/iapi.c;/src/ghostpdl/./psi/imain.c;/src/ghostpdl/./psi/imainarg.c;/src/ghostpdl/./psi/interp.c;/src/ghostpdl/./psi/psapi.c;/src/ghostpdl/./psi/zpdfops.c;/src/gstoraster_fuzzer.cc;/src/llvm-project/compiler-rt/lib/asan/../sanitizer_common/sanitizer_common_interceptors.inc;/src/llvm-project/compiler-rt/lib/fuzzer/FuzzerDriver.cpp;/src/llvm-project/compiler-rt/lib/fuzzer/FuzzerLoop.cpp;/src/llvm-project/compiler-rt/lib/fuzzer/FuzzerMain.cpp;/src/llvm-project/compiler-rt/lib/sanitizer_common/sanitizer_libc.cpp,
42509351,ghostpdl,https://cgit.ghostscript.com/ghostpdl.git4549e723d4c1dd44aa3051ce167d3a28dc75e53f,4549e723d4c1dd44aa3051ce167d3a28dc75e53f,https://cgit.ghostscript.com/ghostpdl.git,-1,,/src/ghostpdl/./base/fapi_ft.c;/src/ghostpdl/./base/gstext.c;/src/ghostpdl/./base/gxchar.c;/src/ghostpdl/./base/gxfapi.c;/src/ghostpdl/./freetype/src/base/ftobjs.c;/src/ghostpdl/./freetype/src/cff/cffdrivr.c;/src/ghostpdl/./freetype/src/cff/cffgload.c;/src/ghostpdl/./pdf/pdf_fapi.c;/src/ghostpdl/./pdf/pdf_int.c;/src/ghostpdl/./pdf/pdf_page.c;/src/ghostpdl/./pdf/pdf_text.c;/src/ghostpdl/./psi/iapi.c;/src/ghostpdl/./psi/imain.c;/src/ghostpdl/./psi/imainarg.c;/src/ghostpdl/./psi/interp.c;/src/ghostpdl/./psi/psapi.c;/src/ghostpdl/./psi/zpdfops.c;/src/gstoraster_fuzzer.cc;/src/llvm-project/compiler-rt/lib/asan/../sanitizer_common/sanitizer_common_interceptors.inc;/src/llvm-project/compiler-rt/lib/fuzzer/FuzzerDriver.cpp;/src/llvm-project/compiler-rt/lib/fuzzer/FuzzerLoop.cpp;/src/llvm-project/compiler-rt/lib/fuzzer/FuzzerMain.cpp,
42509847,ghostpdl,https://cgit.ghostscript.com/ghostpdl.git9f6772c1292022dee6576b2f3d0c258e523af834,9f6772c1292022dee6576b2f3d0c258e523af834,https://cgit.ghostscript.com/ghostpdl.git,-1,,/src/ghostpdl/./base/gsfunc3.c;/src/ghostpdl/./pdf/pdf_gstate.c;/src/ghostpdl/./pdf/pdf_image.c;/src/ghostpdl/./pdf/pdf_int.c;/src/ghostpdl/./pdf/pdf_page.c;/src/ghostpdl/./psi/iapi.c;/src/ghostpdl/./psi/imain.c;/src/ghostpdl/./psi/imainarg.c;/src/ghostpdl/./psi/interp.c;/src/ghostpdl/./psi/psapi.c;/src/ghostpdl/./psi/zpdfops.c;/src/gstoraster_fuzzer.cc;/src/llvm-project/compiler-rt/lib/fuzzer/FuzzerDriver.cpp;/src/llvm-project/compiler-rt/lib/fuzzer/FuzzerMain.cpp,
42509854,ghostpdl,https://cgit.ghostscript.com/ghostpdl.gitdc67c64d6d61f5fa9b065c03cabd237d67158802,dc67c64d6d61f5fa9b065c03cabd237d67158802,https://cgit.ghostscript.com/ghostpdl.git,-1,,/src/ghostpdl/./base/gdevp14.c;/src/ghostpdl/./base/gdevprn.c;/src/ghostpdl/./base/gsdevice.c;/src/ghostpdl/./base/gstrans.c;/src/ghostpdl/./base/gxclrast.c;/src/ghostpdl/./base/gxclread.c;/src/ghostpdl/./cups/gdevcups.c;/src/ghostpdl/./psi/iapi.c;/src/ghostpdl/./psi/imain.c;/src/ghostpdl/./psi/imainarg.c;/src/ghostpdl/./psi/interp.c;/src/ghostpdl/./psi/psapi.c;/src/ghostpdl/./psi/zdevice.c;/src/gstoraster_fuzzer.cc;/src/llvm-project/compiler-rt/lib/fuzzer/FuzzerDriver.cpp;/src/llvm-project/compiler-rt/lib/fuzzer/FuzzerLoop.cpp;/src/llvm-project/compiler-rt/lib/fuzzer/FuzzerMain.cpp,
42509965,ghostpdl,https://cgit.ghostscript.com/ghostpdl.git38b3bde1293ea8b6064bd6c2a1ed60171adea82b,38b3bde1293ea8b6064bd6c2a1ed60171adea82b,https://cgit.ghostscript.com/ghostpdl.git,-1,,/src/ghostpdl/./base/gsimage.c;/src/ghostpdl/./base/gxclbits.c;/src/ghostpdl/./base/gxclipm.c;/src/ghostpdl/./base/gxclrect.c;/src/ghostpdl/./base/gxdcolor.c;/src/ghostpdl/./base/gxicolor.c;/src/ghostpdl/./base/gxidata.c;/src/ghostpdl/./base/gximage.c;/src/ghostpdl/./base/gximage3.c;/src/ghostpdl/./base/srle.c;/src/ghostpdl/./pdf/pdf_image.c;/src/ghostpdl/./pdf/pdf_int.c;/src/ghostpdl/./pdf/pdf_page.c;/src/ghostpdl/./psi/iapi.c;/src/ghostpdl/./psi/imain.c;/src/ghostpdl/./psi/imainarg.c;/src/ghostpdl/./psi/interp.c;/src/ghostpdl/./psi/psapi.c;/src/ghostpdl/./psi/zpdfops.c;/src/gstoraster_fuzzer.cc;/src/llvm-project/compiler-rt/lib/fuzzer/FuzzerDriver.cpp;/src/llvm-project/compiler-rt/lib/fuzzer/FuzzerMain.cpp,
42510315,ghostpdl,https://cgit.ghostscript.com/ghostpdl.git1a18793a02e1dab7676d594366b93847fde6fe44,1a18793a02e1dab7676d594366b93847fde6fe44,https://cgit.ghostscript.com/ghostpdl.git,-1,,/src/ghostpdl/./base/gdevp14.c;/src/ghostpdl/./base/gsalloc.c;/src/ghostpdl/./base/gsmalloc.c;/src/ghostpdl/./base/gspaint.c;/src/ghostpdl/./base/gspcolor.c;/src/ghostpdl/./base/gxblend.c;/src/ghostpdl/./base/gxcmap.c;/src/ghostpdl/./base/gxpaint.c;/src/ghostpdl/./base/gxpcmap.c;/src/ghostpdl/./pdf/pdf_int.c;/src/ghostpdl/./pdf/pdf_page.c;/src/ghostpdl/./pdf/pdf_path.c;/src/ghostpdl/./pdf/pdf_pattern.c;/src/ghostpdl/./psi/iapi.c;/src/ghostpdl/./psi/imain.c;/src/ghostpdl/./psi/imainarg.c;/src/ghostpdl/./psi/interp.c;/src/ghostpdl/./psi/psapi.c;/src/ghostpdl/./psi/zpdfops.c;/src/gstoraster_fuzzer.cc;/src/llvm-project/compiler-rt/lib/asan/asan_malloc_linux.cpp;/src/llvm-project/compiler-rt/lib/fuzzer/FuzzerDriver.cpp;/src/llvm-project/compiler-rt/lib/fuzzer/FuzzerLoop.cpp;/src/llvm-project/compiler-rt/lib/fuzzer/FuzzerMain.cpp,
42510720,ghostpdl,https://cgit.ghostscript.com/ghostpdl.git4fae247b37ae8c1115b6d13ff4e447c54aea9d8b,4fae247b37ae8c1115b6d13ff4e447c54aea9d8b,https://cgit.ghostscript.com/ghostpdl.git,-1,,/src/ghostpdl/./base/gsalloc.c;/src/ghostpdl/./base/gsmalloc.c;/src/ghostpdl/./psi/iapi.c;/src/ghostpdl/./psi/igc.c;/src/ghostpdl/./psi/imain.c;/src/ghostpdl/./psi/imainarg.c;/src/ghostpdl/./psi/interp.c;/src/ghostpdl/./psi/ireclaim.c;/src/ghostpdl/./psi/isave.c;/src/ghostpdl/./psi/psapi.c;/src/ghostpdl/./psi/zdevice2.c;/src/ghostpdl/./psi/zvmem.c;/src/gstoraster_fuzzer.cc;/src/llvm-project/compiler-rt/lib/asan/asan_malloc_linux.cpp;/src/llvm-project/compiler-rt/lib/fuzzer/FuzzerDriver.cpp;/src/llvm-project/compiler-rt/lib/fuzzer/FuzzerLoop.cpp;/src/llvm-project/compiler-rt/lib/fuzzer/FuzzerMain.cpp,
42510789,ghostpdl,https://cgit.ghostscript.com/ghostpdl.git479649281467ca84a220873d51c7a461b5a78104,479649281467ca84a220873d51c7a461b5a78104,https://cgit.ghostscript.com/ghostpdl.git,-1,,/src/ghostpdl/./base/gsmalloc.c;/src/ghostpdl/./base/gsmchunk.c;/src/ghostpdl/./pdf/ghostpdf.c;/src/ghostpdl/./pdf/pdf_repair.c;/src/ghostpdl/./pdf/pdf_xref.c;/src/ghostpdl/./psi/iapi.c;/src/ghostpdl/./psi/imain.c;/src/ghostpdl/./psi/imainarg.c;/src/ghostpdl/./psi/interp.c;/src/ghostpdl/./psi/psapi.c;/src/ghostpdl/./psi/zpdfops.c;/src/gstoraster_fuzzer.cc;/src/llvm-project/compiler-rt/lib/fuzzer/FuzzerDriver.cpp;/src/llvm-project/compiler-rt/lib/fuzzer/FuzzerLoop.cpp;/src/llvm-project/compiler-rt/lib/fuzzer/FuzzerMain.cpp,
42511259,ghostpdl,https://cgit.ghostscript.com/ghostpdl.git12532548a94c94821da0238b84c04b918659eb4a,12532548a94c94821da0238b84c04b918659eb4a,https://cgit.ghostscript.com/ghostpdl.git,-1,,/src/ghostpdl/./base/gsmalloc.c;/src/ghostpdl/./base/gsmchunk.c;/src/ghostpdl/./base/sfilter1.c;/src/ghostpdl/./base/stream.c;/src/ghostpdl/./pdf/pdf_file.c;/src/ghostpdl/./pdf/pdf_font.c;/src/ghostpdl/./pdf/pdf_font1.c;/src/ghostpdl/./pdf/pdf_int.c;/src/ghostpdl/./pdf/pdf_page.c;/src/ghostpdl/./psi/iapi.c;/src/ghostpdl/./psi/imain.c;/src/ghostpdl/./psi/imainarg.c;/src/ghostpdl/./psi/interp.c;/src/ghostpdl/./psi/psapi.c;/src/ghostpdl/./psi/zpdfops.c;/src/gstoraster_fuzzer.cc;/src/llvm-project/compiler-rt/lib/asan/asan_malloc_linux.cpp;/src/llvm-project/compiler-rt/lib/fuzzer/FuzzerDriver.cpp;/src/llvm-project/compiler-rt/lib/fuzzer/FuzzerMain.cpp,
42511638,ghostpdl,https://cgit.ghostscript.com/ghostpdl.git7ab96e83d85165801894e887816db6042ea2f9be,7ab96e83d85165801894e887816db6042ea2f9be,https://cgit.ghostscript.com/ghostpdl.git,-1,,/src/ghostpdl/./pdf/ghostpdf.c;/src/ghostpdl/./pdf/pdf_obj.c;/src/ghostpdl/./pdf/pdf_stack.h;/src/ghostpdl/./psi/iapi.c;/src/ghostpdl/./psi/imain.c;/src/ghostpdl/./psi/imainarg.c;/src/ghostpdl/./psi/interp.c;/src/ghostpdl/./psi/psapi.c;/src/ghostpdl/./psi/zpdfops.c;/src/gstoraster_fuzzer.cc;/src/llvm-project/compiler-rt/lib/fuzzer/FuzzerDriver.cpp;/src/llvm-project/compiler-rt/lib/fuzzer/FuzzerLoop.cpp;/src/llvm-project/compiler-rt/lib/fuzzer/FuzzerMain.cpp,
42511642,ghostpdl,https://cgit.ghostscript.com/ghostpdl.git7ab96e83d85165801894e887816db6042ea2f9be,7ab96e83d85165801894e887816db6042ea2f9be,https://cgit.ghostscript.com/ghostpdl.git,-1,,/src/ghostpdl/./base/gsmalloc.c;/src/ghostpdl/./base/gsmchunk.c;/src/ghostpdl/./pdf/ghostpdf.c;/src/ghostpdl/./pdf/pdf_xref.c;/src/ghostpdl/./psi/iapi.c;/src/ghostpdl/./psi/imain.c;/src/ghostpdl/./psi/imainarg.c;/src/ghostpdl/./psi/interp.c;/src/ghostpdl/./psi/psapi.c;/src/ghostpdl/./psi/zpdfops.c;/src/gstoraster_fuzzer.cc;/src/llvm-project/compiler-rt/lib/asan/asan_malloc_linux.cpp;/src/llvm-project/compiler-rt/lib/fuzzer/FuzzerDriver.cpp;/src/llvm-project/compiler-rt/lib/fuzzer/FuzzerLoop.cpp;/src/llvm-project/compiler-rt/lib/fuzzer/FuzzerMain.cpp,
42511655,ghostpdl,https://cgit.ghostscript.com/ghostpdl.gitd68a1ad7e7ce228a3e36c4d2d1bf4c82b23e9dbb,d68a1ad7e7ce228a3e36c4d2d1bf4c82b23e9dbb,https://cgit.ghostscript.com/ghostpdl.git,-1,,/src/ghostpdl/./psi/iapi.c;/src/ghostpdl/./psi/imain.c;/src/ghostpdl/./psi/isave.c;/src/ghostpdl/./psi/psapi.c;/src/gstoraster_fuzzer.cc;/src/llvm-project/compiler-rt/lib/asan/asan_interceptors_memintrinsics.cpp;/src/llvm-project/compiler-rt/lib/fuzzer/FuzzerDriver.cpp;/src/llvm-project/compiler-rt/lib/fuzzer/FuzzerLoop.cpp;/src/llvm-project/compiler-rt/lib/fuzzer/FuzzerMain.cpp,
42511713,njs,http://hg.nginx.org/njs98959158fe23df93236d0754279579240f58adc2,98959158fe23df93236d0754279579240f58adc2,http://hg.nginx.org/njs,-1,,/src/llvm-project/compiler-rt/lib/fuzzer/FuzzerDriver.cpp;/src/llvm-project/compiler-rt/lib/fuzzer/FuzzerLoop.cpp;/src/llvm-project/compiler-rt/lib/fuzzer/FuzzerMain.cpp;/src/njs/src/njs_object.h;/src/njs/src/njs_shell.c;/src/njs/src/njs_value.c;/src/njs/src/njs_vm.c;/src/njs/src/njs_vmcode.c,
42511753,ghostpdl,https://cgit.ghostscript.com/ghostpdl.gitf1aaa03f2e91e9a06e60dc529f30383714e7012b,f1aaa03f2e91e9a06e60dc529f30383714e7012b,https://cgit.ghostscript.com/ghostpdl.git,-1,,/src/ghostpdl/./base/gsmalloc.c;/src/ghostpdl/./base/gsmchunk.c;/src/ghostpdl/./pdf/ghostpdf.c;/src/ghostpdl/./pdf/pdf_dict.c;/src/ghostpdl/./pdf/pdf_doc.c;/src/ghostpdl/./pdf/pdf_image.c;/src/ghostpdl/./pdf/pdf_int.c;/src/ghostpdl/./pdf/pdf_page.c;/src/ghostpdl/./psi/iapi.c;/src/ghostpdl/./psi/imain.c;/src/ghostpdl/./psi/imainarg.c;/src/ghostpdl/./psi/interp.c;/src/ghostpdl/./psi/psapi.c;/src/ghostpdl/./psi/zpdfops.c;/src/gstoraster_fuzzer.cc;/src/llvm-project/compiler-rt/lib/asan/../sanitizer_common/sanitizer_common_interceptors.inc;/src/llvm-project/compiler-rt/lib/asan/asan_malloc_linux.cpp;/src/llvm-project/compiler-rt/lib/fuzzer/FuzzerDriver.cpp;/src/llvm-project/compiler-rt/lib/fuzzer/FuzzerLoop.cpp;/src/llvm-project/compiler-rt/lib/fuzzer/FuzzerMain.cpp,
42511921,ghostpdl,https://cgit.ghostscript.com/ghostpdl.git0d32d5a9aea919e9ab4c0431027f5ec47ccc4a64,0d32d5a9aea919e9ab4c0431027f5ec47ccc4a64,https://cgit.ghostscript.com/ghostpdl.git,-1,,/src/ghostpdl/./psi/iapi.c;/src/ghostpdl/./psi/imain.c;/src/ghostpdl/./psi/isave.c;/src/ghostpdl/./psi/psapi.c;/src/gstoraster_fuzzer.cc;/src/llvm-project/compiler-rt/lib/asan/asan_interceptors_memintrinsics.cpp;/src/llvm-project/compiler-rt/lib/fuzzer/FuzzerDriver.cpp;/src/llvm-project/compiler-rt/lib/fuzzer/FuzzerLoop.cpp;/src/llvm-project/compiler-rt/lib/fuzzer/FuzzerMain.cpp,
42511940,ghostpdl,https://cgit.ghostscript.com/ghostpdl.git6ae825b8a85f93917b07cef1f4b2d6951f4b07cf,6ae825b8a85f93917b07cef1f4b2d6951f4b07cf,https://cgit.ghostscript.com/ghostpdl.git,-1,,/src/ghostpdl/./base/gsdevice.c;/src/ghostpdl/./psi/iapi.c;/src/ghostpdl/./psi/imain.c;/src/ghostpdl/./psi/imainarg.c;/src/ghostpdl/./psi/interp.c;/src/ghostpdl/./psi/isave.c;/src/ghostpdl/./psi/psapi.c;/src/ghostpdl/./psi/zdevice2.c;/src/ghostpdl/./psi/zvmem.c;/src/gstoraster_fuzzer.cc;/src/llvm-project/compiler-rt/lib/fuzzer/FuzzerDriver.cpp;/src/llvm-project/compiler-rt/lib/fuzzer/FuzzerLoop.cpp;/src/llvm-project/compiler-rt/lib/fuzzer/FuzzerMain.cpp,
42511970,ghostpdl,https://cgit.ghostscript.com/ghostpdl.git640d33e19e3d58a9c71c2fd6c44187cb4a242d2b,640d33e19e3d58a9c71c2fd6c44187cb4a242d2b,https://cgit.ghostscript.com/ghostpdl.git,-1,,/src/ghostpdl/./base/fapi_ft.c;/src/ghostpdl/./base/gstext.c;/src/ghostpdl/./base/gxchar.c;/src/ghostpdl/./base/gxfapi.c;/src/ghostpdl/./pdf/pdf_fapi.c;/src/ghostpdl/./pdf/pdf_int.c;/src/ghostpdl/./pdf/pdf_page.c;/src/ghostpdl/./pdf/pdf_text.c;/src/ghostpdl/./psi/iapi.c;/src/ghostpdl/./psi/imain.c;/src/ghostpdl/./psi/imainarg.c;/src/ghostpdl/./psi/interp.c;/src/ghostpdl/./psi/psapi.c;/src/ghostpdl/./psi/zpdfops.c;/src/gstoraster_fuzzer.cc;/src/llvm-project/compiler-rt/lib/fuzzer/FuzzerDriver.cpp;/src/llvm-project/compiler-rt/lib/fuzzer/FuzzerLoop.cpp;/src/llvm-project/compiler-rt/lib/fuzzer/FuzzerMain.cpp,
42512535,ghostpdl,https://cgit.ghostscript.com/ghostpdl.gitb609c25f7f881bea4b10c8e1b9b950b635437320,b609c25f7f881bea4b10c8e1b9b950b635437320,https://cgit.ghostscript.com/ghostpdl.git,-1,,/src/ghostpdl/./base/gdevdflt.c;/src/ghostpdl/./base/gdevepo.c;/src/ghostpdl/./base/gdevsclass.c;/src/ghostpdl/./base/gsalloc.c;/src/ghostpdl/./base/gsdevice.c;/src/ghostpdl/./base/gsmalloc.c;/src/ghostpdl/./base/gsmemory.c;/src/ghostpdl/./base/gspaint.c;/src/ghostpdl/./psi/iapi.c;/src/ghostpdl/./psi/igc.c;/src/ghostpdl/./psi/imain.c;/src/ghostpdl/./psi/imainarg.c;/src/ghostpdl/./psi/interp.c;/src/ghostpdl/./psi/ireclaim.c;/src/ghostpdl/./psi/psapi.c;/src/ghostpdl/./psi/zdevice.c;/src/ghostpdl/./psi/zpaint.c;/src/gstoraster_fuzzlib.h;/src/gstoraster_ps_fuzzer.cc;/src/llvm-project/compiler-rt/lib/asan/asan_malloc_linux.cpp;/src/llvm-project/compiler-rt/lib/fuzzer/FuzzerDriver.cpp;/src/llvm-project/compiler-rt/lib/fuzzer/FuzzerLoop.cpp;/src/llvm-project/compiler-rt/lib/fuzzer/FuzzerMain.cpp,
42512782,ghostpdl,https://cgit.ghostscript.com/ghostpdl.gite950d1fa30cda37cae4cc0553a4d24135fc09695,e950d1fa30cda37cae4cc0553a4d24135fc09695,https://cgit.ghostscript.com/ghostpdl.git,-1,,/src/ghostpdl/./base/gsfont.c;/src/ghostpdl/./base/gsmchunk.c;/src/ghostpdl/./base/gxccman.c;/src/ghostpdl/./base/gxttfb.c;/src/ghostpdl/./base/ttfmain.c;/src/ghostpdl/./base/ttobjs.c;/src/ghostpdl/./pdf/ghostpdf.c;/src/ghostpdl/./pdf/pdf_font.c;/src/ghostpdl/./pdf/pdf_fontTT.c;/src/ghostpdl/./pdf/pdf_obj.c;/src/ghostpdl/./pdf/pdf_stack.h;/src/ghostpdl/./psi/iapi.c;/src/ghostpdl/./psi/imain.c;/src/ghostpdl/./psi/imainarg.c;/src/ghostpdl/./psi/interp.c;/src/ghostpdl/./psi/psapi.c;/src/ghostpdl/./psi/zpdfops.c;/src/gs_device_pdfwrite_fuzzer.cc;/src/gs_fuzzlib.h;/src/llvm-project/compiler-rt/lib/fuzzer/FuzzerDriver.cpp;/src/llvm-project/compiler-rt/lib/fuzzer/FuzzerLoop.cpp;/src/llvm-project/compiler-rt/lib/fuzzer/FuzzerMain.cpp,
42512803,ghostpdl,https://cgit.ghostscript.com/ghostpdl.gite950d1fa30cda37cae4cc0553a4d24135fc09695,e950d1fa30cda37cae4cc0553a4d24135fc09695,https://cgit.ghostscript.com/ghostpdl.git,-1,,/src/ghostpdl/./base/gsfont.c;/src/ghostpdl/./base/gsmalloc.c;/src/ghostpdl/./base/gsmchunk.c;/src/ghostpdl/./base/gstext.c;/src/ghostpdl/./base/gstype42.c;/src/ghostpdl/./base/gxccman.c;/src/ghostpdl/./base/gxttfb.c;/src/ghostpdl/./base/ttfmain.c;/src/ghostpdl/./base/ttinterp.c;/src/ghostpdl/./base/ttobjs.c;/src/ghostpdl/./devices/vector/gdevpdte.c;/src/ghostpdl/./devices/vector/gdevpdtt.c;/src/ghostpdl/./pdf/ghostpdf.c;/src/ghostpdl/./pdf/pdf_font.c;/src/ghostpdl/./pdf/pdf_int.c;/src/ghostpdl/./pdf/pdf_page.c;/src/ghostpdl/./pdf/pdf_text.c;/src/ghostpdl/./psi/iapi.c;/src/ghostpdl/./psi/imain.c;/src/ghostpdl/./psi/imainarg.c;/src/ghostpdl/./psi/interp.c;/src/ghostpdl/./psi/psapi.c;/src/ghostpdl/./psi/zpdfops.c;/src/gs_device_pdfwrite_fuzzer.cc;/src/gs_fuzzlib.h;/src/llvm-project/compiler-rt/lib/asan/asan_malloc_linux.cpp;/src/llvm-project/compiler-rt/lib/fuzzer/FuzzerDriver.cpp;/src/llvm-project/compiler-rt/lib/fuzzer/FuzzerLoop.cpp;/src/llvm-project/compiler-rt/lib/fuzzer/FuzzerMain.cpp,
42513023,ghostpdl,https://cgit.ghostscript.com/ghostpdl.git6fd0c14775db5d10563f8b0401ee9f3f6bd29310,6fd0c14775db5d10563f8b0401ee9f3f6bd29310,https://cgit.ghostscript.com/ghostpdl.git,-1,,/src/ghostpdl/./base/fapi_ft.c;/src/ghostpdl/./base/gsmalloc.c;/src/ghostpdl/./base/gsmchunk.c;/src/ghostpdl/./base/gxfapi.c;/src/ghostpdl/./freetype/src/base/ftobjs.c;/src/ghostpdl/./freetype/src/base/ftstream.c;/src/ghostpdl/./freetype/src/sfnt/sfobjs.c;/src/ghostpdl/./freetype/src/truetype/ttobjs.c;/src/ghostpdl/./pdf/pdf_fapi.c;/src/ghostpdl/./pdf/pdf_file.c;/src/ghostpdl/./pdf/pdf_font.c;/src/ghostpdl/./pdf/pdf_fontTT.c;/src/ghostpdl/./pdf/pdf_int.c;/src/ghostpdl/./pdf/pdf_page.c;/src/ghostpdl/./psi/iapi.c;/src/ghostpdl/./psi/imain.c;/src/ghostpdl/./psi/imainarg.c;/src/ghostpdl/./psi/interp.c;/src/ghostpdl/./psi/psapi.c;/src/ghostpdl/./psi/zpdfops.c;/src/gs_device_pxlmono_fuzzer.cc;/src/gs_fuzzlib.h;/src/llvm-project/compiler-rt/lib/asan/asan_malloc_linux.cpp,
42513024,ghostpdl,https://cgit.ghostscript.com/ghostpdl.git6fd0c14775db5d10563f8b0401ee9f3f6bd29310,6fd0c14775db5d10563f8b0401ee9f3f6bd29310,https://cgit.ghostscript.com/ghostpdl.git,-1,,/src/ghostpdl/./base/fapi_ft.c;/src/ghostpdl/./base/gsmalloc.c;/src/ghostpdl/./base/gsmchunk.c;/src/ghostpdl/./base/gxfapi.c;/src/ghostpdl/./pdf/pdf_fapi.c;/src/ghostpdl/./pdf/pdf_font.c;/src/ghostpdl/./pdf/pdf_fontTT.c;/src/ghostpdl/./pdf/pdf_int.c;/src/ghostpdl/./pdf/pdf_page.c;/src/ghostpdl/./psi/iapi.c;/src/ghostpdl/./psi/imain.c;/src/ghostpdl/./psi/imainarg.c;/src/ghostpdl/./psi/interp.c;/src/ghostpdl/./psi/psapi.c;/src/ghostpdl/./psi/zpdfops.c;/src/gs_fuzzlib.h;/src/gstoraster_pdf_fuzzer.cc;/src/llvm-project/compiler-rt/lib/fuzzer/FuzzerDriver.cpp;/src/llvm-project/compiler-rt/lib/fuzzer/FuzzerLoop.cpp;/src/llvm-project/compiler-rt/lib/fuzzer/FuzzerMain.cpp,
42513027,ghostpdl,https://cgit.ghostscript.com/ghostpdl.git6fd0c14775db5d10563f8b0401ee9f3f6bd29310,6fd0c14775db5d10563f8b0401ee9f3f6bd29310,https://cgit.ghostscript.com/ghostpdl.git,-1,,/src/ghostpdl/./base/fapi_ft.c;/src/ghostpdl/./base/gsmalloc.c;/src/ghostpdl/./base/gsmchunk.c;/src/ghostpdl/./base/gxfapi.c;/src/ghostpdl/./freetype/src/base/ftobjs.c;/src/ghostpdl/./freetype/src/base/ftstream.c;/src/ghostpdl/./freetype/src/bdf/bdfdrivr.c;/src/ghostpdl/./freetype/src/bdf/bdflib.c;/src/ghostpdl/./pdf/pdf_check.c;/src/ghostpdl/./pdf/pdf_deref.c;/src/ghostpdl/./pdf/pdf_dict.c;/src/ghostpdl/./pdf/pdf_fapi.c;/src/ghostpdl/./pdf/pdf_font.c;/src/ghostpdl/./pdf/pdf_fontTT.c;/src/ghostpdl/./pdf/pdf_int.c;/src/ghostpdl/./pdf/pdf_obj.c;/src/ghostpdl/./pdf/pdf_page.c;/src/ghostpdl/./psi/iapi.c;/src/ghostpdl/./psi/imain.c;/src/ghostpdl/./psi/imainarg.c;/src/ghostpdl/./psi/interp.c;/src/ghostpdl/./psi/psapi.c;/src/ghostpdl/./psi/zpdfops.c;/src/gs_device_pxlmono_fuzzer.cc;/src/gs_fuzzlib.h;/src/llvm-project/compiler-rt/lib/asan/../sanitizer_common/sanitizer_common_interceptors.inc;/src/llvm-project/compiler-rt/lib/asan/asan_malloc_linux.cpp;/src/llvm-project/compiler-rt/lib/fuzzer/FuzzerDriver.cpp;/src/llvm-project/compiler-rt/lib/fuzzer/FuzzerLoop.cpp;/src/llvm-project/compiler-rt/lib/fuzzer/FuzzerMain.cpp,
42513629,ghostpdl,https://cgit.ghostscript.com/ghostpdl.git631aecc58ee697ee514fec9b49cad19f237caa20,631aecc58ee697ee514fec9b49cad19f237caa20,https://cgit.ghostscript.com/ghostpdl.git,-1,,/src/ghostpdl/./base/gstext.c;/src/ghostpdl/./devices/gxfcopy.c;/src/ghostpdl/./devices/vector/gdevpdtb.c;/src/ghostpdl/./devices/vector/gdevpdtd.c;/src/ghostpdl/./devices/vector/gdevpdte.c;/src/ghostpdl/./devices/vector/gdevpdtt.c;/src/ghostpdl/./pdf/pdf_fontTT.c;/src/ghostpdl/./pdf/pdf_int.c;/src/ghostpdl/./pdf/pdf_page.c;/src/ghostpdl/./pdf/pdf_text.c;/src/ghostpdl/./psi/iapi.c;/src/ghostpdl/./psi/imain.c;/src/ghostpdl/./psi/imainarg.c;/src/ghostpdl/./psi/iname.c;/src/ghostpdl/./psi/interp.c;/src/ghostpdl/./psi/psapi.c;/src/ghostpdl/./psi/zbfont.c;/src/ghostpdl/./psi/zpdfops.c;/src/gs_device_ps2write_fuzzer.cc;/src/gs_fuzzlib.h;/src/llvm-project/compiler-rt/lib/fuzzer/FuzzerDriver.cpp;/src/llvm-project/compiler-rt/lib/fuzzer/FuzzerLoop.cpp;/src/llvm-project/compiler-rt/lib/fuzzer/FuzzerMain.cpp,
42513893,ghostpdl,https://cgit.ghostscript.com/ghostpdl.gitcca48284c537fd9e32167fcf1066d9a8eb313157,cca48284c537fd9e32167fcf1066d9a8eb313157,https://cgit.ghostscript.com/ghostpdl.git,-1,,/src/ghostpdl/./base/gdevdevn.c;/src/ghostpdl/./base/gdevprn.c;/src/ghostpdl/./base/gp.h;/src/ghostpdl/./base/gp_unix.c;/src/ghostpdl/./base/gpmisc.c;/src/ghostpdl/./base/gsdevice.c;/src/ghostpdl/./base/gsdparam.c;/src/ghostpdl/./base/gsiodev.c;/src/ghostpdl/./base/gslibctx.c;/src/ghostpdl/./base/gsmalloc.c;/src/ghostpdl/./base/gstiffio.c;/src/ghostpdl/./devices/gdevtsep.c;/src/ghostpdl/./psi/iapi.c;/src/ghostpdl/./psi/imain.c;/src/ghostpdl/./psi/imainarg.c;/src/ghostpdl/./psi/interp.c;/src/ghostpdl/./psi/psapi.c;/src/ghostpdl/./psi/zdevice.c;/src/ghostpdl/./tiff//libtiff/tif_close.c;/src/ghostpdl/./tiff//libtiff/tif_dirwrite.c;/src/ghostpdl/./tiff//libtiff/tif_flush.c;/src/gs_device_tiffsep1_fuzzer.cc;/src/gs_fuzzlib.h;/src/llvm-project/compiler-rt/lib/asan/asan_malloc_linux.cpp;/src/llvm-project/compiler-rt/lib/fuzzer/FuzzerDriver.cpp;/src/llvm-project/compiler-rt/lib/fuzzer/FuzzerLoop.cpp;/src/llvm-project/compiler-rt/lib/fuzzer/FuzzerMain.cpp,
42513896,ghostpdl,https://cgit.ghostscript.com/ghostpdl.git3e86fa5ea2da0bde5e1fd9adaf297be874417993,3e86fa5ea2da0bde5e1fd9adaf297be874417993,https://cgit.ghostscript.com/ghostpdl.git,-1,,/src/ghostpdl/./base/gstext.c;/src/ghostpdl/./devices/vector/gdevpdtt.c;/src/ghostpdl/./pdf/pdf_int.c;/src/ghostpdl/./pdf/pdf_page.c;/src/ghostpdl/./pdf/pdf_text.c;/src/ghostpdl/./psi/iapi.c;/src/ghostpdl/./psi/imain.c;/src/ghostpdl/./psi/imainarg.c;/src/ghostpdl/./psi/interp.c;/src/ghostpdl/./psi/psapi.c;/src/ghostpdl/./psi/zpdfops.c;/src/gs_device_ps2write_fuzzer.cc;/src/gs_fuzzlib.h;/src/llvm-project/compiler-rt/lib/fuzzer/FuzzerDriver.cpp;/src/llvm-project/compiler-rt/lib/fuzzer/FuzzerLoop.cpp;/src/llvm-project/compiler-rt/lib/fuzzer/FuzzerMain.cpp,
42513980,ghostpdl,https://cgit.ghostscript.com/ghostpdl.gitdd907d6d9e772f91a9b652c3e765439f38e7147d,dd907d6d9e772f91a9b652c3e765439f38e7147d,https://cgit.ghostscript.com/ghostpdl.git,-1,,/src/ghostpdl/./pdf/ghostpdf.c;/src/ghostpdl/./pdf/pdf_repair.c;/src/ghostpdl/./pdf/pdf_xref.c;/src/ghostpdl/./psi/iapi.c;/src/ghostpdl/./psi/imain.c;/src/ghostpdl/./psi/imainarg.c;/src/ghostpdl/./psi/interp.c;/src/ghostpdl/./psi/psapi.c;/src/ghostpdl/./psi/zpdfops.c;/src/gs_device_pxlmono_fuzzer.cc;/src/gs_fuzzlib.h;/src/llvm-project/compiler-rt/lib/fuzzer/FuzzerDriver.cpp;/src/llvm-project/compiler-rt/lib/fuzzer/FuzzerLoop.cpp;/src/llvm-project/compiler-rt/lib/fuzzer/FuzzerMain.cpp,
42514033,ghostpdl,https://cgit.ghostscript.com/ghostpdl.git8958762daf5c75ebd7f076f5140376acd09652b4,8958762daf5c75ebd7f076f5140376acd09652b4,https://cgit.ghostscript.com/ghostpdl.git,-1,,/src/ghostpdl/./base/gsmalloc.c;/src/ghostpdl/./base/gsmchunk.c;/src/ghostpdl/./pdf/pdf_file.c;/src/ghostpdl/./pdf/pdf_font.c;/src/ghostpdl/./pdf/pdf_font0.c;/src/ghostpdl/./pdf/pdf_font11.c;/src/ghostpdl/./pdf/pdf_int.c;/src/ghostpdl/./pdf/pdf_obj.c;/src/ghostpdl/./pdf/pdf_page.c;/src/ghostpdl/./pdf/pdf_stack.h;/src/ghostpdl/./psi/iapi.c;/src/ghostpdl/./psi/imain.c;/src/ghostpdl/./psi/imainarg.c;/src/ghostpdl/./psi/interp.c;/src/ghostpdl/./psi/psapi.c;/src/ghostpdl/./psi/zpdfops.c;/src/gs_device_tiffsep1_fuzzer.cc;/src/gs_fuzzlib.h;/src/llvm-project/compiler-rt/lib/asan/asan_malloc_linux.cpp;/src/llvm-project/compiler-rt/lib/fuzzer/FuzzerDriver.cpp;/src/llvm-project/compiler-rt/lib/fuzzer/FuzzerLoop.cpp;/src/llvm-project/compiler-rt/lib/fuzzer/FuzzerMain.cpp,
42514042,ghostpdl,https://cgit.ghostscript.com/ghostpdl.git8958762daf5c75ebd7f076f5140376acd09652b4,8958762daf5c75ebd7f076f5140376acd09652b4,https://cgit.ghostscript.com/ghostpdl.git,-1,,/src/ghostpdl/./pdf/pdf_font.c;/src/ghostpdl/./pdf/pdf_font0.c;/src/ghostpdl/./pdf/pdf_font11.c;/src/ghostpdl/./pdf/pdf_image.c;/src/ghostpdl/./pdf/pdf_int.c;/src/ghostpdl/./pdf/pdf_obj.c;/src/ghostpdl/./pdf/pdf_page.c;/src/ghostpdl/./pdf/pdf_stack.h;/src/ghostpdl/./psi/iapi.c;/src/ghostpdl/./psi/imain.c;/src/ghostpdl/./psi/imainarg.c;/src/ghostpdl/./psi/interp.c;/src/ghostpdl/./psi/psapi.c;/src/ghostpdl/./psi/zpdfops.c;/src/gs_device_ps2write_fuzzer.cc;/src/gs_fuzzlib.h;/src/llvm-project/compiler-rt/lib/fuzzer/FuzzerDriver.cpp;/src/llvm-project/compiler-rt/lib/fuzzer/FuzzerLoop.cpp;/src/llvm-project/compiler-rt/lib/fuzzer/FuzzerMain.cpp,
42514528,ghostpdl,https://cgit.ghostscript.com/ghostpdl.git2b3b754fe12591dc26309fc92fcefac12ca5a6af,2b3b754fe12591dc26309fc92fcefac12ca5a6af,https://cgit.ghostscript.com/ghostpdl.git,-1,,/src/ghostpdl/./base/gsmalloc.c;/src/ghostpdl/./base/gsmchunk.c;/src/ghostpdl/./pdf/pdf_file.c;/src/ghostpdl/./pdf/pdf_font.c;/src/ghostpdl/./pdf/pdf_font0.c;/src/ghostpdl/./pdf/pdf_font1C.c;/src/ghostpdl/./pdf/pdf_int.c;/src/ghostpdl/./pdf/pdf_page.c;/src/ghostpdl/./psi/iapi.c;/src/ghostpdl/./psi/imain.c;/src/ghostpdl/./psi/imainarg.c;/src/ghostpdl/./psi/interp.c;/src/ghostpdl/./psi/psapi.c;/src/ghostpdl/./psi/zpdfops.c;/src/gs_device_ps2write_fuzzer.cc;/src/gs_fuzzlib.h;/src/llvm-project/compiler-rt/lib/asan/asan_malloc_linux.cpp;/src/llvm-project/compiler-rt/lib/fuzzer/FuzzerDriver.cpp;/src/llvm-project/compiler-rt/lib/fuzzer/FuzzerLoop.cpp;/src/llvm-project/compiler-rt/lib/fuzzer/FuzzerMain.cpp,
42514715,ghostpdl,https://cgit.ghostscript.com/ghostpdl.gitfc370414d680550407d6cb2a8f692c755fa02f6d,fc370414d680550407d6cb2a8f692c755fa02f6d,https://cgit.ghostscript.com/ghostpdl.git,-1,,/src/ghostpdl/./base/gsdevice.c;/src/ghostpdl/./base/gsfont.c;/src/ghostpdl/./base/gsgdata.c;/src/ghostpdl/./base/gstype2.c;/src/ghostpdl/./base/gxtype1.c;/src/ghostpdl/./devices/gxfcopy.c;/src/ghostpdl/./devices/vector/gdevpdf.c;/src/ghostpdl/./devices/vector/gdevpdtd.c;/src/ghostpdl/./devices/vector/gdevpdtw.c;/src/ghostpdl/./psi/iapi.c;/src/ghostpdl/./psi/imain.c;/src/ghostpdl/./psi/psapi.c;/src/gs_device_pdfwrite_fuzzer.cc;/src/gs_fuzzlib.h;/src/llvm-project/compiler-rt/lib/fuzzer/FuzzerDriver.cpp;/src/llvm-project/compiler-rt/lib/fuzzer/FuzzerLoop.cpp;/src/llvm-project/compiler-rt/lib/fuzzer/FuzzerMain.cpp,
42514759,ghostpdl,https://cgit.ghostscript.com/ghostpdl.git05efb77627aa0e05ab59ec1d6cb6988e1eb9710e,05efb77627aa0e05ab59ec1d6cb6988e1eb9710e,https://cgit.ghostscript.com/ghostpdl.git,-1,,/src/ghostpdl/./base/gsdevice.c;/src/ghostpdl/./base/gsfont.c;/src/ghostpdl/./base/gstype2.c;/src/ghostpdl/./base/gxtype1.c;/src/ghostpdl/./devices/gxfcopy.c;/src/ghostpdl/./devices/vector/gdevpdf.c;/src/ghostpdl/./devices/vector/gdevpdtd.c;/src/ghostpdl/./devices/vector/gdevpdtw.c;/src/ghostpdl/./psi/iapi.c;/src/ghostpdl/./psi/imain.c;/src/ghostpdl/./psi/psapi.c;/src/gs_device_pdfwrite_fuzzer.cc;/src/gs_fuzzlib.h;/src/llvm-project/compiler-rt/lib/fuzzer/FuzzerDriver.cpp;/src/llvm-project/compiler-rt/lib/fuzzer/FuzzerLoop.cpp;/src/llvm-project/compiler-rt/lib/fuzzer/FuzzerMain.cpp,
42514760,ghostpdl,https://cgit.ghostscript.com/ghostpdl.git27152931e783a7dffd22443c88e0234957ca1a1c,27152931e783a7dffd22443c88e0234957ca1a1c,https://cgit.ghostscript.com/ghostpdl.git,-1,,/src/ghostpdl/./base/gdevnfwd.c;/src/ghostpdl/./base/gsalloc.c;/src/ghostpdl/./base/gsdevice.c;/src/ghostpdl/./base/gsmalloc.c;/src/ghostpdl/./base/gsmemory.c;/src/ghostpdl/./base/gsstate.c;/src/ghostpdl/./psi/iapi.c;/src/ghostpdl/./psi/imain.c;/src/ghostpdl/./psi/imainarg.c;/src/ghostpdl/./psi/interp.c;/src/ghostpdl/./psi/isave.c;/src/ghostpdl/./psi/psapi.c;/src/ghostpdl/./psi/zdevice.c;/src/ghostpdl/./psi/zdevice2.c;/src/ghostpdl/./psi/zvmem.c;/src/gs_device_pdfwrite_fuzzer.cc;/src/gs_fuzzlib.h;/src/llvm-project/compiler-rt/lib/asan/asan_malloc_linux.cpp;/src/llvm-project/compiler-rt/lib/fuzzer/FuzzerDriver.cpp;/src/llvm-project/compiler-rt/lib/fuzzer/FuzzerLoop.cpp;/src/llvm-project/compiler-rt/lib/fuzzer/FuzzerMain.cpp,
42514781,ghostpdl,https://cgit.ghostscript.com/ghostpdl.giteba3379360caec1d881d96c5d51ed4282278cd1f,eba3379360caec1d881d96c5d51ed4282278cd1f,https://cgit.ghostscript.com/ghostpdl.git,-1,,/src/ghostpdl/./base/gsgdata.c;/src/ghostpdl/./base/gstext.c;/src/ghostpdl/./base/gxtype1.c;/src/ghostpdl/./devices/gxfcopy.c;/src/ghostpdl/./devices/vector/gdevpdtb.c;/src/ghostpdl/./devices/vector/gdevpdtd.c;/src/ghostpdl/./devices/vector/gdevpdte.c;/src/ghostpdl/./devices/vector/gdevpdtt.c;/src/ghostpdl/./devices/vector/gdevpsfu.c;/src/ghostpdl/./pdf/pdf_font1C.c;/src/ghostpdl/./pdf/pdf_int.c;/src/ghostpdl/./pdf/pdf_page.c;/src/ghostpdl/./pdf/pdf_text.c;/src/ghostpdl/./psi/iapi.c;/src/ghostpdl/./psi/imain.c;/src/ghostpdl/./psi/imainarg.c;/src/ghostpdl/./psi/interp.c;/src/ghostpdl/./psi/psapi.c;/src/ghostpdl/./psi/zpdfops.c;/src/gs_device_pdfwrite_fuzzer.cc;/src/gs_fuzzlib.h;/src/llvm-project/compiler-rt/lib/fuzzer/FuzzerDriver.cpp;/src/llvm-project/compiler-rt/lib/fuzzer/FuzzerLoop.cpp;/src/llvm-project/compiler-rt/lib/fuzzer/FuzzerMain.cpp,
42514830,ghostpdl,https://cgit.ghostscript.com/ghostpdl.gitc43a98a5ad48b9160d0b3741fe7319f4f580e26b,c43a98a5ad48b9160d0b3741fe7319f4f580e26b,https://cgit.ghostscript.com/ghostpdl.git,-1,,/src/ghostpdl/./base/gp.h;/src/ghostpdl/./base/sfxstdio.c;/src/ghostpdl/./base/stream.c;/src/ghostpdl/./psi/iapi.c;/src/ghostpdl/./psi/imain.c;/src/ghostpdl/./psi/isave.c;/src/ghostpdl/./psi/psapi.c;/src/gs_device_pdfwrite_fuzzer.cc;/src/gs_fuzzlib.h;/src/llvm-project/compiler-rt/lib/fuzzer/FuzzerDriver.cpp;/src/llvm-project/compiler-rt/lib/fuzzer/FuzzerLoop.cpp;/src/llvm-project/compiler-rt/lib/fuzzer/FuzzerMain.cpp,
42514870,ghostpdl,https://cgit.ghostscript.com/ghostpdl.git1d8d9605e251d1b51281efe5ef8db07640e49203,1d8d9605e251d1b51281efe5ef8db07640e49203,https://cgit.ghostscript.com/ghostpdl.git,-1,,/src/ghostpdl/./pdf/pdf_annot.c;/src/ghostpdl/./pdf/pdf_array.c;/src/ghostpdl/./pdf/pdf_deref.c;/src/ghostpdl/./pdf/pdf_dict.c;/src/ghostpdl/./pdf/pdf_int.c;/src/ghostpdl/./pdf/pdf_obj.c;/src/ghostpdl/./pdf/pdf_page.c;/src/ghostpdl/./pdf/pdf_stack.c;/src/ghostpdl/./pdf/pdf_stack.h;/src/ghostpdl/./psi/iapi.c;/src/ghostpdl/./psi/imain.c;/src/ghostpdl/./psi/imainarg.c;/src/ghostpdl/./psi/interp.c;/src/ghostpdl/./psi/psapi.c;/src/ghostpdl/./psi/zpdfops.c;/src/gs_device_pdfwrite_fuzzer.cc;/src/gs_fuzzlib.h;/src/llvm-project/compiler-rt/lib/fuzzer/FuzzerDriver.cpp;/src/llvm-project/compiler-rt/lib/fuzzer/FuzzerLoop.cpp;/src/llvm-project/compiler-rt/lib/fuzzer/FuzzerMain.cpp,
42514903,ghostpdl,https://cgit.ghostscript.com/ghostpdl.git1d8d9605e251d1b51281efe5ef8db07640e49203,1d8d9605e251d1b51281efe5ef8db07640e49203,https://cgit.ghostscript.com/ghostpdl.git,-1,,/base/szlibc.c;/src/ghostpdl/./base/gsmchunk.c;/src/ghostpdl/./base/szlibc.c;/src/ghostpdl/./base/szlibd.c;/src/ghostpdl/./pdf/pdf_annot.c;/src/ghostpdl/./pdf/pdf_deref.c;/src/ghostpdl/./pdf/pdf_dict.c;/src/ghostpdl/./pdf/pdf_file.c;/src/ghostpdl/./pdf/pdf_page.c;/src/ghostpdl/./psi/iapi.c;/src/ghostpdl/./psi/imain.c;/src/ghostpdl/./psi/imainarg.c;/src/ghostpdl/./psi/interp.c;/src/ghostpdl/./psi/psapi.c;/src/ghostpdl/./psi/zpdfops.c;/src/gs_device_eps2write_fuzzer.cc;/src/gs_fuzzlib.h;/src/llvm-project/compiler-rt/lib/fuzzer/FuzzerDriver.cpp;/src/llvm-project/compiler-rt/lib/fuzzer/FuzzerLoop.cpp;/src/llvm-project/compiler-rt/lib/fuzzer/FuzzerMain.cpp,
42515146,ghostpdl,https://cgit.ghostscript.com/ghostpdl.gited51807f5c7d5208c703de3ab60cff49adf96328,ed51807f5c7d5208c703de3ab60cff49adf96328,https://cgit.ghostscript.com/ghostpdl.git,-1,,/src/ghostpdl/./base/gsalloc.c;/src/ghostpdl/./base/gsdevice.c;/src/ghostpdl/./base/gsfont.c;/src/ghostpdl/./base/gsmalloc.c;/src/ghostpdl/./base/gstype42.c;/src/ghostpdl/./base/gxccache.c;/src/ghostpdl/./base/gxccman.c;/src/ghostpdl/./base/gxttfb.c;/src/ghostpdl/./base/ttfmain.c;/src/ghostpdl/./base/ttinterp.c;/src/ghostpdl/./base/ttload.c;/src/ghostpdl/./base/ttobjs.c;/src/ghostpdl/./devices/vector/gdevpdf.c;/src/ghostpdl/./devices/vector/gdevpdtd.c;/src/ghostpdl/./devices/vector/gdevpdtw.c;/src/ghostpdl/./psi/iapi.c;/src/ghostpdl/./psi/imain.c;/src/ghostpdl/./psi/psapi.c;/src/gs_device_pdfwrite_fuzzer.cc;/src/gs_fuzzlib.h;/src/llvm-project/compiler-rt/lib/asan/asan_malloc_linux.cpp;/src/llvm-project/compiler-rt/lib/fuzzer/FuzzerDriver.cpp;/src/llvm-project/compiler-rt/lib/fuzzer/FuzzerLoop.cpp;/src/llvm-project/compiler-rt/lib/fuzzer/FuzzerMain.cpp,
42515218,ghostpdl,https://cgit.ghostscript.com/ghostpdl.gita8168fcba7cf6ebb82d3ec334c25cfa57062fc83,a8168fcba7cf6ebb82d3ec334c25cfa57062fc83,https://cgit.ghostscript.com/ghostpdl.git,-1,,/src/ghostpdl/./base/fapi_ft.c;/src/ghostpdl/./base/gxfapi.c;/src/ghostpdl/./pdf/pdf_fapi.c;/src/ghostpdl/./pdf/pdf_font.c;/src/ghostpdl/./pdf/pdf_font0.c;/src/ghostpdl/./pdf/pdf_font1C.c;/src/ghostpdl/./pdf/pdf_int.c;/src/ghostpdl/./pdf/pdf_page.c;/src/ghostpdl/./psi/iapi.c;/src/ghostpdl/./psi/imain.c;/src/ghostpdl/./psi/imainarg.c;/src/ghostpdl/./psi/interp.c;/src/ghostpdl/./psi/psapi.c;/src/ghostpdl/./psi/zpdfops.c;/src/gs_device_pxlcolor_fuzzer.cc;/src/gs_fuzzlib.h;/src/llvm-project/compiler-rt/lib/fuzzer/FuzzerDriver.cpp;/src/llvm-project/compiler-rt/lib/fuzzer/FuzzerLoop.cpp;/src/llvm-project/compiler-rt/lib/fuzzer/FuzzerMain.cpp,
42515230,ghostpdl,https://cgit.ghostscript.com/ghostpdl.git593cc12df5834bf0734b4196d7447e02414f5ba3,593cc12df5834bf0734b4196d7447e02414f5ba3,https://cgit.ghostscript.com/ghostpdl.git,-1,,/psi/zupath.c;/src/ghostpdl/./base/gdevsclass.c;/src/ghostpdl/./base/gsimage.c;/src/ghostpdl/./base/gximdecode.c;/src/ghostpdl/./devices/vector/gdevxps.c;/src/ghostpdl/./pdf/pdf_image.c;/src/ghostpdl/./pdf/pdf_int.c;/src/ghostpdl/./pdf/pdf_page.c;/src/ghostpdl/./psi/iapi.c;/src/ghostpdl/./psi/imain.c;/src/ghostpdl/./psi/imainarg.c;/src/ghostpdl/./psi/interp.c;/src/ghostpdl/./psi/psapi.c;/src/ghostpdl/./psi/zpdfops.c;/src/gs_device_xpswrite_fuzzer.cc;/src/gs_fuzzlib.h;/src/llvm-project/compiler-rt/lib/fuzzer/FuzzerDriver.cpp;/src/llvm-project/compiler-rt/lib/fuzzer/FuzzerLoop.cpp;/src/llvm-project/compiler-rt/lib/fuzzer/FuzzerMain.cpp,
42515344,ghostpdl,https://cgit.ghostscript.com/ghostpdl.git00897ae3a48a4f36b84fe61a1e3aa6252bf418e5,00897ae3a48a4f36b84fe61a1e3aa6252bf418e5,https://cgit.ghostscript.com/ghostpdl.git,-1,,/src/ghostpdl/./base/gsfont.c;/src/ghostpdl/./base/gsmalloc.c;/src/ghostpdl/./base/gsmchunk.c;/src/ghostpdl/./base/gstext.c;/src/ghostpdl/./base/gstype42.c;/src/ghostpdl/./base/gxccman.c;/src/ghostpdl/./base/gxttfb.c;/src/ghostpdl/./base/szlibc.c;/src/ghostpdl/./base/ttfmain.c;/src/ghostpdl/./base/ttinterp.c;/src/ghostpdl/./base/ttobjs.c;/src/ghostpdl/./devices/vector/gdevpdtc.c;/src/ghostpdl/./devices/vector/gdevpdtt.c;/src/ghostpdl/./pdf/pdf_font11.c;/src/ghostpdl/./pdf/pdf_int.c;/src/ghostpdl/./pdf/pdf_page.c;/src/ghostpdl/./pdf/pdf_text.c;/src/ghostpdl/./psi/iapi.c;/src/ghostpdl/./psi/imain.c;/src/ghostpdl/./psi/imainarg.c;/src/ghostpdl/./psi/interp.c;/src/ghostpdl/./psi/psapi.c;/src/ghostpdl/./psi/zpdfops.c;/src/gs_device_pdfwrite_fuzzer.cc;/src/gs_fuzzlib.h;/src/llvm-project/compiler-rt/lib/asan/asan_malloc_linux.cpp;/src/llvm-project/compiler-rt/lib/fuzzer/FuzzerDriver.cpp;/src/llvm-project/compiler-rt/lib/fuzzer/FuzzerLoop.cpp;/src/llvm-project/compiler-rt/lib/fuzzer/FuzzerMain.cpp,
42515358,ghostpdl,https://cgit.ghostscript.com/ghostpdl.git361febcf961baa853f34909cd3925ffa7f90e7ea,361febcf961baa853f34909cd3925ffa7f90e7ea,https://cgit.ghostscript.com/ghostpdl.git,-1,,/src/ghostpdl/./base/gsalloc.c;/src/ghostpdl/./base/gscparam.c;/src/ghostpdl/./base/gsdevice.c;/src/ghostpdl/./base/gsdparam.c;/src/ghostpdl/./base/gsfont.c;/src/ghostpdl/./base/gsmalloc.c;/src/ghostpdl/./base/gsparam.c;/src/ghostpdl/./base/gstype42.c;/src/ghostpdl/./base/gxttfb.c;/src/ghostpdl/./base/ttfmain.c;/src/ghostpdl/./devices/vector/gdevpdf.c;/src/ghostpdl/./devices/vector/gdevpdfp.c;/src/ghostpdl/./devices/vector/gdevpdtd.c;/src/ghostpdl/./devices/vector/gdevpdtw.c;/src/ghostpdl/./devices/vector/gdevpsdp.c;/src/ghostpdl/./devices/vector/gdevpsdu.c;/src/ghostpdl/./psi/iapi.c;/src/ghostpdl/./psi/imain.c;/src/ghostpdl/./psi/imainarg.c;/src/ghostpdl/./psi/interp.c;/src/ghostpdl/./psi/psapi.c;/src/ghostpdl/./psi/zdevice.c;/src/gs_device_ps2write_fuzzer.cc;/src/gs_fuzzlib.h;/src/llvm-project/compiler-rt/lib/asan/asan_malloc_linux.cpp;/src/llvm-project/compiler-rt/lib/fuzzer/FuzzerDriver.cpp;/src/llvm-project/compiler-rt/lib/fuzzer/FuzzerLoop.cpp;/src/llvm-project/compiler-rt/lib/fuzzer/FuzzerMain.cpp,
42515409,ghostpdl,https://cgit.ghostscript.com/ghostpdl.git81c55ab199af28abf7e405f1e3ab2e76608b116b,81c55ab199af28abf7e405f1e3ab2e76608b116b,https://cgit.ghostscript.com/ghostpdl.git,-1,,/src/ghostpdl/./base/gdevsclass.c;/src/ghostpdl/./base/gsalloc.c;/src/ghostpdl/./base/gsimage.c;/src/ghostpdl/./base/gsmalloc.c;/src/ghostpdl/./devices/vector/gdevxps.c;/src/ghostpdl/./pdf/pdf_image.c;/src/ghostpdl/./pdf/pdf_int.c;/src/ghostpdl/./pdf/pdf_page.c;/src/ghostpdl/./psi/iapi.c;/src/ghostpdl/./psi/imain.c;/src/ghostpdl/./psi/imainarg.c;/src/ghostpdl/./psi/interp.c;/src/ghostpdl/./psi/psapi.c;/src/ghostpdl/./psi/zpdfops.c;/src/ghostpdl/./tiff//libtiff/tif_close.c;/src/ghostpdl/./tiff//libtiff/tif_dirwrite.c;/src/ghostpdl/./tiff//libtiff/tif_flush.c;/src/gs_device_xpswrite_fuzzer.cc;/src/gs_fuzzlib.h;/src/llvm-project/compiler-rt/lib/asan/asan_malloc_linux.cpp;/src/llvm-project/compiler-rt/lib/fuzzer/FuzzerDriver.cpp;/src/llvm-project/compiler-rt/lib/fuzzer/FuzzerLoop.cpp;/src/llvm-project/compiler-rt/lib/fuzzer/FuzzerMain.cpp,
42515535,ghostpdl,https://cgit.ghostscript.com/ghostpdl.git0c3592453c20d3e61f539232422f1f57014a055c,0c3592453c20d3e61f539232422f1f57014a055c,https://cgit.ghostscript.com/ghostpdl.git,-1,,/src/ghostpdl/./base/gstext.c;/src/ghostpdl/./devices/gxfcopy.c;/src/ghostpdl/./devices/vector/gdevpdtb.c;/src/ghostpdl/./devices/vector/gdevpdtd.c;/src/ghostpdl/./devices/vector/gdevpdte.c;/src/ghostpdl/./devices/vector/gdevpdtt.c;/src/ghostpdl/./pdf/pdf_font1C.c;/src/ghostpdl/./pdf/pdf_int.c;/src/ghostpdl/./pdf/pdf_page.c;/src/ghostpdl/./pdf/pdf_text.c;/src/ghostpdl/./psi/iapi.c;/src/ghostpdl/./psi/imain.c;/src/ghostpdl/./psi/imainarg.c;/src/ghostpdl/./psi/iname.c;/src/ghostpdl/./psi/interp.c;/src/ghostpdl/./psi/psapi.c;/src/ghostpdl/./psi/zbfont.c;/src/ghostpdl/./psi/zpdfops.c;/src/gs_device_pdfwrite_fuzzer.cc;/src/gs_fuzzlib.h;/src/llvm-project/compiler-rt/lib/fuzzer/FuzzerDriver.cpp;/src/llvm-project/compiler-rt/lib/fuzzer/FuzzerLoop.cpp;/src/llvm-project/compiler-rt/lib/fuzzer/FuzzerMain.cpp,
42515542,ghostpdl,https://cgit.ghostscript.com/ghostpdl.git21380a712bb427670db47a0193d450c35e72856a,21380a712bb427670db47a0193d450c35e72856a,https://cgit.ghostscript.com/ghostpdl.git,-1,,/src/ghostpdl/./base/gstext.c;/src/ghostpdl/./base/gxtype1.c;/src/ghostpdl/./devices/gxfcopy.c;/src/ghostpdl/./devices/vector/gdevpdtb.c;/src/ghostpdl/./devices/vector/gdevpdtd.c;/src/ghostpdl/./devices/vector/gdevpdte.c;/src/ghostpdl/./devices/vector/gdevpdtt.c;/src/ghostpdl/./devices/vector/gdevpsfu.c;/src/ghostpdl/./pdf/pdf_font1C.c;/src/ghostpdl/./pdf/pdf_int.c;/src/ghostpdl/./pdf/pdf_page.c;/src/ghostpdl/./pdf/pdf_text.c;/src/ghostpdl/./psi/iapi.c;/src/ghostpdl/./psi/imain.c;/src/ghostpdl/./psi/imainarg.c;/src/ghostpdl/./psi/interp.c;/src/ghostpdl/./psi/psapi.c;/src/ghostpdl/./psi/zpdfops.c;/src/gs_device_pdfwrite_fuzzer.cc;/src/gs_fuzzlib.h;/src/llvm-project/compiler-rt/lib/fuzzer/FuzzerDriver.cpp;/src/llvm-project/compiler-rt/lib/fuzzer/FuzzerLoop.cpp;/src/llvm-project/compiler-rt/lib/fuzzer/FuzzerMain.cpp,
42515579,ghostpdl,https://cgit.ghostscript.com/ghostpdl.gitf86dd15fb28335c36274d76fd98b5c8d49f4008a,f86dd15fb28335c36274d76fd98b5c8d49f4008a,https://cgit.ghostscript.com/ghostpdl.git,-1,,/src/ghostpdl/./base/ttinterp.c,
42515627,ghostpdl,https://cgit.ghostscript.com/ghostpdl.git92b792f6a34d2436772dd141760faf925e139c01,92b792f6a34d2436772dd141760faf925e139c01,https://cgit.ghostscript.com/ghostpdl.git,-1,,/src/ghostpdl/./base/gsdevice.c;/src/ghostpdl/./base/gsfont.c;/src/ghostpdl/./base/gstype2.c;/src/ghostpdl/./base/gxtype1.c;/src/ghostpdl/./devices/gxfcopy.c;/src/ghostpdl/./devices/vector/gdevpdf.c;/src/ghostpdl/./devices/vector/gdevpdtd.c;/src/ghostpdl/./devices/vector/gdevpdtw.c;/src/ghostpdl/./psi/iapi.c;/src/ghostpdl/./psi/imain.c;/src/ghostpdl/./psi/psapi.c;/src/gs_device_pdfwrite_fuzzer.cc;/src/gs_fuzzlib.h;/src/llvm-project/compiler-rt/lib/fuzzer/FuzzerDriver.cpp;/src/llvm-project/compiler-rt/lib/fuzzer/FuzzerLoop.cpp;/src/llvm-project/compiler-rt/lib/fuzzer/FuzzerMain.cpp,
42515834,ghostpdl,https://cgit.ghostscript.com/ghostpdl.git893e67b7b7253aa147740269525b2a071c7bbe79,893e67b7b7253aa147740269525b2a071c7bbe79,https://cgit.ghostscript.com/ghostpdl.git,-1,,/src/ghostpdl/./base/gsdevice.c;/src/ghostpdl/./base/gsfont.c;/src/ghostpdl/./base/gstype2.c;/src/ghostpdl/./base/gxtype1.c;/src/ghostpdl/./devices/gxfcopy.c;/src/ghostpdl/./devices/vector/gdevpdf.c;/src/ghostpdl/./devices/vector/gdevpdtd.c;/src/ghostpdl/./devices/vector/gdevpdtw.c;/src/ghostpdl/./psi/iapi.c;/src/ghostpdl/./psi/imain.c;/src/ghostpdl/./psi/psapi.c;/src/gs_device_pdfwrite_fuzzer.cc;/src/gs_fuzzlib.h;/src/llvm-project/compiler-rt/lib/fuzzer/FuzzerDriver.cpp;/src/llvm-project/compiler-rt/lib/fuzzer/FuzzerLoop.cpp;/src/llvm-project/compiler-rt/lib/fuzzer/FuzzerMain.cpp,
42515993,ghostpdl,https://cgit.ghostscript.com/ghostpdl.gite3615c77c860a20d7537f3d126c0aaa399c52787,e3615c77c860a20d7537f3d126c0aaa399c52787,https://cgit.ghostscript.com/ghostpdl.git,-1,,/src/ghostpdl/./base/gsalloc.c;/src/ghostpdl/./base/gsdevice.c;/src/ghostpdl/./base/gsfont.c;/src/ghostpdl/./base/gsmalloc.c;/src/ghostpdl/./base/gstype42.c;/src/ghostpdl/./base/gxccache.c;/src/ghostpdl/./base/gxccman.c;/src/ghostpdl/./base/gxttfb.c;/src/ghostpdl/./base/ttfmain.c;/src/ghostpdl/./base/ttinterp.c;/src/ghostpdl/./base/ttload.c;/src/ghostpdl/./base/ttobjs.c;/src/ghostpdl/./devices/vector/gdevpdf.c;/src/ghostpdl/./devices/vector/gdevpdtd.c;/src/ghostpdl/./devices/vector/gdevpdtw.c;/src/ghostpdl/./psi/iapi.c;/src/ghostpdl/./psi/imain.c;/src/ghostpdl/./psi/psapi.c;/src/gs_device_ps2write_fuzzer.cc;/src/gs_fuzzlib.h;/src/llvm-project/compiler-rt/lib/asan/asan_malloc_linux.cpp;/src/llvm-project/compiler-rt/lib/fuzzer/FuzzerDriver.cpp;/src/llvm-project/compiler-rt/lib/fuzzer/FuzzerLoop.cpp;/src/llvm-project/compiler-rt/lib/fuzzer/FuzzerMain.cpp,
42516054,ghostpdl,https://cgit.ghostscript.com/ghostpdl.git0823ba88a04c28cf531d36d253969d14099702bb,0823ba88a04c28cf531d36d253969d14099702bb,https://cgit.ghostscript.com/ghostpdl.git,-1,,/src/ghostpdl/./base/gsdevice.c;/src/ghostpdl/./base/stream.c;/src/ghostpdl/./base/szlibe.c;/src/ghostpdl/./devices/vector/gdevpdf.c;/src/ghostpdl/./devices/vector/gdevpdfu.c;/src/ghostpdl/./psi/iapi.c;/src/ghostpdl/./psi/imain.c;/src/ghostpdl/./psi/imainarg.c;/src/ghostpdl/./psi/interp.c;/src/ghostpdl/./psi/psapi.c;/src/ghostpdl/./psi/zdevice.c;/src/gs_device_pdfwrite_fuzzer.cc;/src/gs_fuzzlib.h;/src/llvm-project/compiler-rt/lib/fuzzer/FuzzerDriver.cpp;/src/llvm-project/compiler-rt/lib/fuzzer/FuzzerLoop.cpp;/src/llvm-project/compiler-rt/lib/fuzzer/FuzzerMain.cpp,
42516215,ghostpdl,https://cgit.ghostscript.com/ghostpdl.gita34f2ae161150be22b966b1fd584f4979f5d97aa,a34f2ae161150be22b966b1fd584f4979f5d97aa,https://cgit.ghostscript.com/ghostpdl.git,-1,,/src/ghostpdl/./base/gsalloc.c;/src/ghostpdl/./base/gsdevice.c;/src/ghostpdl/./base/gsfont.c;/src/ghostpdl/./base/gsmalloc.c;/src/ghostpdl/./base/gstype42.c;/src/ghostpdl/./base/gxccache.c;/src/ghostpdl/./base/gxccman.c;/src/ghostpdl/./base/gxttfb.c;/src/ghostpdl/./base/ttfmain.c;/src/ghostpdl/./base/ttinterp.c;/src/ghostpdl/./base/ttload.c;/src/ghostpdl/./base/ttobjs.c;/src/ghostpdl/./devices/vector/gdevpdf.c;/src/ghostpdl/./devices/vector/gdevpdtd.c;/src/ghostpdl/./devices/vector/gdevpdtw.c;/src/ghostpdl/./psi/iapi.c;/src/ghostpdl/./psi/imain.c;/src/ghostpdl/./psi/psapi.c;/src/gs_device_ps2write_fuzzer.cc;/src/gs_fuzzlib.h;/src/llvm-project/compiler-rt/lib/asan/asan_malloc_linux.cpp;/src/llvm-project/compiler-rt/lib/fuzzer/FuzzerDriver.cpp;/src/llvm-project/compiler-rt/lib/fuzzer/FuzzerLoop.cpp;/src/llvm-project/compiler-rt/lib/fuzzer/FuzzerMain.cpp,
42516356,ghostpdl,https://cgit.ghostscript.com/ghostpdl.gitebfb46da46e3f2872e4d1136571224a60891f80a,ebfb46da46e3f2872e4d1136571224a60891f80a,https://cgit.ghostscript.com/ghostpdl.git,-1,,/src/ghostpdl/./base/gdevvec.c;/src/ghostpdl/./base/gp.h;/src/ghostpdl/./base/gp_unix.c;/src/ghostpdl/./base/gpmisc.c;/src/ghostpdl/./base/gsdevice.c;/src/ghostpdl/./base/gsiodev.c;/src/ghostpdl/./base/gslibctx.c;/src/ghostpdl/./base/gsmalloc.c;/src/ghostpdl/./base/sfxstdio.c;/src/ghostpdl/./base/stream.c;/src/ghostpdl/./devices/vector/gdevpdf.c;/src/ghostpdl/./psi/iapi.c;/src/ghostpdl/./psi/imain.c;/src/ghostpdl/./psi/imainarg.c;/src/ghostpdl/./psi/interp.c;/src/ghostpdl/./psi/isave.c;/src/ghostpdl/./psi/psapi.c;/src/ghostpdl/./psi/zdevice.c;/src/gs_device_pdfwrite_fuzzer.cc;/src/gs_fuzzlib.h;/src/llvm-project/compiler-rt/lib/asan/asan_malloc_linux.cpp;/src/llvm-project/compiler-rt/lib/fuzzer/FuzzerDriver.cpp;/src/llvm-project/compiler-rt/lib/fuzzer/FuzzerLoop.cpp;/src/llvm-project/compiler-rt/lib/fuzzer/FuzzerMain.cpp,
42516801,ghostpdl,https://cgit.ghostscript.com/ghostpdl.gitb7f934c26b6d139d665ab924167036c74a973360,b7f934c26b6d139d665ab924167036c74a973360,https://cgit.ghostscript.com/ghostpdl.git,-1,,/src/ghostpdl/./base/gsfont.c;/src/ghostpdl/./base/gstext.c;/src/ghostpdl/./base/gstype2.c;/src/ghostpdl/./base/gxtype1.c;/src/ghostpdl/./devices/gxfcopy.c;/src/ghostpdl/./devices/vector/gdevpdtb.c;/src/ghostpdl/./devices/vector/gdevpdtd.c;/src/ghostpdl/./devices/vector/gdevpdte.c;/src/ghostpdl/./devices/vector/gdevpdtt.c;/src/ghostpdl/./pdf/pdf_font1C.c;/src/ghostpdl/./pdf/pdf_int.c;/src/ghostpdl/./pdf/pdf_page.c;/src/ghostpdl/./pdf/pdf_text.c;/src/ghostpdl/./psi/iapi.c;/src/ghostpdl/./psi/imain.c;/src/ghostpdl/./psi/imainarg.c;/src/ghostpdl/./psi/interp.c;/src/ghostpdl/./psi/psapi.c;/src/ghostpdl/./psi/zpdfops.c;/src/gs_device_pdfwrite_fuzzer.cc;/src/gs_fuzzlib.h;/src/llvm-project/compiler-rt/lib/fuzzer/FuzzerDriver.cpp;/src/llvm-project/compiler-rt/lib/fuzzer/FuzzerLoop.cpp;/src/llvm-project/compiler-rt/lib/fuzzer/FuzzerMain.cpp,
42517406,ghostpdl,https://cgit.ghostscript.com/ghostpdl.git28a4b16ec292d181b7227040dd47925e3b0949d9,28a4b16ec292d181b7227040dd47925e3b0949d9,https://cgit.ghostscript.com/ghostpdl.git,-1,,/src/ghostpdl/./base/gsfont.c;/src/ghostpdl/./base/gstext.c;/src/ghostpdl/./base/gstype2.c;/src/ghostpdl/./devices/gxfcopy.c;/src/ghostpdl/./devices/vector/gdevpdte.c;/src/ghostpdl/./devices/vector/gdevpdtt.c;/src/ghostpdl/./pdf/pdf_annot.c;/src/ghostpdl/./pdf/pdf_font1C.c;/src/ghostpdl/./pdf/pdf_image.c;/src/ghostpdl/./pdf/pdf_int.c;/src/ghostpdl/./pdf/pdf_page.c;/src/ghostpdl/./pdf/pdf_text.c;/src/ghostpdl/./psi/iapi.c;/src/ghostpdl/./psi/imain.c;/src/ghostpdl/./psi/imainarg.c;/src/ghostpdl/./psi/interp.c;/src/ghostpdl/./psi/psapi.c;/src/ghostpdl/./psi/zbfont.c;/src/ghostpdl/./psi/zpdfops.c;/src/gs_device_pdfwrite_fuzzer.cc;/src/gs_fuzzlib.h;/src/llvm-project/compiler-rt/lib/fuzzer/FuzzerDriver.cpp;/src/llvm-project/compiler-rt/lib/fuzzer/FuzzerLoop.cpp;/src/llvm-project/compiler-rt/lib/fuzzer/FuzzerMain.cpp,
42517605,ghostpdl,https://cgit.ghostscript.com/ghostpdl.gitfa394e79b7e2228aacc4c8366cd41c3b2d6b05f5,fa394e79b7e2228aacc4c8366cd41c3b2d6b05f5,https://cgit.ghostscript.com/ghostpdl.git,-1,,/base/gximdecode.c;/src/ghostpdl/./base/gdevepo.c;/src/ghostpdl/./base/gsimage.c;/src/ghostpdl/./base/gximdecode.c;/src/ghostpdl/./devices/vector/gdevxps.c;/src/ghostpdl/./pdf/pdf_image.c;/src/ghostpdl/./pdf/pdf_int.c;/src/ghostpdl/./pdf/pdf_page.c;/src/ghostpdl/./psi/iapi.c;/src/ghostpdl/./psi/imain.c;/src/ghostpdl/./psi/imainarg.c;/src/ghostpdl/./psi/interp.c;/src/ghostpdl/./psi/psapi.c;/src/ghostpdl/./psi/zpdfops.c;/src/gs_device_xpswrite_fuzzer.cc;/src/gs_fuzzlib.h;/src/llvm-project/compiler-rt/lib/fuzzer/FuzzerDriver.cpp;/src/llvm-project/compiler-rt/lib/fuzzer/FuzzerLoop.cpp;/src/llvm-project/compiler-rt/lib/fuzzer/FuzzerMain.cpp,
42517733,ghostpdl,https://cgit.ghostscript.com/ghostpdl.git272580021ad195598a822cb0916a752ade2ec174,272580021ad195598a822cb0916a752ade2ec174,https://cgit.ghostscript.com/ghostpdl.git,-1,,/src/ghostpdl/./base/gsfont.c;/src/ghostpdl/./base/gsmalloc.c;/src/ghostpdl/./base/gsmchunk.c;/src/ghostpdl/./pdf/ghostpdf.c;/src/ghostpdl/./psi/iapi.c;/src/ghostpdl/./psi/igc.c;/src/ghostpdl/./psi/imain.c;/src/ghostpdl/./psi/imainarg.c;/src/ghostpdl/./psi/interp.c;/src/ghostpdl/./psi/ireclaim.c;/src/ghostpdl/./psi/isave.c;/src/ghostpdl/./psi/psapi.c;/src/ghostpdl/./psi/zdevice2.c;/src/ghostpdl/./psi/zpdfops.c;/src/ghostpdl/./psi/zvmem.c;/src/gs_device_ps2write_fuzzer.cc;/src/gs_fuzzlib.h;/src/llvm-project/compiler-rt/lib/asan/asan_malloc_linux.cpp;/src/llvm-project/compiler-rt/lib/fuzzer/FuzzerDriver.cpp;/src/llvm-project/compiler-rt/lib/fuzzer/FuzzerLoop.cpp;/src/llvm-project/compiler-rt/lib/fuzzer/FuzzerMain.cpp,
42517808,ghostpdl,https://cgit.ghostscript.com/ghostpdl.gitcb46ea041582033e874e1e7b7149e9a9370e3b2f,cb46ea041582033e874e1e7b7149e9a9370e3b2f,https://cgit.ghostscript.com/ghostpdl.git,-1,,/src/ghostpdl/./base/gsdevice.c;/src/ghostpdl/./base/gsfont.c;/src/ghostpdl/./base/gstype42.c;/src/ghostpdl/./base/gxccache.c;/src/ghostpdl/./base/gxccman.c;/src/ghostpdl/./base/gxttfb.c;/src/ghostpdl/./base/ttfmain.c;/src/ghostpdl/./base/ttinterp.c;/src/ghostpdl/./base/ttobjs.c;/src/ghostpdl/./devices/vector/gdevpdf.c;/src/ghostpdl/./devices/vector/gdevpdtd.c;/src/ghostpdl/./devices/vector/gdevpdtw.c;/src/ghostpdl/./psi/iapi.c;/src/ghostpdl/./psi/imain.c;/src/ghostpdl/./psi/psapi.c;/src/gs_device_pdfwrite_opts_fuzzer.cc;/src/gs_fuzzlib.h;/src/llvm-project/compiler-rt/lib/fuzzer/FuzzerDriver.cpp;/src/llvm-project/compiler-rt/lib/fuzzer/FuzzerLoop.cpp;/src/llvm-project/compiler-rt/lib/fuzzer/FuzzerMain.cpp,
42517810,ghostpdl,https://cgit.ghostscript.com/ghostpdl.git519ca4efe92bd16f850cd32ac783c1015191230c,519ca4efe92bd16f850cd32ac783c1015191230c,https://cgit.ghostscript.com/ghostpdl.git,-1,,/src/ghostpdl/./base/gstext.c;/src/ghostpdl/./base/gstype2.c;/src/ghostpdl/./base/gxtype1.c;/src/ghostpdl/./devices/vector/gdevpdte.c;/src/ghostpdl/./devices/vector/gdevpdtt.c;/src/ghostpdl/./pdf/pdf_font1C.c;/src/ghostpdl/./pdf/pdf_int.c;/src/ghostpdl/./pdf/pdf_page.c;/src/ghostpdl/./pdf/pdf_text.c;/src/ghostpdl/./psi/iapi.c;/src/ghostpdl/./psi/imain.c;/src/ghostpdl/./psi/imainarg.c;/src/ghostpdl/./psi/interp.c;/src/ghostpdl/./psi/psapi.c;/src/ghostpdl/./psi/zpdfops.c;/src/gs_device_pdfwrite_fuzzer.cc;/src/gs_fuzzlib.h;/src/llvm-project/compiler-rt/lib/fuzzer/FuzzerDriver.cpp;/src/llvm-project/compiler-rt/lib/fuzzer/FuzzerLoop.cpp;/src/llvm-project/compiler-rt/lib/fuzzer/FuzzerMain.cpp,
42518256,ghostpdl,https://cgit.ghostscript.com/ghostpdl.gitdb34d54064ae35adc78a499c49363a256f5145f6,db34d54064ae35adc78a499c49363a256f5145f6,https://cgit.ghostscript.com/ghostpdl.git,-1,,/src/ghostpdl/./base/gdevdflt.c;/src/ghostpdl/./base/gdevepo.c;/src/ghostpdl/./base/gdevp14.c;/src/ghostpdl/./base/gdevppla.c;/src/ghostpdl/./base/gdevprn.c;/src/ghostpdl/./base/gdevsclass.c;/src/ghostpdl/./base/gsbitops.c;/src/ghostpdl/./base/gsmalloc.c;/src/ghostpdl/./base/gstext.c;/src/ghostpdl/./base/gstrans.c;/src/ghostpdl/./base/gxccache.c;/src/ghostpdl/./base/gxchar.c;/src/ghostpdl/./base/gxclbits.c;/src/ghostpdl/./base/gxclimag.c;/src/ghostpdl/./base/gxclist.c;/src/ghostpdl/./base/gximask.c;/src/ghostpdl/./pdf/pdf_int.c;/src/ghostpdl/./pdf/pdf_page.c;/src/ghostpdl/./pdf/pdf_text.c;/src/ghostpdl/./psi/iapi.c;/src/ghostpdl/./psi/imain.c;/src/ghostpdl/./psi/imainarg.c;/src/ghostpdl/./psi/interp.c;/src/ghostpdl/./psi/psapi.c;/src/ghostpdl/./psi/zpdfops.c;/src/gs_device_xpswrite_fuzzer.cc;/src/gs_fuzzlib.h;/src/llvm-project/compiler-rt/lib/asan/../sanitizer_common/sanitizer_common_interceptors.inc;/src/llvm-project/compiler-rt/lib/asan/asan_malloc_linux.cpp;/src/llvm-project/compiler-rt/lib/fuzzer/FuzzerDriver.cpp;/src/llvm-project/compiler-rt/lib/fuzzer/FuzzerLoop.cpp;/src/llvm-project/compiler-rt/lib/fuzzer/FuzzerMain.cpp,
42518437,ghostpdl,https://cgit.ghostscript.com/ghostpdl.gitc745108a1b72b7b14899e048ee76b99ee49d9d80,c745108a1b72b7b14899e048ee76b99ee49d9d80,https://cgit.ghostscript.com/ghostpdl.git,-1,,/src/ghostpdl/./base/gscolor2.c;/src/ghostpdl/./base/gsimage.c;/src/ghostpdl/./base/gsmalloc.c;/src/ghostpdl/./base/gsmchunk.c;/src/ghostpdl/./base/stream.c;/src/ghostpdl/./devices/vector/gdevpdfc.c;/src/ghostpdl/./devices/vector/gdevpdfi.c;/src/ghostpdl/./pdf/ghostpdf.c;/src/ghostpdl/./pdf/pdf_image.c;/src/ghostpdl/./pdf/pdf_int.c;/src/ghostpdl/./pdf/pdf_page.c;/src/ghostpdl/./psi/iapi.c;/src/ghostpdl/./psi/imain.c;/src/ghostpdl/./psi/imainarg.c;/src/ghostpdl/./psi/interp.c;/src/ghostpdl/./psi/psapi.c;/src/ghostpdl/./psi/zpdfops.c;/src/gs_device_pdfwrite_fuzzer.cc;/src/gs_fuzzlib.h;/src/llvm-project/compiler-rt/lib/asan/../sanitizer_common/sanitizer_common_interceptors.inc;/src/llvm-project/compiler-rt/lib/asan/asan_malloc_linux.cpp;/src/llvm-project/compiler-rt/lib/fuzzer/FuzzerDriver.cpp;/src/llvm-project/compiler-rt/lib/fuzzer/FuzzerLoop.cpp;/src/llvm-project/compiler-rt/lib/fuzzer/FuzzerMain.cpp,
42518540,ghostpdl,https://cgit.ghostscript.com/ghostpdl.gitf4bcc37667d82541eaf8a29e0b021fe1d7aa7b5b,f4bcc37667d82541eaf8a29e0b021fe1d7aa7b5b,https://cgit.ghostscript.com/ghostpdl.git,-1,,/src/ghostpdl/./base/gstext.c;/src/ghostpdl/./devices/vector/gdevpdtc.c;/src/ghostpdl/./devices/vector/gdevpdtf.c;/src/ghostpdl/./devices/vector/gdevpdtt.c;/src/ghostpdl/./devices/vector/gdevpdtw.c;/src/ghostpdl/./devices/vector/gdevpsfm.c;/src/ghostpdl/./pdf/pdf_int.c;/src/ghostpdl/./pdf/pdf_page.c;/src/ghostpdl/./pdf/pdf_text.c;/src/ghostpdl/./psi/iapi.c;/src/ghostpdl/./psi/imain.c;/src/ghostpdl/./psi/imainarg.c;/src/ghostpdl/./psi/interp.c;/src/ghostpdl/./psi/psapi.c;/src/ghostpdl/./psi/zpdfops.c;/src/gs_device_pdfwrite_fuzzer.cc;/src/gs_fuzzlib.h;/src/llvm-project/compiler-rt/lib/fuzzer/FuzzerDriver.cpp;/src/llvm-project/compiler-rt/lib/fuzzer/FuzzerLoop.cpp;/src/llvm-project/compiler-rt/lib/fuzzer/FuzzerMain.cpp,
42518690,ghostpdl,https://cgit.ghostscript.com/ghostpdl.git01c7ca7efc7c5c3bda61f6de37edd8ae00b40b8b,01c7ca7efc7c5c3bda61f6de37edd8ae00b40b8b,https://cgit.ghostscript.com/ghostpdl.git,-1,,/src/ghostpdl/./base/gsfont.c;/src/ghostpdl/./base/gsmalloc.c;/src/ghostpdl/./base/gsmchunk.c;/src/ghostpdl/./pdf/ghostpdf.c;/src/ghostpdl/./psi/iapi.c;/src/ghostpdl/./psi/igc.c;/src/ghostpdl/./psi/imain.c;/src/ghostpdl/./psi/imainarg.c;/src/ghostpdl/./psi/interp.c;/src/ghostpdl/./psi/ireclaim.c;/src/ghostpdl/./psi/isave.c;/src/ghostpdl/./psi/psapi.c;/src/ghostpdl/./psi/zdevice2.c;/src/ghostpdl/./psi/zpdfops.c;/src/ghostpdl/./psi/zvmem.c;/src/gs_device_ps2write_fuzzer.cc;/src/gs_fuzzlib.h;/src/llvm-project/compiler-rt/lib/asan/asan_malloc_linux.cpp;/src/llvm-project/compiler-rt/lib/fuzzer/FuzzerDriver.cpp;/src/llvm-project/compiler-rt/lib/fuzzer/FuzzerLoop.cpp;/src/llvm-project/compiler-rt/lib/fuzzer/FuzzerMain.cpp,
42518753,ghostpdl,https://cgit.ghostscript.com/ghostpdl.gitba9672456064ecc4166c6293bc36a1b126f3421a,ba9672456064ecc4166c6293bc36a1b126f3421a,https://cgit.ghostscript.com/ghostpdl.git,-1,,/src/ghostpdl/./base/gdevmem.c;/src/ghostpdl/./base/gsdevice.c;/src/ghostpdl/./psi/iapi.c;/src/ghostpdl/./psi/imain.c;/src/ghostpdl/./psi/imainarg.c;/src/ghostpdl/./psi/interp.c;/src/ghostpdl/./psi/psapi.c;/src/ghostpdl/./psi/zdevice.c;/src/gs_device_xpswrite_fuzzer.cc;/src/gs_fuzzlib.h;/src/llvm-project/compiler-rt/lib/fuzzer/FuzzerDriver.cpp;/src/llvm-project/compiler-rt/lib/fuzzer/FuzzerLoop.cpp;/src/llvm-project/compiler-rt/lib/fuzzer/FuzzerMain.cpp,
42519345,ghostpdl,https://cgit.ghostscript.com/ghostpdl.git1b5facd696e036ce738b93505ffd5ad03f0cb63c,1b5facd696e036ce738b93505ffd5ad03f0cb63c,https://cgit.ghostscript.com/ghostpdl.git,-1,,/src/ghostpdl/./base/gsmchunk.c;/src/ghostpdl/./pdf/ghostpdf.c;/src/ghostpdl/./pdf/pdf_xref.c;/src/ghostpdl/./psi/iapi.c;/src/ghostpdl/./psi/imain.c;/src/ghostpdl/./psi/imainarg.c;/src/ghostpdl/./psi/interp.c;/src/ghostpdl/./psi/psapi.c;/src/ghostpdl/./psi/zpdfops.c;/src/gs_device_bmpmono_fuzzer.cc;/src/gs_fuzzlib.h;/src/llvm-project/compiler-rt/lib/fuzzer/FuzzerDriver.cpp;/src/llvm-project/compiler-rt/lib/fuzzer/FuzzerLoop.cpp;/src/llvm-project/compiler-rt/lib/fuzzer/FuzzerMain.cpp,
42519429,ghostpdl,https://cgit.ghostscript.com/ghostpdl.git6324feaa1bdf8e4f50e49d332ce2ef9ec823aa98,6324feaa1bdf8e4f50e49d332ce2ef9ec823aa98,https://cgit.ghostscript.com/ghostpdl.git,-1,,/src/ghostpdl/./psi/iapi.c;/src/ghostpdl/./psi/igc.c;/src/ghostpdl/./psi/imain.c;/src/ghostpdl/./psi/interp.c;/src/ghostpdl/./psi/ireclaim.c;/src/ghostpdl/./psi/psapi.c;/src/gs_device_pxlmono_fuzzer.cc;/src/gs_fuzzlib.h;/src/llvm-project/compiler-rt/lib/fuzzer/FuzzerDriver.cpp;/src/llvm-project/compiler-rt/lib/fuzzer/FuzzerLoop.cpp;/src/llvm-project/compiler-rt/lib/fuzzer/FuzzerMain.cpp,
42519761,graphicsmagick,https://foss.heptapod.net/graphicsmagick/graphicsmagick6276f58fac266293f7892cf09c5ceb3a731df45d,6276f58fac266293f7892cf09c5ceb3a731df45d,https://foss.heptapod.net/graphicsmagick/graphicsmagick,-1,,/src/aflplusplus/utils/aflpp_driver/aflpp_driver.c;/src/graphicsmagick/Magick++/lib/Image.cpp;/src/graphicsmagick/coders/sun.c;/src/graphicsmagick/fuzzing/coder_fuzzer.cc;/src/graphicsmagick/magick/blob.c;/src/graphicsmagick/magick/constitute.c;/src/graphicsmagick/magick/memory.c;/src/llvm-project/compiler-rt/lib/asan/asan_malloc_linux.cpp,
42520464,ghostpdl,https://cgit.ghostscript.com/ghostpdl.gite8da62c6ab890c6a27762f9285441afc6920e558,e8da62c6ab890c6a27762f9285441afc6920e558,https://cgit.ghostscript.com/ghostpdl.git,-1,,/src/ghostpdl/./base/gsalloc.c;/src/ghostpdl/./base/gsmalloc.c;/src/ghostpdl/./psi/ialloc.c;/src/ghostpdl/./psi/iapi.c;/src/ghostpdl/./psi/idict.c;/src/ghostpdl/./psi/igc.c;/src/ghostpdl/./psi/imain.c;/src/ghostpdl/./psi/imainarg.c;/src/ghostpdl/./psi/interp.c;/src/ghostpdl/./psi/ireclaim.c;/src/ghostpdl/./psi/isave.c;/src/ghostpdl/./psi/psapi.c;/src/ghostpdl/./psi/zdevice2.c;/src/ghostpdl/./psi/zgeneric.c;/src/ghostpdl/./psi/zvmem.c;/src/gs_device_faxg3_fuzzer.cc;/src/gs_fuzzlib.h;/src/llvm-project/compiler-rt/lib/asan/asan_malloc_linux.cpp;/src/llvm-project/compiler-rt/lib/fuzzer/FuzzerDriver.cpp;/src/llvm-project/compiler-rt/lib/fuzzer/FuzzerLoop.cpp;/src/llvm-project/compiler-rt/lib/fuzzer/FuzzerMain.cpp,
42520968,ghostpdl,https://cgit.ghostscript.com/ghostpdl.git372b7efe8d597b56fb96bf6137af42a48e644fb4,372b7efe8d597b56fb96bf6137af42a48e644fb4,https://cgit.ghostscript.com/ghostpdl.git,-1,,/src/ghostpdl/./base/gsfunc0.c;/src/ghostpdl/./psi/iapi.c;/src/ghostpdl/./psi/imain.c;/src/ghostpdl/./psi/interp.c;/src/ghostpdl/./psi/psapi.c;/src/ghostpdl/./psi/zfsample.c;/src/gs_fuzzlib.h;/src/gstoraster_fuzzer.cc;/src/llvm-project/compiler-rt/lib/fuzzer/FuzzerDriver.cpp;/src/llvm-project/compiler-rt/lib/fuzzer/FuzzerLoop.cpp;/src/llvm-project/compiler-rt/lib/fuzzer/FuzzerMain.cpp,
42521255,ghostpdl,https://cgit.ghostscript.com/ghostpdl.git8cfe505e168185fecd1b573711c68252aefb9f77,8cfe505e168185fecd1b573711c68252aefb9f77,https://cgit.ghostscript.com/ghostpdl.git,-1,,/src/ghostpdl/./pdf/pdf_font.c;/src/ghostpdl/./pdf/pdf_font1C.c;/src/ghostpdl/./pdf/pdf_int.c;/src/ghostpdl/./pdf/pdf_page.c;/src/ghostpdl/./psi/iapi.c;/src/ghostpdl/./psi/imain.c;/src/ghostpdl/./psi/imainarg.c;/src/ghostpdl/./psi/interp.c;/src/ghostpdl/./psi/psapi.c;/src/ghostpdl/./psi/zpdfops.c;/src/gs_device_pdfwrite_fuzzer.cc;/src/gs_fuzzlib.h;/src/llvm-project/compiler-rt/lib/fuzzer/FuzzerDriver.cpp;/src/llvm-project/compiler-rt/lib/fuzzer/FuzzerLoop.cpp;/src/llvm-project/compiler-rt/lib/fuzzer/FuzzerMain.cpp,
42521685,ghostpdl,https://cgit.ghostscript.com/ghostpdl.gitf62a3f606db3163b85666a0b8997e52987c87e97,f62a3f606db3163b85666a0b8997e52987c87e97,https://cgit.ghostscript.com/ghostpdl.git,-1,,/src/ghostpdl/./base/gdevp14.c;/src/ghostpdl/./base/gdevprn.c;/src/ghostpdl/./base/gsalloc.c;/src/ghostpdl/./base/gsdevice.c;/src/ghostpdl/./base/gsmalloc.c;/src/ghostpdl/./base/gstrans.c;/src/ghostpdl/./base/gxblend1.c;/src/ghostpdl/./base/gxclrast.c;/src/ghostpdl/./base/gxclread.c;/src/ghostpdl/./devices/gdevbmp.c;/src/ghostpdl/./psi/iapi.c;/src/ghostpdl/./psi/imain.c;/src/ghostpdl/./psi/imainarg.c;/src/ghostpdl/./psi/interp.c;/src/ghostpdl/./psi/psapi.c;/src/ghostpdl/./psi/zdevice.c;/src/gs_device_bmpmono_fuzzer.cc;/src/gs_fuzzlib.h;/src/llvm-project/compiler-rt/lib/asan/../sanitizer_common/sanitizer_common_interceptors.inc;/src/llvm-project/compiler-rt/lib/asan/asan_malloc_linux.cpp;/src/llvm-project/compiler-rt/lib/fuzzer/FuzzerDriver.cpp;/src/llvm-project/compiler-rt/lib/fuzzer/FuzzerLoop.cpp;/src/llvm-project/compiler-rt/lib/fuzzer/FuzzerMain.cpp,
42523019,ghostpdl,https://cgit.ghostscript.com/ghostpdl.git7eced55b5700c0d2aa2e102ed78f10b0ce755a64,7eced55b5700c0d2aa2e102ed78f10b0ce755a64,https://cgit.ghostscript.com/ghostpdl.git,-1,,/src/ghostpdl/./base/gsfunc3.c;/src/ghostpdl/./pdf/pdf_gstate.c;/src/ghostpdl/./pdf/pdf_int.c;/src/ghostpdl/./pdf/pdf_page.c;/src/ghostpdl/./psi/iapi.c;/src/ghostpdl/./psi/imain.c;/src/ghostpdl/./psi/imainarg.c;/src/ghostpdl/./psi/interp.c;/src/ghostpdl/./psi/psapi.c;/src/ghostpdl/./psi/zpdfops.c;/src/gstoraster_fuzzlib.h;/src/gstoraster_pdf_fuzzer.cc;/src/llvm-project/compiler-rt/lib/fuzzer/FuzzerDriver.cpp;/src/llvm-project/compiler-rt/lib/fuzzer/FuzzerLoop.cpp;/src/llvm-project/compiler-rt/lib/fuzzer/FuzzerMain.cpp,
42523169,ghostpdl,https://cgit.ghostscript.com/ghostpdl.gitacaa21f68ede3ae8fca48136fa95ee32de6533b2,acaa21f68ede3ae8fca48136fa95ee32de6533b2,https://cgit.ghostscript.com/ghostpdl.git,-1,,/src/ghostpdl/./pdf/pdf_font.c;/src/ghostpdl/./pdf/pdf_font0.c;/src/ghostpdl/./pdf/pdf_font1C.c;/src/ghostpdl/./pdf/pdf_int.c;/src/ghostpdl/./pdf/pdf_page.c;/src/ghostpdl/./psi/iapi.c;/src/ghostpdl/./psi/imain.c;/src/ghostpdl/./psi/imainarg.c;/src/ghostpdl/./psi/interp.c;/src/ghostpdl/./psi/psapi.c;/src/ghostpdl/./psi/zpdfops.c;/src/gs_device_psdcmyk_fuzzer.cc;/src/gs_fuzzlib.h;/src/llvm-project/compiler-rt/lib/fuzzer/FuzzerDriver.cpp;/src/llvm-project/compiler-rt/lib/fuzzer/FuzzerLoop.cpp;/src/llvm-project/compiler-rt/lib/fuzzer/FuzzerMain.cpp,
42523579,njs,http://hg.nginx.org/njsb9d18d4dd34e6335201cf8425ce07da06ffead30,b9d18d4dd34e6335201cf8425ce07da06ffead30,http://hg.nginx.org/njs,-1,,/src/llvm-project/compiler-rt/lib/fuzzer/FuzzerDriver.cpp;/src/llvm-project/compiler-rt/lib/fuzzer/FuzzerLoop.cpp;/src/llvm-project/compiler-rt/lib/fuzzer/FuzzerMain.cpp;/src/njs/src/njs_scope.h;/src/njs/src/njs_shell.c;/src/njs/src/njs_vm.c;/src/njs/src/njs_vmcode.c,
42523752,ghostpdl,https://cgit.ghostscript.com/ghostpdl.git38e5e7a1f535c85f0c0c699214aca533ba552a79,38e5e7a1f535c85f0c0c699214aca533ba552a79,https://cgit.ghostscript.com/ghostpdl.git,-1,,/src/ghostpdl/./pdf/pdf_font.c;/src/ghostpdl/./pdf/pdf_font0.c;/src/ghostpdl/./pdf/pdf_font1C.c;/src/ghostpdl/./pdf/pdf_int.c;/src/ghostpdl/./pdf/pdf_page.c;/src/ghostpdl/./psi/iapi.c;/src/ghostpdl/./psi/imain.c;/src/ghostpdl/./psi/imainarg.c;/src/ghostpdl/./psi/interp.c;/src/ghostpdl/./psi/psapi.c;/src/ghostpdl/./psi/zpdfops.c;/src/gs_device_ps2write_fuzzer.cc;/src/gs_fuzzlib.h;/src/llvm-project/compiler-rt/lib/fuzzer/FuzzerDriver.cpp;/src/llvm-project/compiler-rt/lib/fuzzer/FuzzerLoop.cpp;/src/llvm-project/compiler-rt/lib/fuzzer/FuzzerMain.cpp,
42523772,ghostpdl,https://cgit.ghostscript.com/ghostpdl.git1e2dc072cd7c71620e5e2810566f3996945b02e5,1e2dc072cd7c71620e5e2810566f3996945b02e5,https://cgit.ghostscript.com/ghostpdl.git,-1,,/src/ghostpdl/./base/gscspace.c;/src/ghostpdl/./base/gsmalloc.c;/src/ghostpdl/./base/gsmchunk.c;/src/ghostpdl/./pdf/ghostpdf.c;/src/ghostpdl/./pdf/pdf_colour.c;/src/ghostpdl/./psi/iapi.c;/src/ghostpdl/./psi/imain.c;/src/ghostpdl/./psi/imainarg.c;/src/ghostpdl/./psi/interp.c;/src/ghostpdl/./psi/isave.c;/src/ghostpdl/./psi/psapi.c;/src/ghostpdl/./psi/zdevice2.c;/src/ghostpdl/./psi/zpdfops.c;/src/ghostpdl/./psi/zvmem.c;/src/gs_device_psdcmyk_fuzzer.cc;/src/gs_fuzzlib.h;/src/llvm-project/compiler-rt/lib/asan/asan_malloc_linux.cpp;/src/llvm-project/compiler-rt/lib/fuzzer/FuzzerDriver.cpp;/src/llvm-project/compiler-rt/lib/fuzzer/FuzzerLoop.cpp;/src/llvm-project/compiler-rt/lib/fuzzer/FuzzerMain.cpp,
42524439,ghostpdl,https://cgit.ghostscript.com/ghostpdl.gitcb65460faf6fea43d7489943656bc78c157e203a,cb65460faf6fea43d7489943656bc78c157e203a,https://cgit.ghostscript.com/ghostpdl.git,-1,,/src/ghostpdl/./psi/iapi.c;/src/ghostpdl/./psi/igc.c;/src/ghostpdl/./psi/imain.c;/src/ghostpdl/./psi/interp.c;/src/ghostpdl/./psi/ireclaim.c;/src/ghostpdl/./psi/psapi.c;/src/gs_device_ps2write_fuzzer.cc;/src/gs_fuzzlib.h;/src/llvm-project/compiler-rt/lib/fuzzer/FuzzerDriver.cpp;/src/llvm-project/compiler-rt/lib/fuzzer/FuzzerLoop.cpp;/src/llvm-project/compiler-rt/lib/fuzzer/FuzzerMain.cpp,
42524902,njs,http://hg.nginx.org/njsaa05db6d896f5d0ce013c7d43717463095d70a1e,aa05db6d896f5d0ce013c7d43717463095d70a1e,http://hg.nginx.org/njs,-1,,/src/aflplusplus/utils/aflpp_driver/aflpp_driver.c;/src/njs/external/njs_shell.c;/src/njs/src/njs_scope.h;/src/njs/src/njs_vm.c;/src/njs/src/njs_vmcode.c,
42525426,graphicsmagick,https://foss.heptapod.net/graphicsmagick/graphicsmagickd45cc9051a4f852baf6745b230bd2e2564b81e96,d45cc9051a4f852baf6745b230bd2e2564b81e96,https://foss.heptapod.net/graphicsmagick/graphicsmagick,-1,,/src/graphicsmagick/Magick++/lib/Image.cpp;/src/graphicsmagick/coders/topol.c;/src/graphicsmagick/fuzzing/coder_fuzzer.cc;/src/graphicsmagick/magick/blob.c;/src/graphicsmagick/magick/constitute.c;/src/graphicsmagick/magick/export.c;/src/graphicsmagick/magick/memory.c;/src/graphicsmagick/magick/pixel_cache.c;/src/llvm-project/compiler-rt/lib/fuzzer/FuzzerDriver.cpp;/src/llvm-project/compiler-rt/lib/fuzzer/FuzzerLoop.cpp;/src/llvm-project/compiler-rt/lib/fuzzer/FuzzerMain.cpp;/src/llvm-project/compiler-rt/lib/msan/msan_interceptors.cpp,
42525587,ghostpdl,https://cgit.ghostscript.com/ghostpdl.gitcd3143c71173e67226dc8102b49a3b304162dcdf,cd3143c71173e67226dc8102b49a3b304162dcdf,https://cgit.ghostscript.com/ghostpdl.git,-1,,/src/ghostpdl/./base/gsmalloc.c;/src/ghostpdl/./base/gsmchunk.c;/src/ghostpdl/./base/szlibc.c;/src/ghostpdl/./pdf/pdf_font.c;/src/ghostpdl/./pdf/pdf_font1C.c;/src/ghostpdl/./pdf/pdf_image.c;/src/ghostpdl/./pdf/pdf_int.c;/src/ghostpdl/./pdf/pdf_page.c;/src/ghostpdl/./psi/iapi.c;/src/ghostpdl/./psi/imain.c;/src/ghostpdl/./psi/imainarg.c;/src/ghostpdl/./psi/interp.c;/src/ghostpdl/./psi/psapi.c;/src/ghostpdl/./psi/zpdfops.c;/src/gs_fuzzlib.h;/src/gstoraster_pdf_fuzzer.cc;/src/llvm-project/compiler-rt/lib/asan/asan_malloc_linux.cpp;/src/llvm-project/compiler-rt/lib/fuzzer/FuzzerDriver.cpp;/src/llvm-project/compiler-rt/lib/fuzzer/FuzzerLoop.cpp;/src/llvm-project/compiler-rt/lib/fuzzer/FuzzerMain.cpp,
42525801,njs,http://hg.nginx.org/njs2c532e7c29ac183463401e37d9bb1ebab7848688,2c532e7c29ac183463401e37d9bb1ebab7848688,http://hg.nginx.org/njs,-1,,/src/llvm-project/compiler-rt/lib/fuzzer/FuzzerDriver.cpp;/src/llvm-project/compiler-rt/lib/fuzzer/FuzzerLoop.cpp;/src/llvm-project/compiler-rt/lib/fuzzer/FuzzerMain.cpp;/src/njs/external/njs_shell.c;/src/njs/src/njs_scope.h;/src/njs/src/njs_vm.c;/src/njs/src/njs_vmcode.c,
42526582,njs,http://hg.nginx.org/njsc081cc5377a8cdff216a5cfaea5a5fb3ff75d213,c081cc5377a8cdff216a5cfaea5a5fb3ff75d213,http://hg.nginx.org/njs,-1,,/src/njs/src/njs_scope.h;/src/njs/src/njs_shell.c;/src/njs/src/njs_vm.c;/src/njs/src/njs_vmcode.c,
42527071,graphicsmagick,https://foss.heptapod.net/graphicsmagick/graphicsmagick2fd2e662359d6ef85b0507f09a1a905233749b57,2fd2e662359d6ef85b0507f09a1a905233749b57,https://foss.heptapod.net/graphicsmagick/graphicsmagick,-1,,/src/graphicsmagick/Magick++/lib/Image.cpp;/src/graphicsmagick/coders/pnm.c;/src/graphicsmagick/coders/wpg.c;/src/graphicsmagick/fuzzing/coder_fuzzer.cc;/src/graphicsmagick/magick/blob.c;/src/graphicsmagick/magick/constitute.c;/src/graphicsmagick/magick/memory.c;/src/graphicsmagick/magick/pixel_cache.c;/src/graphicsmagick/magick/quantize.c;/src/llvm-project/compiler-rt/lib/fuzzer/FuzzerDriver.cpp;/src/llvm-project/compiler-rt/lib/fuzzer/FuzzerLoop.cpp;/src/llvm-project/compiler-rt/lib/fuzzer/FuzzerMain.cpp;/src/llvm-project/compiler-rt/lib/msan/msan_interceptors.cpp,
42528321,graphicsmagick,https://foss.heptapod.net/graphicsmagick/graphicsmagickde05af6c7e6895f845579bd72ebc0a1fb6f0c320,de05af6c7e6895f845579bd72ebc0a1fb6f0c320,https://foss.heptapod.net/graphicsmagick/graphicsmagick,-1,,/src/graphicsmagick/Magick++/lib/Image.cpp;/src/graphicsmagick/coders/bmp.c;/src/graphicsmagick/fuzzing/coder_fuzzer.cc;/src/graphicsmagick/magick/blob.c;/src/graphicsmagick/magick/constitute.c;/src/graphicsmagick/magick/memory.c;/src/llvm-project/compiler-rt/lib/fuzzer/FuzzerDriver.cpp;/src/llvm-project/compiler-rt/lib/fuzzer/FuzzerLoop.cpp;/src/llvm-project/compiler-rt/lib/fuzzer/FuzzerMain.cpp;/src/llvm-project/compiler-rt/lib/msan/msan_interceptors.cpp,
42528868,njs,http://hg.nginx.org/njsc16f64d334f21b370ab0aebe44c350dd98f33d73,c16f64d334f21b370ab0aebe44c350dd98f33d73,http://hg.nginx.org/njs,-1,,/src/llvm-project/compiler-rt/lib/fuzzer/FuzzerDriver.cpp;/src/llvm-project/compiler-rt/lib/fuzzer/FuzzerLoop.cpp;/src/llvm-project/compiler-rt/lib/fuzzer/FuzzerMain.cpp;/src/llvm-project/compiler-rt/lib/msan/msan_interceptors.cpp;/src/njs/external/njs_shell.c;/src/njs/src/njs_array.c;/src/njs/src/njs_chb.c;/src/njs/src/njs_function.c;/src/njs/src/njs_function.h;/src/njs/src/njs_value.c;/src/njs/src/njs_value_conversion.h;/src/njs/src/njs_vm.c;/src/njs/src/njs_vmcode.c,
42528871,ghostpdl,https://cgit.ghostscript.com/ghostpdl.git6a3097e2262b61a953651b6280247705945f4c82,6a3097e2262b61a953651b6280247705945f4c82,https://cgit.ghostscript.com/ghostpdl.git,-1,,/src/ghostpdl/./base/gdevnfwd.c;/src/ghostpdl/./base/gsalloc.c;/src/ghostpdl/./base/gsdevice.c;/src/ghostpdl/./base/gsimage.c;/src/ghostpdl/./base/gsmalloc.c;/src/ghostpdl/./base/gximage3.c;/src/ghostpdl/./devices/vector/gdevpdfi.c;/src/ghostpdl/./pdf/pdf_image.c;/src/ghostpdl/./pdf/pdf_int.c;/src/ghostpdl/./pdf/pdf_page.c;/src/ghostpdl/./psi/iapi.c;/src/ghostpdl/./psi/imain.c;/src/ghostpdl/./psi/imainarg.c;/src/ghostpdl/./psi/interp.c;/src/ghostpdl/./psi/isave.c;/src/ghostpdl/./psi/psapi.c;/src/ghostpdl/./psi/zdevice2.c;/src/ghostpdl/./psi/zpdfops.c;/src/ghostpdl/./psi/zvmem.c;/src/gs_device_pdfwrite_fuzzer.cc;/src/gs_fuzzlib.h;/src/llvm-project/compiler-rt/lib/asan/asan_malloc_linux.cpp;/src/llvm-project/compiler-rt/lib/fuzzer/FuzzerDriver.cpp;/src/llvm-project/compiler-rt/lib/fuzzer/FuzzerLoop.cpp;/src/llvm-project/compiler-rt/lib/fuzzer/FuzzerMain.cpp,
42529061,ghostpdl,https://cgit.ghostscript.com/ghostpdl.gitcf8dfe905be28f1e74416441eed760e704ae1f4d,"d778b932be407d02690cd93df98fb1f891fde289
cf8dfe905be28f1e74416441eed760e704ae1f4d",https://cgit.ghostscript.com/ghostpdl.git,-1,,/src/ghostpdl/./base/gdevddrw.c;/src/ghostpdl/./base/gsalloc.c;/src/ghostpdl/./base/gsimage.c;/src/ghostpdl/./base/gsmalloc.c;/src/ghostpdl/./base/gxclimag.c;/src/ghostpdl/./base/gximage1.c;/src/ghostpdl/./base/gxipixel.c;/src/ghostpdl/./pdf/pdf_image.c;/src/ghostpdl/./pdf/pdf_int.c;/src/ghostpdl/./pdf/pdf_page.c;/src/ghostpdl/./psi/iapi.c;/src/ghostpdl/./psi/imain.c;/src/ghostpdl/./psi/imainarg.c;/src/ghostpdl/./psi/interp.c;/src/ghostpdl/./psi/psapi.c;/src/ghostpdl/./psi/zpdfops.c;/src/gs_device_tiffsep1_fuzzer.cc;/src/gs_fuzzlib.h;/src/llvm-project/compiler-rt/lib/asan/asan_malloc_linux.cpp;/src/llvm-project/compiler-rt/lib/fuzzer/FuzzerDriver.cpp;/src/llvm-project/compiler-rt/lib/fuzzer/FuzzerLoop.cpp;/src/llvm-project/compiler-rt/lib/fuzzer/FuzzerMain.cpp,
42529575,ghostpdl,https://cgit.ghostscript.com/ghostpdl.git74bfcfea5faa35ee3c5e7e2690b2473e0c4aac59,74bfcfea5faa35ee3c5e7e2690b2473e0c4aac59,https://cgit.ghostscript.com/ghostpdl.git,-1,,/src/ghostpdl/./base/gsalloc.c;/src/ghostpdl/./base/gsdevice.c;/src/ghostpdl/./base/gsfont.c;/src/ghostpdl/./base/gsht.c;/src/ghostpdl/./base/gsmalloc.c;/src/ghostpdl/./base/gstype42.c;/src/ghostpdl/./base/gxccache.c;/src/ghostpdl/./base/gxccman.c;/src/ghostpdl/./base/gxht.c;/src/ghostpdl/./base/gxttfb.c;/src/ghostpdl/./base/ttfmain.c;/src/ghostpdl/./base/ttinterp.c;/src/ghostpdl/./base/ttobjs.c;/src/ghostpdl/./devices/vector/gdevpdf.c;/src/ghostpdl/./devices/vector/gdevpdtd.c;/src/ghostpdl/./devices/vector/gdevpdtw.c;/src/ghostpdl/./pdf/pdf_annot.c;/src/ghostpdl/./pdf/pdf_gstate.c;/src/ghostpdl/./pdf/pdf_image.c;/src/ghostpdl/./pdf/pdf_int.c;/src/ghostpdl/./pdf/pdf_page.c;/src/ghostpdl/./psi/iapi.c;/src/ghostpdl/./psi/imain.c;/src/ghostpdl/./psi/imainarg.c;/src/ghostpdl/./psi/interp.c;/src/ghostpdl/./psi/isave.c;/src/ghostpdl/./psi/psapi.c;/src/ghostpdl/./psi/zdevice2.c;/src/ghostpdl/./psi/zpdfops.c;/src/ghostpdl/./psi/zvmem.c;/src/gs_device_pdfwrite_fuzzer.cc;/src/gs_fuzzlib.h;/src/llvm-project/compiler-rt/lib/asan/asan_malloc_linux.cpp;/src/llvm-project/compiler-rt/lib/fuzzer/FuzzerDriver.cpp;/src/llvm-project/compiler-rt/lib/fuzzer/FuzzerLoop.cpp;/src/llvm-project/compiler-rt/lib/fuzzer/FuzzerMain.cpp,
42530139,njs,http://hg.nginx.org/njscb1baa3906f8f42f4bf69daba5b96d0377fd8163,cb1baa3906f8f42f4bf69daba5b96d0377fd8163,http://hg.nginx.org/njs,-1,,/src/aflplusplus/utils/aflpp_driver/aflpp_driver.c;/src/llvm-project/compiler-rt/lib/asan/asan_interceptors_memintrinsics.cpp;/src/llvm-project/compiler-rt/lib/asan/asan_malloc_linux.cpp;/src/njs/src/njs_chb.c;/src/njs/src/njs_function.c;/src/njs/src/njs_function.h;/src/njs/src/njs_malloc.c;/src/njs/src/njs_mp.c;/src/njs/src/njs_parser.c;/src/njs/src/njs_parser.h;/src/njs/src/njs_regexp.c;/src/njs/src/njs_shell.c;/src/njs/src/njs_string.c;/src/njs/src/njs_vm.c;/src/njs/src/njs_vmcode.c,
42530152,njs,http://hg.nginx.org/njs8e024f36e38e45d8ba5e3a97c0715973b4af08b2,8e024f36e38e45d8ba5e3a97c0715973b4af08b2,http://hg.nginx.org/njs,-1,,/src/llvm-project/compiler-rt/lib/asan/asan_interceptors_memintrinsics.cpp;/src/llvm-project/compiler-rt/lib/fuzzer/FuzzerDriver.cpp;/src/llvm-project/compiler-rt/lib/fuzzer/FuzzerLoop.cpp;/src/llvm-project/compiler-rt/lib/fuzzer/FuzzerMain.cpp;/src/njs/src/njs_function.c;/src/njs/src/njs_iterator.c;/src/njs/src/njs_promise.c;/src/njs/src/njs_shell.c;/src/njs/src/njs_string.c;/src/njs/src/njs_vm.c;/src/njs/src/njs_vmcode.c,
42530909,selinux,https://github.com/SELinuxProject/selinux/commit/e54bedce80267b4fbd79b16f548a278c097bd675,e54bedce80267b4fbd79b16f548a278c097bd675,https://github.com/SELinuxProject/selinux,0,,/src/llvm-project/compiler-rt/lib/asan/asan_malloc_linux.cpp;/src/llvm-project/compiler-rt/lib/fuzzer/FuzzerDriver.cpp;/src/llvm-project/compiler-rt/lib/fuzzer/FuzzerLoop.cpp;/src/llvm-project/compiler-rt/lib/fuzzer/FuzzerMain.cpp;/src/selinux/libsepol/fuzz/binpolicy-fuzzer.c;/src/selinux/libsepol/src/link.c;/src/selinux/libsepol/src/policydb.c,https://github.com/SELinuxProject/selinux/commit/e54bedce80267b4fbd79b16f548a278c097bd675.patch
42530920,harfbuzz,https://github.com/harfbuzz/harfbuzz/commit/5b325c0ae9cdd7ca03c002d7cae92a6d17f5111b,5b325c0ae9cdd7ca03c002d7cae92a6d17f5111b,https://github.com/harfbuzz/harfbuzz.git,1,src/hb-ot-cff2-table.hh,/src/llvm-project/compiler-rt/lib/asan/asan_malloc_linux.cpp;/src/llvm-project/compiler-rt/lib/fuzzer/FuzzerDriver.cpp;/src/llvm-project/compiler-rt/lib/fuzzer/FuzzerLoop.cpp;/src/llvm-project/compiler-rt/lib/fuzzer/FuzzerMain.cpp;/work/build/../../src/harfbuzz/src/OT/Color/svg/../../../hb-open-type.hh;/work/build/../../src/harfbuzz/src/hb-algs.hh;/work/build/../../src/harfbuzz/src/hb-font.cc;/work/build/../../src/harfbuzz/src/hb-font.hh;/work/build/../../src/harfbuzz/src/hb-machinery.hh;/work/build/../../src/harfbuzz/src/hb-ot-cff2-table.hh;/work/build/../../src/harfbuzz/src/hb-ot-font.cc;/work/build/../../src/harfbuzz/test/fuzzing/hb-draw-fuzzer.cc,https://github.com/harfbuzz/harfbuzz/commit/5b325c0ae9cdd7ca03c002d7cae92a6d17f5111b.patch
42530943,imagemagick,https://github.com/imagemagick/imagemagick/commit/b78a613f16150d6db3b055731211f467756bc412,b78a613f16150d6db3b055731211f467756bc412,https://github.com/imagemagick/imagemagick,1,MagickCore/draw.c,/src/imagemagick/Magick++/fuzz/encoder_fuzzer.cc;/src/imagemagick/Magick++/lib/Image.cpp;/src/imagemagick/MagickCore/blob.c;/src/imagemagick/MagickCore/constitute.c;/src/imagemagick/MagickCore/draw.c;/src/imagemagick/coders/mvg.c;/src/libfuzzer/afl/afl_driver.cpp;/src/llvm/projects/compiler-rt/lib/asan/asan_malloc_linux.cc,https://github.com/imagemagick/imagemagick/commit/b78a613f16150d6db3b055731211f467756bc412.patch
42530947,libavc,https://github.com/ittiam-systems/libavc/commit/e49a9150a3b1cfc3fb9097ca02dd042e35226129,e49a9150a3b1cfc3fb9097ca02dd042e35226129,https://github.com/ittiam-systems/libavc.git,1,decoder/svc/isvcd_api.c;decoder/svc/isvcd_parse_slice.c,/src/libavc/decoder/ih264d_compute_bs.c;/src/libavc/decoder/svc/isvcd_api.c;/src/libavc/decoder/svc/isvcd_compute_bs.c;/src/libavc/decoder/svc/isvcd_parse_eislice.c;/src/libavc/decoder/svc/isvcd_parse_headers.c;/src/libavc/decoder/svc/isvcd_parse_slice.c;/src/libavc/fuzzer/svc_dec_fuzzer.cpp;/src/llvm-project/compiler-rt/lib/fuzzer/FuzzerDriver.cpp;/src/llvm-project/compiler-rt/lib/fuzzer/FuzzerLoop.cpp;/src/llvm-project/compiler-rt/lib/fuzzer/FuzzerMain.cpp,https://github.com/ittiam-systems/libavc/commit/e49a9150a3b1cfc3fb9097ca02dd042e35226129.patch
42530963,opensc,https://github.com/OpenSC/OpenSC/commit/5835f0d4f6c033bd58806d33fa546908d39825c9,5835f0d4f6c033bd58806d33fa546908d39825c9,https://github.com/OpenSC/OpenSC,1,src/pkcs15init/pkcs15-authentic.c,/src/llvm-project/compiler-rt/lib/asan/asan_malloc_linux.cpp;/src/llvm-project/compiler-rt/lib/fuzzer/FuzzerDriver.cpp;/src/llvm-project/compiler-rt/lib/fuzzer/FuzzerLoop.cpp;/src/llvm-project/compiler-rt/lib/fuzzer/FuzzerMain.cpp;/src/opensc/src/libopensc/card-authentic.c;/src/opensc/src/libopensc/card.c;/src/opensc/src/libopensc/sc.c;/src/opensc/src/pkcs15init/pkcs15-authentic.c;/src/opensc/src/tests/fuzzing/../../../src/pkcs15init/pkcs15-lib.c;/src/opensc/src/tests/fuzzing/fuzz_pkcs15init.c,https://github.com/OpenSC/OpenSC/commit/5835f0d4f6c033bd58806d33fa546908d39825c9.patch
42530977,imagemagick,https://github.com/imagemagick/imagemagick/commit/686c45509c81d3ecae9cdb34225689b3be97de55,686c45509c81d3ecae9cdb34225689b3be97de55,https://github.com/imagemagick/imagemagick,1,coders/hdr.c,/src/imagemagick/Magick++/fuzz/encoder_fuzzer.cc;/src/imagemagick/Magick++/lib/Image.cpp;/src/imagemagick/MagickCore/blob.c;/src/imagemagick/MagickCore/constitute.c;/src/imagemagick/MagickCore/memory.c;/src/imagemagick/coders/hdr.c;/src/libfuzzer/FuzzerDriver.cpp;/src/libfuzzer/FuzzerLoop.cpp;/src/libfuzzer/FuzzerMain.cpp;/src/llvm/projects/compiler-rt/lib/msan/msan_interceptors.cc,https://github.com/imagemagick/imagemagick/commit/686c45509c81d3ecae9cdb34225689b3be97de55.patch
42531016,mruby,https://github.com/mruby/mruby/commit/97b522d77874005adcc1c948bad0a137eb5f2bf5,97b522d77874005adcc1c948bad0a137eb5f2bf5,https://github.com/mruby/mruby,1,src/fmt_fp.c,/src/llvm-project/compiler-rt/lib/fuzzer/FuzzerDriver.cpp;/src/llvm-project/compiler-rt/lib/fuzzer/FuzzerLoop.cpp;/src/llvm-project/compiler-rt/lib/fuzzer/FuzzerMain.cpp;/src/llvm-project/compiler-rt/lib/msan/msan_interceptors.cpp;/src/mruby/mrbgems/mruby-sprintf/src/sprintf.c;/src/mruby/oss-fuzz/mruby_fuzzer.c;/src/mruby/src/fmt_fp.c;/src/mruby/src/gc.c;/src/mruby/src/state.c;/src/mruby/src/string.c;/src/mruby/src/vm.c,https://github.com/mruby/mruby/commit/97b522d77874005adcc1c948bad0a137eb5f2bf5.patch
42531021,imagemagick,https://github.com/imagemagick/imagemagick/commit/b78a613f16150d6db3b055731211f467756bc412,b78a613f16150d6db3b055731211f467756bc412,https://github.com/imagemagick/imagemagick,1,MagickCore/draw.c,/src/imagemagick/Magick++/fuzz/encoder_fuzzer.cc;/src/imagemagick/Magick++/lib/Image.cpp;/src/imagemagick/MagickCore/blob.c;/src/imagemagick/MagickCore/constitute.c;/src/imagemagick/MagickCore/draw.c;/src/imagemagick/coders/mvg.c;/src/libfuzzer/afl/afl_driver.cpp;/src/llvm/projects/compiler-rt/lib/asan/asan_interceptors_memintrinsics.cc;/src/llvm/projects/compiler-rt/lib/asan/asan_malloc_linux.cc,https://github.com/imagemagick/imagemagick/commit/b78a613f16150d6db3b055731211f467756bc412.patch
42531025,jq,https://github.com/jqlang/jq/commit/b86ff49f46a4a37e5a8e75a140cb5fd6e1331384,b86ff49f46a4a37e5a8e75a140cb5fd6e1331384,https://github.com/jqlang/jq,0,,/src/llvm-project/compiler-rt/lib/sanitizer_common/sanitizer_symbolizer_report.cpp;/src/llvm-project/compiler-rt/lib/ubsan/ubsan_diag.cpp,https://github.com/jqlang/jq/commit/b86ff49f46a4a37e5a8e75a140cb5fd6e1331384.patch
42531033,libxaac,https://github.com/ittiam-systems/libxaac/commit/2624ae15b4d115a02623ec9f231237c429337a02,2624ae15b4d115a02623ec9f231237c429337a02,https://github.com/ittiam-systems/libxaac.git,0,,/src/libxaac/decoder/ixheaacd_api.c;/src/libxaac/decoder/ixheaacd_create.c;/src/libxaac/decoder/ixheaacd_decode_main.c;/src/libxaac/decoder/ixheaacd_sbrdec_initfuncs.c;/src/libxaac/fuzzer/xaac_dec_fuzzer.cpp;/src/llvm-project/compiler-rt/lib/asan/asan_malloc_linux.cpp;/src/llvm-project/compiler-rt/lib/fuzzer/FuzzerDriver.cpp;/src/llvm-project/compiler-rt/lib/fuzzer/FuzzerLoop.cpp;/src/llvm-project/compiler-rt/lib/fuzzer/FuzzerMain.cpp,https://github.com/ittiam-systems/libxaac/commit/2624ae15b4d115a02623ec9f231237c429337a02.patch
42531054,imagemagick,https://github.com/imagemagick/imagemagick/commit/bf04de5d0e66f630dd0c184b478a299854f2d032,bf04de5d0e66f630dd0c184b478a299854f2d032,https://github.com/imagemagick/imagemagick,1,coders/miff.c,/src/imagemagick/Magick++/fuzz/encoder_fuzzer.cc;/src/imagemagick/Magick++/lib/Image.cpp;/src/imagemagick/MagickCore/blob.c;/src/imagemagick/MagickCore/constitute.c;/src/imagemagick/MagickCore/geometry.c;/src/imagemagick/coders/miff.c;/src/libfuzzer/FuzzerDriver.cpp;/src/libfuzzer/FuzzerLoop.cpp;/src/libfuzzer/FuzzerMain.cpp,https://github.com/imagemagick/imagemagick/commit/bf04de5d0e66f630dd0c184b478a299854f2d032.patch
42531066,graphicsmagick,https://foss.heptapod.net/graphicsmagick/graphicsmagickaec67d608efc48f0cc1cf570e9fbddeecac3e766,aec67d608efc48f0cc1cf570e9fbddeecac3e766,https://foss.heptapod.net/graphicsmagick/graphicsmagick,-1,,/build/glibc-wuryBv/glibc-2.31/nptl/pthread_create.c;/src/graphicsmagick/Magick++/lib/Image.cpp;/src/graphicsmagick/coders/jxl.c;/src/graphicsmagick/fuzzing/coder_fuzzer.cc;/src/graphicsmagick/magick/blob.c;/src/graphicsmagick/magick/constitute.c;/src/libjxl/lib/jxl/ac_context.h;/src/libjxl/lib/jxl/base/data_parallel.h;/src/libjxl/lib/jxl/dec_ans.h;/src/libjxl/lib/jxl/dec_frame.cc;/src/libjxl/lib/jxl/dec_group.cc;/src/libjxl/lib/threads/thread_parallel_runner.cc;/src/libjxl/lib/threads/thread_parallel_runner_internal.cc;/src/llvm-project/compiler-rt/lib/asan/asan_interceptors.cpp;/src/llvm-project/compiler-rt/lib/asan/asan_thread.cpp;/src/llvm-project/compiler-rt/lib/fuzzer/FuzzerDriver.cpp;/src/llvm-project/compiler-rt/lib/fuzzer/FuzzerLoop.cpp;/src/llvm-project/compiler-rt/lib/fuzzer/FuzzerMain.cpp;/usr/local/bin/../include/c++/v1/__memory/allocator.h;/usr/local/bin/../include/c++/v1/__memory/allocator_traits.h,
42531089,skia,https://skia.googlesource.com/skia.git/+/2c0349262132d6aa54ac6e8a4295f17c67e25907%5E%21/,2c0349262132d6aa54ac6e8a4295f17c67e25907,https://skia.googlesource.com/skia.git,0,,/src/libfuzzer/FuzzerDriver.cpp;/src/libfuzzer/FuzzerLoop.cpp;/src/libfuzzer/FuzzerMain.cpp;/src/llvm/projects/compiler-rt/lib/asan/asan_new_delete.cc;/src/skia/out/Fuzz/../../fuzz/oss_fuzz/FuzzPathDeserialize.cpp;/src/skia/out/Fuzz/../../include/core/SkPath.h;/src/skia/out/Fuzz/../../src/core/SkPath_serial.cpp;/src/skia/out/Fuzz/../../src/core/SkReadBuffer.cpp,https://skia.googlesource.com/skia.git/+/2c0349262132d6aa54ac6e8a4295f17c67e25907%5E%21/?format=TEXT
42531092,libxml2,https://gitlab.gnome.org/GNOME/libxml2/-/commit/8e13133dbd2c10e8a498235a62f9beceb19b87a1,8e13133dbd2c10e8a498235a62f9beceb19b87a1,https://gitlab.gnome.org/GNOME/libxml2.git,0,,/src/libxml2/dict.c;/src/libxml2/fuzz/xml.c;/src/libxml2/parser.c;/src/llvm-project/compiler-rt/lib/fuzzer/FuzzerDriver.cpp;/src/llvm-project/compiler-rt/lib/fuzzer/FuzzerLoop.cpp;/src/llvm-project/compiler-rt/lib/fuzzer/FuzzerMain.cpp,https://gitlab.gnome.org/GNOME/libxml2/-/commit/8e13133dbd2c10e8a498235a62f9beceb19b87a1.patch
42531098,binutils-gdb,https://github.com/bminor/binutils-gdb/commit/2d120f18ef0f2844b5ae0fcf18d86f7d5647c5ad,2d120f18ef0f2844b5ae0fcf18d86f7d5647c5ad,git://sourceware.org/git/binutils-gdb.git,1,bfd/section.c;opcodes/loongarch-coder.c;opcodes/loongarch-dis.c,/src/binutils-gdb/bfd/section.c;/src/binutils-gdb/binutils/./fuzz_objdump.h;/src/binutils-gdb/binutils/fuzz_objdump.c;/src/binutils-gdb/libiberty/./xmalloc.c;/src/binutils-gdb/opcodes/loongarch-coder.c;/src/binutils-gdb/opcodes/loongarch-dis.c;/src/llvm-project/compiler-rt/lib/asan/asan_malloc_linux.cpp;/src/llvm-project/compiler-rt/lib/fuzzer/FuzzerDriver.cpp;/src/llvm-project/compiler-rt/lib/fuzzer/FuzzerLoop.cpp;/src/llvm-project/compiler-rt/lib/fuzzer/FuzzerMain.cpp,git
42531102,php-src,https://github.com/php/php-src/commit/2b8c00850b86ab40457dcd09a35a8cd9e0c4f9f0,2b8c00850b86ab40457dcd09a35a8cd9e0c4f9f0,https://github.com/php/php-src.git,0,,/src/llvm-project/compiler-rt/lib/fuzzer/FuzzerDriver.cpp;/src/llvm-project/compiler-rt/lib/fuzzer/FuzzerLoop.cpp;/src/llvm-project/compiler-rt/lib/fuzzer/FuzzerMain.cpp;/src/php-src/Zend/zend_execute.c;/src/php-src/Zend/zend_vm_execute.h;/src/php-src/ext/pcre/php_pcre.c;/src/php-src/sapi/fuzzer/fuzzer-execute-common.h;/src/php-src/sapi/fuzzer/fuzzer-sapi.c;/src/php-src/sapi/fuzzer/fuzzer-tracing-jit.c,https://github.com/php/php-src/commit/2b8c00850b86ab40457dcd09a35a8cd9e0c4f9f0.patch
42531108,libraw,https://github.com/libraw/libraw/commit/a6f212a4a1fe19dce1f83c83384f171fd7babb0a,a6f212a4a1fe19dce1f83c83384f171fd7babb0a,https://github.com/libraw/libraw,1,src/tables/wblists.cpp,/src/libfuzzer/afl/afl_driver.cpp;/src/libraw/src/metadata/identify.cpp;/src/libraw/src/metadata/sony.cpp;/src/libraw/src/metadata/tiff.cpp;/src/libraw/src/tables/wblists.cpp;/src/libraw/src/utils/open.cpp;/src/libraw_fuzzer.cc;/tables/wblists.cpp,https://github.com/libraw/libraw/commit/a6f212a4a1fe19dce1f83c83384f171fd7babb0a.patch
42531112,php-src,https://github.com/php/php-src/commit/2b8c00850b86ab40457dcd09a35a8cd9e0c4f9f0,2b8c00850b86ab40457dcd09a35a8cd9e0c4f9f0,https://github.com/php/php-src.git,0,,/src/php-src/Zend/zend_execute.c;/src/php-src/Zend/zend_execute_API.c;/src/php-src/Zend/zend_vm_execute.h;/src/php-src/ext/pcre/php_pcre.c;/src/php-src/sapi/fuzzer/fuzzer-execute-common.h;/src/php-src/sapi/fuzzer/fuzzer-execute.c;/src/php-src/sapi/fuzzer/fuzzer-sapi.c,https://github.com/php/php-src/commit/2b8c00850b86ab40457dcd09a35a8cd9e0c4f9f0.patch
42531113,libavc,https://github.com/ittiam-systems/libavc/commit/28727baf58aa7c8983769aff1ceecb3121a26ee6,28727baf58aa7c8983769aff1ceecb3121a26ee6,https://github.com/ittiam-systems/libavc.git,1,decoder/svc/isvcd_api.c;decoder/svc/isvcd_parse_headers.c,/src/aflplusplus/utils/aflpp_driver/aflpp_driver.c;/src/libavc/decoder/ih264d_compute_bs.c;/src/libavc/decoder/ih264d_process_pslice.c;/src/libavc/decoder/ih264d_utils.c;/src/libavc/decoder/svc/isvcd_api.c;/src/libavc/decoder/svc/isvcd_parse_epslice.c;/src/libavc/decoder/svc/isvcd_parse_headers.c;/src/libavc/decoder/svc/isvcd_parse_slice.c;/src/libavc/decoder/svc/isvcd_utils.c;/src/libavc/fuzzer/svc_dec_fuzzer.cpp;/src/llvm-project/compiler-rt/lib/asan/asan_malloc_linux.cpp,https://github.com/ittiam-systems/libavc/commit/28727baf58aa7c8983769aff1ceecb3121a26ee6.patch
42531114,libxml2,https://gitlab.gnome.org/GNOME/libxml2/-/commit/8e13133dbd2c10e8a498235a62f9beceb19b87a1,8e13133dbd2c10e8a498235a62f9beceb19b87a1,https://gitlab.gnome.org/GNOME/libxml2.git,0,,/src/libxml2/dict.c;/src/libxml2/parser.c;/src/libxslt/libxslt/documents.c;/src/libxslt/libxslt/imports.c;/src/libxslt/libxslt/xslt.c;/src/libxslt/tests/fuzz/fuzz.c;/src/libxslt/tests/fuzz/xslt.c;/src/llvm-project/compiler-rt/lib/fuzzer/FuzzerDriver.cpp;/src/llvm-project/compiler-rt/lib/fuzzer/FuzzerLoop.cpp;/src/llvm-project/compiler-rt/lib/fuzzer/FuzzerMain.cpp,https://gitlab.gnome.org/GNOME/libxml2/-/commit/8e13133dbd2c10e8a498235a62f9beceb19b87a1.patch
42531115,libxml2,https://gitlab.gnome.org/GNOME/libxml2/-/commit/862e9ce0e63a74fb39522a4bc9152cdddef51f8f,862e9ce0e63a74fb39522a4bc9152cdddef51f8f,https://gitlab.gnome.org/GNOME/libxml2.git,1,parser.c,/src/libxml2/SAX2.c;/src/libxml2/buf.c;/src/libxml2/fuzz/fuzz.c;/src/libxml2/fuzz/valid.c;/src/libxml2/parser.c;/src/libxml2/xmlIO.c;/src/llvm-project/compiler-rt/lib/fuzzer/FuzzerDriver.cpp;/src/llvm-project/compiler-rt/lib/fuzzer/FuzzerLoop.cpp;/src/llvm-project/compiler-rt/lib/fuzzer/FuzzerMain.cpp;/src/llvm-project/compiler-rt/lib/msan/msan_interceptors.cpp,https://gitlab.gnome.org/GNOME/libxml2/-/commit/862e9ce0e63a74fb39522a4bc9152cdddef51f8f.patch
42531117,libavc,https://github.com/ittiam-systems/libavc/commit/28727baf58aa7c8983769aff1ceecb3121a26ee6,28727baf58aa7c8983769aff1ceecb3121a26ee6,https://github.com/ittiam-systems/libavc.git,1,decoder/svc/isvcd_api.c;decoder/svc/isvcd_parse_headers.c,/src/libavc/decoder/svc/isvcd_api.c;/src/libavc/decoder/svc/isvcd_iquant_itrans.c;/src/libavc/decoder/svc/isvcd_parse_ebslice.c;/src/libavc/decoder/svc/isvcd_parse_epslice.c;/src/libavc/decoder/svc/isvcd_parse_headers.c;/src/libavc/decoder/svc/isvcd_parse_slice.c;/src/libavc/decoder/svc/isvcd_process_epslice.c;/src/libavc/fuzzer/svc_dec_fuzzer.cpp;/src/llvm-project/compiler-rt/lib/fuzzer/FuzzerDriver.cpp;/src/llvm-project/compiler-rt/lib/fuzzer/FuzzerLoop.cpp;/src/llvm-project/compiler-rt/lib/fuzzer/FuzzerMain.cpp,https://github.com/ittiam-systems/libavc/commit/28727baf58aa7c8983769aff1ceecb3121a26ee6.patch
42531126,libxml2,https://gitlab.gnome.org/GNOME/libxml2/-/commit/69d88566b6063b6e11f473fccddaa0174b60d6a6,69d88566b6063b6e11f473fccddaa0174b60d6a6,https://gitlab.gnome.org/GNOME/libxml2.git,1,parserInternals.c,/src/libxml2/HTMLparser.c;/src/libxml2/buf.c;/src/libxml2/fuzz/fuzz.c;/src/libxml2/fuzz/html.c;/src/libxml2/parserInternals.c;/src/libxml2/xmlIO.c;/src/llvm-project/compiler-rt/lib/asan/asan_malloc_linux.cpp;/src/llvm-project/compiler-rt/lib/fuzzer/FuzzerDriver.cpp;/src/llvm-project/compiler-rt/lib/fuzzer/FuzzerLoop.cpp;/src/llvm-project/compiler-rt/lib/fuzzer/FuzzerMain.cpp,https://gitlab.gnome.org/GNOME/libxml2/-/commit/69d88566b6063b6e11f473fccddaa0174b60d6a6.patch
42531141,libavc,https://github.com/ittiam-systems/libavc/commit/28727baf58aa7c8983769aff1ceecb3121a26ee6,28727baf58aa7c8983769aff1ceecb3121a26ee6,https://github.com/ittiam-systems/libavc.git,1,decoder/svc/isvcd_api.c;decoder/svc/isvcd_parse_headers.c,/src/libavc/common/ithread.c;/src/libavc/decoder/ih264d_format_conv.c;/src/libavc/decoder/ih264d_thread_parse_decode.c;/src/libavc/decoder/svc/isvcd_api.c;/src/libavc/decoder/svc/isvcd_parse_headers.c;/src/libavc/decoder/svc/isvcd_parse_slice.c;/src/libavc/fuzzer/svc_dec_fuzzer.cpp;/src/llvm-project/compiler-rt/lib/asan/asan_interceptors.cpp;/src/llvm-project/compiler-rt/lib/asan/asan_interceptors_memintrinsics.cpp;/src/llvm-project/compiler-rt/lib/asan/asan_malloc_linux.cpp;/src/llvm-project/compiler-rt/lib/fuzzer/FuzzerDriver.cpp;/src/llvm-project/compiler-rt/lib/fuzzer/FuzzerLoop.cpp;/src/llvm-project/compiler-rt/lib/fuzzer/FuzzerMain.cpp,https://github.com/ittiam-systems/libavc/commit/28727baf58aa7c8983769aff1ceecb3121a26ee6.patch
42531143,libavc,https://github.com/ittiam-systems/libavc/commit/28727baf58aa7c8983769aff1ceecb3121a26ee6,28727baf58aa7c8983769aff1ceecb3121a26ee6,https://github.com/ittiam-systems/libavc.git,1,decoder/svc/isvcd_api.c,/src/aflplusplus/utils/aflpp_driver/aflpp_driver.c;/src/libavc/decoder/ih264d_format_conv.c;/src/libavc/decoder/svc/isvcd_api.c;/src/libavc/fuzzer/svc_dec_fuzzer.cpp;/src/llvm-project/compiler-rt/lib/asan/asan_interceptors_memintrinsics.cpp;/src/llvm-project/compiler-rt/lib/asan/asan_malloc_linux.cpp,https://github.com/ittiam-systems/libavc/commit/28727baf58aa7c8983769aff1ceecb3121a26ee6.patch
42531145,libavc,https://github.com/ittiam-systems/libavc/commit/28727baf58aa7c8983769aff1ceecb3121a26ee6,28727baf58aa7c8983769aff1ceecb3121a26ee6,https://github.com/ittiam-systems/libavc.git,1,decoder/svc/isvcd_api.c;decoder/svc/isvcd_parse_headers.c,/src/libavc/decoder/ih264d_utils.c;/src/libavc/decoder/svc/isvcd_api.c;/src/libavc/decoder/svc/isvcd_parse_headers.c;/src/libavc/decoder/svc/isvcd_parse_slice.c;/src/libavc/decoder/svc/isvcd_utils.c;/src/libavc/fuzzer/svc_dec_fuzzer.cpp;/src/llvm-project/compiler-rt/lib/asan/asan_interceptors_memintrinsics.cpp;/src/llvm-project/compiler-rt/lib/asan/asan_malloc_linux.cpp;/src/llvm-project/compiler-rt/lib/fuzzer/FuzzerDriver.cpp;/src/llvm-project/compiler-rt/lib/fuzzer/FuzzerLoop.cpp;/src/llvm-project/compiler-rt/lib/fuzzer/FuzzerMain.cpp,https://github.com/ittiam-systems/libavc/commit/28727baf58aa7c8983769aff1ceecb3121a26ee6.patch
42531194,binutils-gdb,https://github.com/bminor/binutils-gdb/commit/cf86e13d8bfc2924746b8e45299aed103d090985,cf86e13d8bfc2924746b8e45299aed103d090985,git://sourceware.org/git/binutils-gdb.git,1,bfd/bfdio.c;bfd/format.c;bfd/libbfd.c;bfd/opncls.c,/src/binutils-gdb/bfd/./peicode.h;/src/binutils-gdb/bfd/bfdio.c;/src/binutils-gdb/bfd/format.c;/src/binutils-gdb/bfd/libbfd.c;/src/binutils-gdb/bfd/opncls.c;/src/binutils-gdb/binutils/fuzz_dwarf.c;/src/llvm-project/compiler-rt/lib/asan/asan_malloc_linux.cpp;/src/llvm-project/compiler-rt/lib/fuzzer/FuzzerDriver.cpp;/src/llvm-project/compiler-rt/lib/fuzzer/FuzzerLoop.cpp;/src/llvm-project/compiler-rt/lib/fuzzer/FuzzerMain.cpp,git
42531195,binutils-gdb,https://github.com/bminor/binutils-gdb/commit/cf86e13d8bfc2924746b8e45299aed103d090985,cf86e13d8bfc2924746b8e45299aed103d090985,git://sourceware.org/git/binutils-gdb.git,1,bfd/format.c;bfd/libbfd.c,/src/binutils-gdb/bfd/./peicode.h;/src/binutils-gdb/bfd/format.c;/src/binutils-gdb/bfd/libbfd.c;/src/binutils-gdb/binutils/./fuzz_nm.h;/src/binutils-gdb/binutils/fuzz_nm.c;/src/llvm-project/compiler-rt/lib/asan/asan_malloc_linux.cpp;/src/llvm-project/compiler-rt/lib/fuzzer/FuzzerDriver.cpp;/src/llvm-project/compiler-rt/lib/fuzzer/FuzzerLoop.cpp;/src/llvm-project/compiler-rt/lib/fuzzer/FuzzerMain.cpp,git
42531197,capstonenext,https://github.com/aquynh/capstone/commit/21f7bc85f9026ece8adc34d02b6e23863f6185ae,21f7bc85f9026ece8adc34d02b6e23863f6185ae,https://github.com/aquynh/capstone.git,1,Mapping.c;cs.c,/src/capstonenext/arch/ARM/ARMMapping.c;/src/capstonenext/cs.c;/src/capstonenext/suite/fuzz/fuzz_disasm.c;/src/llvm-project/compiler-rt/lib/fuzzer/FuzzerDriver.cpp;/src/llvm-project/compiler-rt/lib/fuzzer/FuzzerLoop.cpp;/src/llvm-project/compiler-rt/lib/fuzzer/FuzzerMain.cpp;/src/llvm-project/compiler-rt/lib/msan/msan_interceptors.cpp,https://github.com/aquynh/capstone/commit/21f7bc85f9026ece8adc34d02b6e23863f6185ae.patch
42531198,binutils-gdb,https://github.com/bminor/binutils-gdb/commit/cf86e13d8bfc2924746b8e45299aed103d090985,cf86e13d8bfc2924746b8e45299aed103d090985,git://sourceware.org/git/binutils-gdb.git,-1,,/src/binutils-gdb/bfd/./peicode.h;/src/binutils-gdb/bfd/bfd.c;/src/binutils-gdb/bfd/bfdio.c;/src/binutils-gdb/bfd/coffgen.c;/src/binutils-gdb/bfd/format.c;/src/binutils-gdb/bfd/libbfd.c;/src/binutils-gdb/bfd/section.c;/src/binutils-gdb/binutils/./fuzz_nm.h;/src/binutils-gdb/binutils/fuzz_nm.c;/src/llvm-project/compiler-rt/lib/asan/asan_malloc_linux.cpp;/src/llvm-project/compiler-rt/lib/fuzzer/FuzzerDriver.cpp;/src/llvm-project/compiler-rt/lib/fuzzer/FuzzerLoop.cpp;/src/llvm-project/compiler-rt/lib/fuzzer/FuzzerMain.cpp,
42531199,binutils-gdb,https://github.com/bminor/binutils-gdb/commit/cf86e13d8bfc2924746b8e45299aed103d090985,cf86e13d8bfc2924746b8e45299aed103d090985,git://sourceware.org/git/binutils-gdb.git,-1,,/src/binutils-gdb/binutils/./fuzz_objcopy.h;/src/binutils-gdb/binutils/fuzz_objcopy.c;/src/binutils-gdb/libiberty/./concat.c;/src/binutils-gdb/libiberty/./xmalloc.c;/src/llvm-project/compiler-rt/lib/fuzzer/FuzzerDriver.cpp;/src/llvm-project/compiler-rt/lib/fuzzer/FuzzerLoop.cpp;/src/llvm-project/compiler-rt/lib/fuzzer/FuzzerMain.cpp;/src/llvm-project/compiler-rt/lib/msan/msan_interceptors.cpp,
42531203,libxml2,https://gitlab.gnome.org/GNOME/libxml2/-/commit/69d88566b6063b6e11f473fccddaa0174b60d6a6,69d88566b6063b6e11f473fccddaa0174b60d6a6,https://gitlab.gnome.org/GNOME/libxml2.git,1,parserInternals.c,/src/libxml2/HTMLparser.c;/src/libxml2/buf.c;/src/libxml2/fuzz/fuzz.c;/src/libxml2/fuzz/html.c;/src/libxml2/parserInternals.c;/src/libxml2/xmlIO.c;/src/llvm-project/compiler-rt/lib/asan/asan_malloc_linux.cpp;/src/llvm-project/compiler-rt/lib/fuzzer/FuzzerDriver.cpp;/src/llvm-project/compiler-rt/lib/fuzzer/FuzzerLoop.cpp;/src/llvm-project/compiler-rt/lib/fuzzer/FuzzerMain.cpp,https://gitlab.gnome.org/GNOME/libxml2/-/commit/69d88566b6063b6e11f473fccddaa0174b60d6a6.patch
42531212,libxml2,https://gitlab.gnome.org/GNOME/libxml2/-/commit/69d88566b6063b6e11f473fccddaa0174b60d6a6,69d88566b6063b6e11f473fccddaa0174b60d6a6,https://gitlab.gnome.org/GNOME/libxml2.git,1,parserInternals.c,/src/libxml2/HTMLparser.c;/src/libxml2/buf.c;/src/libxml2/fuzz/fuzz.c;/src/libxml2/fuzz/html.c;/src/libxml2/parserInternals.c;/src/libxml2/xmlIO.c;/src/llvm-project/compiler-rt/lib/fuzzer/FuzzerDriver.cpp;/src/llvm-project/compiler-rt/lib/fuzzer/FuzzerLoop.cpp;/src/llvm-project/compiler-rt/lib/fuzzer/FuzzerMain.cpp;/src/llvm-project/compiler-rt/lib/msan/msan_interceptors.cpp,https://gitlab.gnome.org/GNOME/libxml2/-/commit/69d88566b6063b6e11f473fccddaa0174b60d6a6.patch
42531217,libredwg,https://github.com/LibreDWG/libredwg/commit/02fd447dbbcc68d6e3cf819ccc0f8fb6c9bb07aa,02fd447dbbcc68d6e3cf819ccc0f8fb6c9bb07aa,https://github.com/LibreDWG/libredwg,1,src/decode.c,/src/libredwg/examples/llvmfuzz.c;/src/libredwg/src/decode.c;/src/llvm-project/compiler-rt/lib/asan/asan_malloc_linux.cpp;/src/llvm-project/compiler-rt/lib/fuzzer/FuzzerDriver.cpp;/src/llvm-project/compiler-rt/lib/fuzzer/FuzzerLoop.cpp;/src/llvm-project/compiler-rt/lib/fuzzer/FuzzerMain.cpp,https://github.com/LibreDWG/libredwg/commit/02fd447dbbcc68d6e3cf819ccc0f8fb6c9bb07aa.patch
42531223,jq,https://github.com/jqlang/jq/commit/b86ff49f46a4a37e5a8e75a140cb5fd6e1331384,b86ff49f46a4a37e5a8e75a140cb5fd6e1331384,https://github.com/jqlang/jq,1,src/jv.c,/src/jq/./tests/jq_fuzz_fixed.cpp;/src/jq/src/builtin.c;/src/jq/src/decNumber/decNumber.c;/src/jq/src/execute.c;/src/jq/src/jv.c;/src/jq/src/jv_aux.c;/src/llvm-project/compiler-rt/lib/fuzzer/FuzzerDriver.cpp;/src/llvm-project/compiler-rt/lib/fuzzer/FuzzerLoop.cpp;/src/llvm-project/compiler-rt/lib/fuzzer/FuzzerMain.cpp,https://github.com/jqlang/jq/commit/b86ff49f46a4a37e5a8e75a140cb5fd6e1331384.patch
42531225,libavc,https://github.com/ittiam-systems/libavc/commit/28727baf58aa7c8983769aff1ceecb3121a26ee6,28727baf58aa7c8983769aff1ceecb3121a26ee6,https://github.com/ittiam-systems/libavc.git,0,,,https://github.com/ittiam-systems/libavc/commit/28727baf58aa7c8983769aff1ceecb3121a26ee6.patch
42531228,php-src,https://github.com/php/php-src/commit/c67f6f449c4b5501583a91abcd8fea42289e697d,c67f6f449c4b5501583a91abcd8fea42289e697d,https://github.com/php/php-src.git,0,,/src/llvm-project/compiler-rt/lib/fuzzer/FuzzerDriver.cpp;/src/llvm-project/compiler-rt/lib/fuzzer/FuzzerLoop.cpp;/src/llvm-project/compiler-rt/lib/fuzzer/FuzzerMain.cpp;/src/php-src/Zend/zend_vm_execute.h;/src/php-src/sapi/fuzzer/fuzzer-sapi.c;/src/php-src/sapi/fuzzer/fuzzer-tracing-jit.c,https://github.com/php/php-src/commit/c67f6f449c4b5501583a91abcd8fea42289e697d.patch
42531256,ffmpeg,https://git.ffmpeg.org/gitweb/ffmpeg.git/commitdiff/36a986d9a193e39382de4bac95e2e314cc30ca7a,36a986d9a193e39382de4bac95e2e314cc30ca7a,https://git.ffmpeg.org/ffmpeg.git,0,,/src/aflplusplus/utils/aflpp_driver/aflpp_driver.c;/src/ffmpeg/libavcodec/bsf.c;/src/ffmpeg/libavcodec/cbs.c;/src/ffmpeg/libavcodec/cbs_bsf.c;/src/ffmpeg/libavcodec/cbs_h2645.c;/src/ffmpeg/libavcodec/cbs_h266_syntax_template.c;/src/ffmpeg/libavutil/mem.c;/src/ffmpeg/tools/target_bsf_fuzzer.c;/src/llvm-project/compiler-rt/lib/asan/asan_malloc_linux.cpp,https://git.ffmpeg.org/gitweb/ffmpeg.git/commitdiff/36a986d9a193e39382de4bac95e2e314cc30ca7a
42531269,libavc,https://github.com/ittiam-systems/libavc/commit/28727baf58aa7c8983769aff1ceecb3121a26ee6,28727baf58aa7c8983769aff1ceecb3121a26ee6,https://github.com/ittiam-systems/libavc.git,1,decoder/svc/isvcd_api.c;decoder/svc/isvcd_parse_headers.c,/src/libavc/decoder/svc/isvcd_api.c;/src/libavc/decoder/svc/isvcd_compute_bs.c;/src/libavc/decoder/svc/isvcd_parse_eislice.c;/src/libavc/decoder/svc/isvcd_parse_headers.c;/src/libavc/decoder/svc/isvcd_parse_slice.c;/src/libavc/fuzzer/svc_dec_fuzzer.cpp;/src/llvm-project/compiler-rt/lib/fuzzer/FuzzerDriver.cpp;/src/llvm-project/compiler-rt/lib/fuzzer/FuzzerLoop.cpp;/src/llvm-project/compiler-rt/lib/fuzzer/FuzzerMain.cpp,https://github.com/ittiam-systems/libavc/commit/28727baf58aa7c8983769aff1ceecb3121a26ee6.patch
42531297,jq,https://github.com/jqlang/jq/commit/dc849e9bb74a7a164a3ea52f661cc712b1ffbd43,dc849e9bb74a7a164a3ea52f661cc712b1ffbd43,https://github.com/jqlang/jq,1,src/builtin.c;src/jv.c,/src/jq/./tests/jq_fuzz_execute.cpp;/src/jq/src/builtin.c;/src/jq/src/execute.c;/src/jq/src/jv.c;/src/jq/src/jv_alloc.c;/src/jq/src/jv_aux.c;/src/jq/src/linker.c;/src/llvm-project/compiler-rt/lib/asan/../sanitizer_common/sanitizer_common_interceptors_format.inc;/src/llvm-project/compiler-rt/lib/asan/asan_malloc_linux.cpp;/src/llvm-project/compiler-rt/lib/fuzzer/FuzzerDriver.cpp;/src/llvm-project/compiler-rt/lib/fuzzer/FuzzerLoop.cpp;/src/llvm-project/compiler-rt/lib/fuzzer/FuzzerMain.cpp,https://github.com/jqlang/jq/commit/dc849e9bb74a7a164a3ea52f661cc712b1ffbd43.patch
42531304,gpac,https://github.com/gpac/gpac/commit/538b229cab5e6317053c15c66417a9d053681ad0,538b229cab5e6317053c15c66417a9d053681ad0,https://github.com/gpac/gpac,1,src/filters/dmx_ghi.c,/src/gpac/src/filter_core/filter.c;/src/gpac/src/filter_core/filter_pck.c;/src/gpac/src/filter_core/filter_session.c;/src/gpac/src/filters/dmx_ghi.c;/src/gpac/src/filters/in_file.c;/src/gpac/src/utils/alloc.c;/src/gpac/src/utils/xml_parser.c;/src/llvm-project/compiler-rt/lib/asan/../sanitizer_common/sanitizer_common_interceptors.inc;/src/llvm-project/compiler-rt/lib/asan/asan_malloc_linux.cpp;/src/llvm-project/compiler-rt/lib/fuzzer/FuzzerDriver.cpp;/src/llvm-project/compiler-rt/lib/fuzzer/FuzzerLoop.cpp;/src/llvm-project/compiler-rt/lib/fuzzer/FuzzerMain.cpp;/src/testsuite/oss-fuzzers/fuzz_probe_analyze.c,https://github.com/gpac/gpac/commit/538b229cab5e6317053c15c66417a9d053681ad0.patch
42531310,gpac,https://github.com/gpac/gpac/commit/9b3d814db48ba2262e58dc83c44bacf2c82236c4,9b3d814db48ba2262e58dc83c44bacf2c82236c4,https://github.com/gpac/gpac,1,src/filters/inspect.c,/src/aflplusplus/utils/aflpp_driver/aflpp_driver.c;/src/gpac/src/filter_core/filter.c;/src/gpac/src/filter_core/filter_pck.c;/src/gpac/src/filter_core/filter_session.c;/src/gpac/src/filters/inspect.c;/src/gpac/src/filters/reframe_av1.c;/src/gpac/src/media_tools/av_parsers.c;/src/gpac/src/utils/alloc.c;/src/gpac/src/utils/bitstream.c;/src/llvm-project/compiler-rt/lib/asan/asan_malloc_linux.cpp;/src/testsuite/oss-fuzzers/fuzz_probe_analyze.c,https://github.com/gpac/gpac/commit/9b3d814db48ba2262e58dc83c44bacf2c82236c4.patch
42531311,skcms,https://skia.googlesource.com/skcms.git/+/569770ec9110579036c29b2e82aa52df0aa59dc8%5E%21/,569770ec9110579036c29b2e82aa52df0aa59dc8,https://skia.googlesource.com/skcms.git,1,src/ICCProfile.c,/ICCProfile.c;/src/libfuzzer/FuzzerDriver.cpp;/src/libfuzzer/FuzzerLoop.cpp;/src/libfuzzer/FuzzerMain.cpp;/src/skcms/./src/ICCProfile.c;/src/skcms/fuzz/fuzz_iccprofile_transform.c,https://skia.googlesource.com/skcms.git/+/569770ec9110579036c29b2e82aa52df0aa59dc8%5E%21/?format=TEXT
42531314,libssh2,https://github.com/libssh2/libssh2/commit/f52ffc1ccdedcd5a885e85c2d0f0cb872b2b0a7f,f52ffc1ccdedcd5a885e85c2d0f0cb872b2b0a7f,https://github.com/libssh2/libssh2.git,1,src/kex.c,/src/aflplusplus/utils/aflpp_driver/aflpp_driver.c;/src/libssh2/src/kex.c;/src/libssh2/src/packet.c;/src/libssh2/src/session.c;/src/libssh2/src/transport.c;/src/libssh2/tests/ossfuzz/ssh2_client_fuzzer.cc;/src/llvm-project/compiler-rt/lib/asan/../sanitizer_common/sanitizer_common_interceptors.inc;/src/llvm-project/compiler-rt/lib/asan/asan_malloc_linux.cpp,https://github.com/libssh2/libssh2/commit/f52ffc1ccdedcd5a885e85c2d0f0cb872b2b0a7f.patch
42531317,gpac,https://github.com/gpac/gpac/commit/8a6e53e5231354b52feaffc02eae48204303157d,8a6e53e5231354b52feaffc02eae48204303157d,https://github.com/gpac/gpac,1,src/utils/url.c,/src/gpac/src/filter_core/filter.c;/src/gpac/src/filter_core/filter_session.c;/src/gpac/src/filters/filelist.c;/src/gpac/src/utils/alloc.c;/src/gpac/src/utils/url.c;/src/llvm-project/compiler-rt/lib/asan/asan_interceptors.cpp;/src/llvm-project/compiler-rt/lib/fuzzer/FuzzerDriver.cpp;/src/llvm-project/compiler-rt/lib/fuzzer/FuzzerLoop.cpp;/src/llvm-project/compiler-rt/lib/fuzzer/FuzzerMain.cpp;/src/testsuite/oss-fuzzers/fuzz_probe_analyze.c,https://github.com/gpac/gpac/commit/8a6e53e5231354b52feaffc02eae48204303157d.patch
42531319,gpac,https://github.com/gpac/gpac/commit/95e2a90e156bf3370d16b58e5d20d5c603c2e1ee,95e2a90e156bf3370d16b58e5d20d5c603c2e1ee,https://github.com/gpac/gpac,1,src/media_tools/av_parsers.c,/av_parsers.c;/src/gpac/src/filter_core/filter.c;/src/gpac/src/filter_core/filter_session.c;/src/gpac/src/filters/reframe_nalu.c;/src/gpac/src/media_tools/av_parsers.c;/src/llvm-project/compiler-rt/lib/fuzzer/FuzzerDriver.cpp;/src/llvm-project/compiler-rt/lib/fuzzer/FuzzerLoop.cpp;/src/llvm-project/compiler-rt/lib/fuzzer/FuzzerMain.cpp;/src/testsuite/oss-fuzzers/fuzz_probe_analyze.c,https://github.com/gpac/gpac/commit/95e2a90e156bf3370d16b58e5d20d5c603c2e1ee.patch
42531320,gpac,https://github.com/gpac/gpac/commit/9b3d814db48ba2262e58dc83c44bacf2c82236c4,9b3d814db48ba2262e58dc83c44bacf2c82236c4,https://github.com/gpac/gpac,1,src/filters/inspect.c,/src/aflplusplus/utils/aflpp_driver/aflpp_driver.c;/src/gpac/src/filter_core/filter.c;/src/gpac/src/filter_core/filter_pck.c;/src/gpac/src/filter_core/filter_session.c;/src/gpac/src/filters/inspect.c;/src/gpac/src/filters/reframe_av1.c;/src/gpac/src/utils/alloc.c;/src/gpac/src/utils/bitstream.c;/src/llvm-project/compiler-rt/lib/asan/asan_malloc_linux.cpp;/src/testsuite/oss-fuzzers/fuzz_probe_analyze.c,https://github.com/gpac/gpac/commit/9b3d814db48ba2262e58dc83c44bacf2c82236c4.patch
42531322,mupdf,https://github.com/ArtifexSoftware/mupdf/commit/f85a9d6a08ebba9e319abdc05eadc3e443b878f1,f85a9d6a08ebba9e319abdc05eadc3e443b878f1,git://git.ghostscript.com/mupdf.git,1,source/fitz/draw-affine.c,/src/libfuzzer/FuzzerDriver.cpp;/src/libfuzzer/FuzzerLoop.cpp;/src/libfuzzer/FuzzerMain.cpp;/src/mupdf/source/fitz/document.c;/src/mupdf/source/fitz/draw-affine.c;/src/mupdf/source/fitz/draw-device.c;/src/mupdf/source/fitz/util.c;/src/mupdf/source/fuzz/pdf_fuzzer.cc;/src/mupdf/source/pdf/pdf-interpret.c;/src/mupdf/source/pdf/pdf-op-run.c;/src/mupdf/source/pdf/pdf-run.c,https://github.com/ArtifexSoftware/mupdf/commit/f85a9d6a08ebba9e319abdc05eadc3e443b878f1.patch
42531328,gpac,https://github.com/gpac/gpac/commit/95e2a90e156bf3370d16b58e5d20d5c603c2e1ee,95e2a90e156bf3370d16b58e5d20d5c603c2e1ee,https://github.com/gpac/gpac,1,src/media_tools/av_parsers.c,/av_parsers.c;/src/gpac/src/filter_core/filter.c;/src/gpac/src/filter_core/filter_session.c;/src/gpac/src/filters/inspect.c;/src/gpac/src/media_tools/av_parsers.c;/src/llvm-project/compiler-rt/lib/fuzzer/FuzzerDriver.cpp;/src/llvm-project/compiler-rt/lib/fuzzer/FuzzerLoop.cpp;/src/llvm-project/compiler-rt/lib/fuzzer/FuzzerMain.cpp;/src/testsuite/oss-fuzzers/fuzz_probe_analyze.c,https://github.com/gpac/gpac/commit/95e2a90e156bf3370d16b58e5d20d5c603c2e1ee.patch
42531339,gpac,https://github.com/gpac/gpac/commit/4786c169258fcf4adfeafe03e09c1f214c0d09cf,4786c169258fcf4adfeafe03e09c1f214c0d09cf,https://github.com/gpac/gpac,1,src/media_tools/webvtt.c,/src/aflplusplus/utils/aflpp_driver/aflpp_driver.c;/src/gpac/src/filter_core/filter.c;/src/gpac/src/filter_core/filter_session.c;/src/gpac/src/filters/load_text.c;/src/gpac/src/media_tools/webvtt.c;/src/gpac/src/utils/alloc.c;/src/llvm-project/compiler-rt/lib/asan/asan_interceptors.cpp;/src/testsuite/oss-fuzzers/fuzz_probe_analyze.c,https://github.com/gpac/gpac/commit/4786c169258fcf4adfeafe03e09c1f214c0d09cf.patch
42531361,gpac,https://github.com/gpac/gpac/commit/170631255f5504243b34323d61edb60b2dfbce51,170631255f5504243b34323d61edb60b2dfbce51,https://github.com/gpac/gpac,1,src/media_tools/av_parsers.c,/av_parsers.c;/src/gpac/src/filter_core/filter.c;/src/gpac/src/filter_core/filter_session.c;/src/gpac/src/filters/inspect.c;/src/gpac/src/media_tools/av_parsers.c;/src/llvm-project/compiler-rt/lib/fuzzer/FuzzerDriver.cpp;/src/llvm-project/compiler-rt/lib/fuzzer/FuzzerLoop.cpp;/src/llvm-project/compiler-rt/lib/fuzzer/FuzzerMain.cpp;/src/testsuite/oss-fuzzers/fuzz_probe_analyze.c,https://github.com/gpac/gpac/commit/170631255f5504243b34323d61edb60b2dfbce51.patch
42531371,gpac,https://github.com/gpac/gpac/commit/067bef9548698847fe9126308626e672e1ecab75,067bef9548698847fe9126308626e672e1ecab75,https://github.com/gpac/gpac,1,src/utils/token.c,/src/aflplusplus/utils/aflpp_driver/aflpp_driver.c;/src/gpac/src/filter_core/filter.c;/src/gpac/src/filter_core/filter_session.c;/src/gpac/src/filters/in_rtp.c;/src/gpac/src/filters/in_rtp_sdp.c;/src/gpac/src/ietf/sdp.c;/src/gpac/src/utils/token.c;/src/testsuite/oss-fuzzers/fuzz_probe_analyze.c,https://github.com/gpac/gpac/commit/067bef9548698847fe9126308626e672e1ecab75.patch
42531379,ntopng,https://github.com/ntop/ntopng/commit/665c743174b04d58fe8abb601ca959a1e5c5ecf8,665c743174b04d58fe8abb601ca959a1e5c5ecf8,https://github.com/ntop/ntopng.git,0,,/src/aflplusplus/utils/aflpp_driver/aflpp_driver.c;/src/libpcap-1.9.1/./sf-pcap.c;/src/llvm-project/compiler-rt/lib/asan/asan_interceptors.cpp;/src/llvm-project/compiler-rt/lib/asan/asan_malloc_linux.cpp;/src/ntopng/fuzz/fuzz_dissect_packet.cpp;/src/ntopng/src/Flow.cpp;/src/ntopng/src/NetworkInterface.cpp,https://github.com/ntop/ntopng/commit/665c743174b04d58fe8abb601ca959a1e5c5ecf8.patch
42531416,ndpi,https://github.com/ntop/nDPI/commit/5c7200f2bb763bfcd4e0636aebb88573e97bbcf3,5c7200f2bb763bfcd4e0636aebb88573e97bbcf3,https://github.com/ntop/nDPI.git,1,src/lib/protocols/tls.c,/src/llvm-project/compiler-rt/lib/asan/asan_malloc_linux.cpp;/src/llvm-project/compiler-rt/lib/fuzzer/FuzzerDriver.cpp;/src/llvm-project/compiler-rt/lib/fuzzer/FuzzerLoop.cpp;/src/llvm-project/compiler-rt/lib/fuzzer/FuzzerMain.cpp;/src/ndpi/fuzz/../example/reader_util.c;/src/ndpi/fuzz/fuzz_ndpi_reader.c;/src/ndpi/src/lib/ndpi_main.c;/src/ndpi/src/lib/protocols/tls.c,https://github.com/ntop/nDPI/commit/5c7200f2bb763bfcd4e0636aebb88573e97bbcf3.patch
42531419,ndpi,https://github.com/ntop/nDPI/commit/5c7200f2bb763bfcd4e0636aebb88573e97bbcf3,5c7200f2bb763bfcd4e0636aebb88573e97bbcf3,https://github.com/ntop/nDPI.git,1,src/lib/protocols/tls.c,/src/llvm-project/compiler-rt/lib/asan/asan_malloc_linux.cpp;/src/llvm-project/compiler-rt/lib/fuzzer/FuzzerDriver.cpp;/src/llvm-project/compiler-rt/lib/fuzzer/FuzzerLoop.cpp;/src/llvm-project/compiler-rt/lib/fuzzer/FuzzerMain.cpp;/src/ndpi/fuzz/fuzz_quic_get_crypto_data.c;/src/ndpi/src/lib/protocols/quic.c;/src/ndpi/src/lib/protocols/tls.c,https://github.com/ntop/nDPI/commit/5c7200f2bb763bfcd4e0636aebb88573e97bbcf3.patch
42531421,librawspeed,https://github.com/darktable-org/rawspeed/commit/b79d3f2ab9df07be675d262474a70f59eae55a66,b79d3f2ab9df07be675d262474a70f59eae55a66,https://github.com/darktable-org/rawspeed.git,1,src/librawspeed/decoders/DngDecoder.cpp,/src/aflplusplus/utils/aflpp_driver/aflpp_driver.c;/src/librawspeed/fuzz/librawspeed/parsers/main.cpp;/src/librawspeed/src/librawspeed/adt/NotARational.h;/src/librawspeed/src/librawspeed/decoders/DngDecoder.cpp;/src/librawspeed/src/librawspeed/decoders/RawDecoder.cpp;/src/llvm-project/compiler-rt/lib/asan/asan_new_delete.cpp;/usr/local/bin/../include/c++/v1/__memory/allocator.h;/usr/local/bin/../include/c++/v1/__memory/allocator_traits.h,https://github.com/darktable-org/rawspeed/commit/b79d3f2ab9df07be675d262474a70f59eae55a66.patch
42531432,gpac,https://github.com/gpac/gpac/commit/14ecc478ad48b4df8b0892a7f25cae90a714f059,14ecc478ad48b4df8b0892a7f25cae90a714f059,https://github.com/gpac/gpac,1,src/media_tools/av_parsers.c,/av_parsers.c;/src/gpac/src/filter_core/filter.c;/src/gpac/src/filter_core/filter_session.c;/src/gpac/src/filters/reframe_nalu.c;/src/gpac/src/media_tools/av_parsers.c;/src/llvm-project/compiler-rt/lib/fuzzer/FuzzerDriver.cpp;/src/llvm-project/compiler-rt/lib/fuzzer/FuzzerLoop.cpp;/src/llvm-project/compiler-rt/lib/fuzzer/FuzzerMain.cpp;/src/testsuite/oss-fuzzers/fuzz_probe_analyze.c,https://github.com/gpac/gpac/commit/14ecc478ad48b4df8b0892a7f25cae90a714f059.patch
42531447,ntopng,https://github.com/ntop/ntopng/commit/bfc67588eb3f60f1f24a4596e87edcdb7ec254ab,bfc67588eb3f60f1f24a4596e87edcdb7ec254ab,https://github.com/ntop/ntopng.git,1,src/NetworkInterface.cpp,/src/libpcap-1.9.1/./sf-pcap.c;/src/llvm-project/compiler-rt/lib/asan/asan_malloc_linux.cpp;/src/llvm-project/compiler-rt/lib/fuzzer/FuzzerDriver.cpp;/src/llvm-project/compiler-rt/lib/fuzzer/FuzzerLoop.cpp;/src/llvm-project/compiler-rt/lib/fuzzer/FuzzerMain.cpp;/src/ntopng/fuzz/fuzz_dissect_packet.cpp;/src/ntopng/src/NetworkInterface.cpp,https://github.com/ntop/ntopng/commit/bfc67588eb3f60f1f24a4596e87edcdb7ec254ab.patch
42531466,imagemagick,https://github.com/imagemagick/imagemagick/commit/e79350c54735fd1051bd0b153ef277a13a7b9618,e79350c54735fd1051bd0b153ef277a13a7b9618,https://github.com/imagemagick/imagemagick,1,coders/dcm.c,/src/imagemagick/Magick++/fuzz/encoder_fuzzer.cc;/src/imagemagick/Magick++/lib/Image.cpp;/src/imagemagick/MagickCore/blob.c;/src/imagemagick/MagickCore/constitute.c;/src/imagemagick/coders/dcm.c;/src/libfuzzer/afl/afl_driver.cpp;/src/llvm/projects/compiler-rt/lib/asan/asan_malloc_linux.cc,https://github.com/imagemagick/imagemagick/commit/e79350c54735fd1051bd0b153ef277a13a7b9618.patch
42531480,ndpi,https://github.com/ntop/nDPI/commit/308f71a6e80751eae09f08cdfdc996a77510e5a5,308f71a6e80751eae09f08cdfdc996a77510e5a5,https://github.com/ntop/nDPI.git,1,src/lib/protocols/tls.c,/src/llvm-project/compiler-rt/lib/asan/asan_malloc_linux.cpp;/src/llvm-project/compiler-rt/lib/fuzzer/FuzzerDriver.cpp;/src/llvm-project/compiler-rt/lib/fuzzer/FuzzerLoop.cpp;/src/llvm-project/compiler-rt/lib/fuzzer/FuzzerMain.cpp;/src/ndpi/fuzz/../example/reader_util.c;/src/ndpi/fuzz/fuzz_ndpi_reader.c;/src/ndpi/src/lib/ndpi_main.c;/src/ndpi/src/lib/protocols/tls.c,https://github.com/ntop/nDPI/commit/308f71a6e80751eae09f08cdfdc996a77510e5a5.patch
42531481,libxml2,https://gitlab.gnome.org/GNOME/libxml2/-/commit/f3fa34dcad6fbfaadb5c68d67315149e6c652a93,f3fa34dcad6fbfaadb5c68d67315149e6c652a93,https://gitlab.gnome.org/GNOME/libxml2.git,1,parser.c,/src/libxml2/SAX2.c;/src/libxml2/fuzz/fuzz.c;/src/libxml2/fuzz/xml.c;/src/libxml2/parser.c;/src/libxml2/tree.c;/src/libxml2/xmlreader.c;/src/llvm-project/compiler-rt/lib/asan/asan_malloc_linux.cpp;/src/llvm-project/compiler-rt/lib/fuzzer/FuzzerDriver.cpp;/src/llvm-project/compiler-rt/lib/fuzzer/FuzzerLoop.cpp;/src/llvm-project/compiler-rt/lib/fuzzer/FuzzerMain.cpp,https://gitlab.gnome.org/GNOME/libxml2/-/commit/f3fa34dcad6fbfaadb5c68d67315149e6c652a93.patch
42531500,gpac,https://github.com/gpac/gpac/commit/c3ce6dd423aa459de3690016833ed740df54f989,c3ce6dd423aa459de3690016833ed740df54f989,https://github.com/gpac/gpac,1,src/media_tools/av_parsers.c;src/media_tools/gpac_ogg.c,/gpac_ogg.c;/src/gpac/src/filter_core/filter.c;/src/gpac/src/filter_core/filter_session.c;/src/gpac/src/filters/dmx_ogg.c;/src/gpac/src/media_tools/av_parsers.c;/src/gpac/src/media_tools/gpac_ogg.c;/src/llvm-project/compiler-rt/lib/fuzzer/FuzzerDriver.cpp;/src/llvm-project/compiler-rt/lib/fuzzer/FuzzerLoop.cpp;/src/llvm-project/compiler-rt/lib/fuzzer/FuzzerMain.cpp;/src/testsuite/oss-fuzzers/fuzz_probe_analyze.c,https://github.com/gpac/gpac/commit/c3ce6dd423aa459de3690016833ed740df54f989.patch
42531502,wolfssl,https://github.com/wolfssl/wolfssl/commit/461cf9ea71235d41a38501aebdf678c4a569562b,"b17ec3b4bcdc369824fadc5ad010b360fad79a9c
e175004f850f7fe2a30592d353345397c39649b1
461cf9ea71235d41a38501aebdf678c4a569562b",https://github.com/wolfssl/wolfssl,1,src/ssl.c;wolfcrypt/src/asn.c,/src/fuzz-targets/pem_cert/target.c;/src/llvm-project/compiler-rt/lib/fuzzer/FuzzerDriver.cpp;/src/llvm-project/compiler-rt/lib/fuzzer/FuzzerLoop.cpp;/src/llvm-project/compiler-rt/lib/fuzzer/FuzzerMain.cpp;/src/wolfssl/src/ssl.c;/src/wolfssl/wolfcrypt/src/asn.c,https://github.com/wolfssl/wolfssl/commit/461cf9ea71235d41a38501aebdf678c4a569562b.patch
42531503,htslib,https://github.com/samtools/htslib/commit/9fe927513825d495d63d096168862e4dad4cf20e,9fe927513825d495d63d096168862e4dad4cf20e,https://github.com/samtools/htslib.git,1,cram/cram_encode.c,/src/aflplusplus/utils/aflpp_driver/aflpp_driver.c;/src/htslib/cram/cram_encode.c;/src/htslib/cram/cram_io.c;/src/htslib/hts.c;/src/htslib/test/fuzz/hts_open_fuzzer.c;/src/llvm-project/compiler-rt/lib/asan/asan_malloc_linux.cpp,https://github.com/samtools/htslib/commit/9fe927513825d495d63d096168862e4dad4cf20e.patch
42531506,quickjs,https://github.com/bellard/quickjs/commit/6a89d7c27099be84e5312a7ec73205d6a7abe1b4,6a89d7c27099be84e5312a7ec73205d6a7abe1b4,https://github.com/bellard/quickjs,0,,/src/fuzz_eval.c;/src/llvm-project/compiler-rt/lib/fuzzer/FuzzerDriver.cpp;/src/llvm-project/compiler-rt/lib/fuzzer/FuzzerLoop.cpp;/src/llvm-project/compiler-rt/lib/fuzzer/FuzzerMain.cpp;/src/llvm-project/compiler-rt/lib/msan/msan_interceptors.cpp;/src/quickjs/quickjs.c,https://github.com/bellard/quickjs/commit/6a89d7c27099be84e5312a7ec73205d6a7abe1b4.patch
42531514,quickjs,https://github.com/bellard/quickjs/commit/df3781d08265c1a295aef9136c249b408d3a7c95,df3781d08265c1a295aef9136c249b408d3a7c95,https://github.com/bellard/quickjs,1,quickjs.c,/src/fuzz_eval.c;/src/llvm-project/compiler-rt/lib/asan/asan_malloc_linux.cpp;/src/llvm-project/compiler-rt/lib/fuzzer/FuzzerDriver.cpp;/src/llvm-project/compiler-rt/lib/fuzzer/FuzzerLoop.cpp;/src/llvm-project/compiler-rt/lib/fuzzer/FuzzerMain.cpp;/src/quickjs/./list.h;/src/quickjs/quickjs.c,https://github.com/bellard/quickjs/commit/df3781d08265c1a295aef9136c249b408d3a7c95.patch
42531525,ntopng,https://github.com/ntop/ntopng/commit/c4686ad6880a906245577e685cb4569cf2eb90ae,c4686ad6880a906245577e685cb4569cf2eb90ae,https://github.com/ntop/ntopng.git,1,src/IEC104Stats.cpp,/src/libpcap-1.9.1/./sf-pcap.c;/src/llvm-project/compiler-rt/lib/asan/asan_malloc_linux.cpp;/src/llvm-project/compiler-rt/lib/fuzzer/FuzzerDriver.cpp;/src/llvm-project/compiler-rt/lib/fuzzer/FuzzerLoop.cpp;/src/llvm-project/compiler-rt/lib/fuzzer/FuzzerMain.cpp;/src/ntopng/fuzz/fuzz_dissect_packet.cpp;/src/ntopng/src/Flow.cpp;/src/ntopng/src/IEC104Stats.cpp;/src/ntopng/src/NetworkInterface.cpp,https://github.com/ntop/ntopng/commit/c4686ad6880a906245577e685cb4569cf2eb90ae.patch
42531532,libxml2,https://gitlab.gnome.org/GNOME/libxml2/-/commit/37c6618be55935aa5cc95d2aedc35210c2190c6e,37c6618be55935aa5cc95d2aedc35210c2190c6e,https://gitlab.gnome.org/GNOME/libxml2.git,1,SAX2.c;parser.c,/src/libxml2/SAX2.c;/src/libxml2/fuzz/fuzz.c;/src/libxml2/fuzz/xinclude.c;/src/libxml2/hash.c;/src/libxml2/parser.c;/src/libxml2/tree.c;/src/libxml2/valid.c;/src/libxml2/xinclude.c;/src/libxml2/xmlreader.c;/src/llvm-project/compiler-rt/lib/asan/asan_malloc_linux.cpp;/src/llvm-project/compiler-rt/lib/fuzzer/FuzzerDriver.cpp;/src/llvm-project/compiler-rt/lib/fuzzer/FuzzerLoop.cpp;/src/llvm-project/compiler-rt/lib/fuzzer/FuzzerMain.cpp,https://gitlab.gnome.org/GNOME/libxml2/-/commit/37c6618be55935aa5cc95d2aedc35210c2190c6e.patch
42531542,libavc,https://github.com/ittiam-systems/libavc/commit/a20a5df162992908b166644f4d5b7dad96b4cdfd,a20a5df162992908b166644f4d5b7dad96b4cdfd,https://github.com/ittiam-systems/libavc.git,1,decoder/ih264d_sei.c;decoder/mvc/imvcd_api.c,/src/libavc/decoder/ih264d_bitstrm.c;/src/libavc/decoder/ih264d_parse_headers.c;/src/libavc/decoder/ih264d_sei.c;/src/libavc/decoder/mvc/imvcd_api.c;/src/libavc/decoder/mvc/imvcd_api_utils.c;/src/libavc/fuzzer/mvc_dec_fuzzer.cpp;/src/llvm-project/compiler-rt/lib/asan/asan_malloc_linux.cpp;/src/llvm-project/compiler-rt/lib/fuzzer/FuzzerDriver.cpp;/src/llvm-project/compiler-rt/lib/fuzzer/FuzzerLoop.cpp;/src/llvm-project/compiler-rt/lib/fuzzer/FuzzerMain.cpp,https://github.com/ittiam-systems/libavc/commit/a20a5df162992908b166644f4d5b7dad96b4cdfd.patch
42531547,libxaac,https://github.com/ittiam-systems/libxaac/commit/87f206b42d71fbf1c5601ce6679d22d0777e79bb,87f206b42d71fbf1c5601ce6679d22d0777e79bb,https://github.com/ittiam-systems/libxaac.git,1,encoder/ixheaace_sbr_main.c,/src/libxaac/encoder/ixheaace_api.c;/src/libxaac/encoder/ixheaace_sbr_env_est.c;/src/libxaac/encoder/ixheaace_sbr_frame_info_gen.c;/src/libxaac/encoder/ixheaace_sbr_main.c;/src/libxaac/fuzzer/xaac_enc_fuzzer.cpp;/src/llvm-project/compiler-rt/lib/fuzzer/FuzzerDriver.cpp;/src/llvm-project/compiler-rt/lib/fuzzer/FuzzerLoop.cpp;/src/llvm-project/compiler-rt/lib/fuzzer/FuzzerMain.cpp,https://github.com/ittiam-systems/libxaac/commit/87f206b42d71fbf1c5601ce6679d22d0777e79bb.patch
42531553,ntopng,https://github.com/ntop/ntopng/commit/fa57f7ba406b00c7d18f123529010f63ba8da6cf,fa57f7ba406b00c7d18f123529010f63ba8da6cf,https://github.com/ntop/ntopng.git,1,src/NetworkInterface.cpp,/src/aflplusplus/utils/aflpp_driver/aflpp_driver.c;/src/libpcap-1.9.1/./sf-pcap.c;/src/llvm-project/compiler-rt/lib/asan/asan_interceptors.cpp;/src/llvm-project/compiler-rt/lib/asan/asan_malloc_linux.cpp;/src/ntopng/fuzz/fuzz_dissect_packet.cpp;/src/ntopng/src/NetworkInterface.cpp,https://github.com/ntop/ntopng/commit/fa57f7ba406b00c7d18f123529010f63ba8da6cf.patch
42531577,imagemagick,https://github.com/imagemagick/imagemagick/commit/a7e810e41cfc29c9c8e6eabb43ea0c52e26d0664,a7e810e41cfc29c9c8e6eabb43ea0c52e26d0664,https://github.com/imagemagick/imagemagick,1,MagickCore/draw.c,/src/imagemagick/Magick++/fuzz/encoder_fuzzer.cc;/src/imagemagick/Magick++/lib/Image.cpp;/src/imagemagick/MagickCore/blob.c;/src/imagemagick/MagickCore/constitute.c;/src/imagemagick/MagickCore/draw.c;/src/imagemagick/coders/mvg.c;/src/libfuzzer/FuzzerDriver.cpp;/src/libfuzzer/FuzzerLoop.cpp;/src/libfuzzer/FuzzerMain.cpp;/src/llvm/projects/compiler-rt/lib/asan/asan_malloc_linux.cc,https://github.com/imagemagick/imagemagick/commit/a7e810e41cfc29c9c8e6eabb43ea0c52e26d0664.patch
42531613,libavc,https://github.com/ittiam-systems/libavc/commit/28727baf58aa7c8983769aff1ceecb3121a26ee6,28727baf58aa7c8983769aff1ceecb3121a26ee6,https://github.com/ittiam-systems/libavc.git,1,decoder/svc/isvcd_api.c;decoder/svc/isvcd_parse_headers.c,/src/libavc/decoder/ih264d_compute_bs.c;/src/libavc/decoder/svc/isvcd_api.c;/src/libavc/decoder/svc/isvcd_compute_bs.c;/src/libavc/decoder/svc/isvcd_parse_eislice.c;/src/libavc/decoder/svc/isvcd_parse_headers.c;/src/libavc/decoder/svc/isvcd_parse_slice.c;/src/libavc/fuzzer/svc_dec_fuzzer.cpp;/src/llvm-project/compiler-rt/lib/fuzzer/FuzzerDriver.cpp;/src/llvm-project/compiler-rt/lib/fuzzer/FuzzerLoop.cpp;/src/llvm-project/compiler-rt/lib/fuzzer/FuzzerMain.cpp,https://github.com/ittiam-systems/libavc/commit/28727baf58aa7c8983769aff1ceecb3121a26ee6.patch
42531617,icu,https://github.com/unicode-org/icu/commit/838227ce9570921e0aa75a399fdff47862d34f61,838227ce9570921e0aa75a399fdff47862d34f61,https://github.com/unicode-org/icu.git,1,icu4c/source/i18n/tznames_impl.cpp,/src/aflplusplus/utils/aflpp_driver/aflpp_driver.c;/src/icu/icu4c/source/i18n/tznames_impl.cpp;/src/icu/icu4c/source/test/fuzzer/time_zone_names_fuzzer.cpp,https://github.com/unicode-org/icu/commit/838227ce9570921e0aa75a399fdff47862d34f61.patch
42531645,upx,https://github.com/upx/upx/commit/3dca1175e5899b54ac97e2ffab38dc5191cc4be4,3dca1175e5899b54ac97e2ffab38dc5191cc4be4,https://github.com/upx/upx.git,1,src/p_lx_elf.cpp,/src/aflplusplus/utils/aflpp_driver/aflpp_driver.c;/src/llvm-project/compiler-rt/lib/asan/asan_malloc_linux.cpp;/src/upx/fuzzers/list_packed_file_fuzzer.cpp;/src/upx/src/main.cpp;/src/upx/src/p_lx_elf.cpp;/src/upx/src/p_lx_elf.h;/src/upx/src/packer.h;/src/upx/src/packmast.cpp;/src/upx/src/util/../bele.h;/src/upx/src/util/../bele_policy.h;/src/upx/src/util/membuffer.cpp;/src/upx/src/work.cpp,https://github.com/upx/upx/commit/3dca1175e5899b54ac97e2ffab38dc5191cc4be4.patch
42531653,upx,https://github.com/upx/upx/commit/6dde9f7dc03f94648ce65e203eb1ca382a63016a,6dde9f7dc03f94648ce65e203eb1ca382a63016a,https://github.com/upx/upx.git,1,src/p_unix.cpp,/src/llvm-project/compiler-rt/lib/asan/asan_malloc_linux.cpp;/src/llvm-project/compiler-rt/lib/fuzzer/FuzzerDriver.cpp;/src/llvm-project/compiler-rt/lib/fuzzer/FuzzerLoop.cpp;/src/llvm-project/compiler-rt/lib/fuzzer/FuzzerMain.cpp;/src/upx/fuzzers/test_packed_file_fuzzer.cpp;/src/upx/src/main.cpp;/src/upx/src/p_unix.cpp;/src/upx/src/packer.h;/src/upx/src/packmast.cpp;/src/upx/src/util/../bele.h;/src/upx/src/util/../bele_policy.h;/src/upx/src/util/membuffer.cpp;/src/upx/src/work.cpp,https://github.com/upx/upx/commit/6dde9f7dc03f94648ce65e203eb1ca382a63016a.patch
42531654,upx,https://github.com/upx/upx/commit/f310ce376ea1c8deb542b0746344f27251f7eadc,f310ce376ea1c8deb542b0746344f27251f7eadc,https://github.com/upx/upx.git,1,src/p_unix.cpp,/src/aflplusplus/utils/aflpp_driver/aflpp_driver.c;/src/llvm-project/compiler-rt/lib/asan/asan_malloc_linux.cpp;/src/upx/fuzzers/test_packed_file_fuzzer.cpp;/src/upx/src/compress/compress.cpp;/src/upx/src/compress/compress_ucl.cpp;/src/upx/src/main.cpp;/src/upx/src/p_unix.cpp;/src/upx/src/packer.cpp;/src/upx/src/packhead.cpp;/src/upx/src/util/membuffer.cpp;/src/upx/src/work.cpp;/src/upx/vendor/ucl/src/n2b_d.c,https://github.com/upx/upx/commit/f310ce376ea1c8deb542b0746344f27251f7eadc.patch
42531664,libjxl,https://github.com/libjxl/libjxl/commit/e4764a3792d8f8bb627498e7c29ced32d295e345,e4764a3792d8f8bb627498e7c29ced32d295e345,https://github.com/libjxl/libjxl.git,0,,/src/libjxl/lib/jxl/icc_codec.cc;/src/libjxl/tools/icc_codec_fuzzer.cc;/src/llvm-project/compiler-rt/lib/asan/asan_malloc_linux.cpp;/src/llvm-project/compiler-rt/lib/fuzzer/FuzzerDriver.cpp;/src/llvm-project/compiler-rt/lib/fuzzer/FuzzerLoop.cpp;/src/llvm-project/compiler-rt/lib/fuzzer/FuzzerMain.cpp,https://github.com/libjxl/libjxl/commit/e4764a3792d8f8bb627498e7c29ced32d295e345.patch
42531667,libtpms,https://github.com/stefanberger/libtpms/commit/23ab02a1c27edc17469f2b1aaa2a1261f9efa711,23ab02a1c27edc17469f2b1aaa2a1261f9efa711,https://github.com/stefanberger/libtpms,0,,/src/libtpms/src/tpm2/CommandDispatcher.c;/src/libtpms/src/tpm2/CryptUtil.c;/src/libtpms/src/tpm2/ExecCommand.c;/src/libtpms/src/tpm2/ObjectCommands.c;/src/libtpms/src/tpm2/RunCommand.c;/src/libtpms/src/tpm2/TPMCmdp.c;/src/libtpms/src/tpm2/crypto/openssl/CryptPrime.c;/src/libtpms/src/tpm2/crypto/openssl/CryptRsa.c;/src/libtpms/src/tpm_library.c;/src/libtpms/src/tpm_tpm2_interface.c;/src/libtpms/tests/fuzz.cc;/src/llvm-project/compiler-rt/lib/fuzzer/FuzzerDriver.cpp;/src/llvm-project/compiler-rt/lib/fuzzer/FuzzerLoop.cpp;/src/llvm-project/compiler-rt/lib/fuzzer/FuzzerMain.cpp,https://github.com/stefanberger/libtpms/commit/23ab02a1c27edc17469f2b1aaa2a1261f9efa711.patch
42531668,upx,https://github.com/upx/upx/commit/d549c2b5c9a2880ba03b6522e055bbe673fa7753,d549c2b5c9a2880ba03b6522e055bbe673fa7753,https://github.com/upx/upx.git,1,src/p_lx_elf.cpp,/src/aflplusplus/utils/aflpp_driver/aflpp_driver.c;/src/upx/fuzzers/test_packed_file_fuzzer.cpp;/src/upx/src/bele.h;/src/upx/src/main.cpp;/src/upx/src/p_lx_elf.cpp;/src/upx/src/packer.cpp;/src/upx/src/work.cpp,https://github.com/upx/upx/commit/d549c2b5c9a2880ba03b6522e055bbe673fa7753.patch
42531669,upx,https://github.com/upx/upx/commit/c0e40da2ab6f072ceaff780308756b1e9e1fb6a2,c0e40da2ab6f072ceaff780308756b1e9e1fb6a2,https://github.com/upx/upx.git,1,src/p_mach.cpp,/src/aflplusplus/utils/aflpp_driver/aflpp_driver.c;/src/llvm-project/compiler-rt/lib/asan/asan_malloc_linux.cpp;/src/upx/fuzzers/list_packed_file_fuzzer.cpp;/src/upx/src/bele.h;/src/upx/src/main.cpp;/src/upx/src/p_mach.cpp;/src/upx/src/packmast.cpp;/src/upx/src/util/membuffer.cpp;/src/upx/src/work.cpp,https://github.com/upx/upx/commit/c0e40da2ab6f072ceaff780308756b1e9e1fb6a2.patch
42531670,libjxl,https://github.com/libjxl/libjxl/commit/06aec61435eab1c511c4c809e5ebd637c2551839,06aec61435eab1c511c4c809e5ebd637c2551839,https://github.com/libjxl/libjxl.git,1,lib/jxl/render_pipeline/stage_write.cc,/src/libjxl/lib/include/jxl/thread_parallel_runner_cxx.h;/src/libjxl/lib/jxl/base/data_parallel.h;/src/libjxl/lib/jxl/dec_frame.cc;/src/libjxl/lib/jxl/render_pipeline/low_memory_render_pipeline.cc;/src/libjxl/lib/jxl/render_pipeline/stage_write.cc;/src/libjxl/lib/threads/thread_parallel_runner.cc;/src/libjxl/lib/threads/thread_parallel_runner_internal.cc;/src/libjxl/tools/djxl_fuzzer.cc;/src/llvm-project/compiler-rt/lib/asan/asan_interceptors.cpp;/src/llvm-project/compiler-rt/lib/fuzzer/FuzzerDriver.cpp;/src/llvm-project/compiler-rt/lib/fuzzer/FuzzerLoop.cpp;/src/llvm-project/compiler-rt/lib/fuzzer/FuzzerMain.cpp;/usr/local/bin/../include/c++/v1/__memory/allocator.h;/usr/local/bin/../include/c++/v1/__memory/allocator_traits.h,https://github.com/libjxl/libjxl/commit/06aec61435eab1c511c4c809e5ebd637c2551839.patch
42531672,upx,https://github.com/upx/upx/commit/d3e780d617014a883b2b181021b58d11b98eb46c,d3e780d617014a883b2b181021b58d11b98eb46c,https://github.com/upx/upx.git,1,src/p_lx_elf.cpp,/src/llvm-project/compiler-rt/lib/asan/asan_malloc_linux.cpp;/src/llvm-project/compiler-rt/lib/fuzzer/FuzzerDriver.cpp;/src/llvm-project/compiler-rt/lib/fuzzer/FuzzerLoop.cpp;/src/llvm-project/compiler-rt/lib/fuzzer/FuzzerMain.cpp;/src/upx/fuzzers/decompress_packed_file_fuzzer.cpp;/src/upx/src/main.cpp;/src/upx/src/p_lx_elf.cpp;/src/upx/src/p_lx_elf.h;/src/upx/src/packer.cpp;/src/upx/src/packer.h;/src/upx/src/packmast.cpp;/src/upx/src/util/../bele.h;/src/upx/src/util/../bele_policy.h;/src/upx/src/util/membuffer.cpp;/src/upx/src/work.cpp,https://github.com/upx/upx/commit/d3e780d617014a883b2b181021b58d11b98eb46c.patch
42531770,libjxl,https://github.com/libjxl/libjxl/commit/f5a4d64e5f91069f76ac086984053a1264e885c1,f5a4d64e5f91069f76ac086984053a1264e885c1,https://github.com/libjxl/libjxl.git,1,lib/jxl/enc_icc_codec.cc,/src/libjxl/lib/jxl/enc_icc_codec.cc;/src/libjxl/tools/icc_codec_fuzzer.cc;/src/llvm-project/compiler-rt/lib/asan/asan_malloc_linux.cpp;/src/llvm-project/compiler-rt/lib/fuzzer/FuzzerDriver.cpp;/src/llvm-project/compiler-rt/lib/fuzzer/FuzzerLoop.cpp;/src/llvm-project/compiler-rt/lib/fuzzer/FuzzerMain.cpp,https://github.com/libjxl/libjxl/commit/f5a4d64e5f91069f76ac086984053a1264e885c1.patch
42531783,icu,https://github.com/unicode-org/icu/commit/87ca0234476c62f7d42ab43bb4f5e17ca329f5d0,87ca0234476c62f7d42ab43bb4f5e17ca329f5d0,https://github.com/unicode-org/icu.git,1,icu4c/source/common/uresbund.cpp,/src/icu/icu4c/source/common/uloc.cpp;/src/icu/icu4c/source/common/uresbund.cpp;/src/icu/icu4c/source/i18n/datefmt.cpp;/src/icu/icu4c/source/i18n/dtptngen.cpp;/src/icu/icu4c/source/i18n/smpdtfmt.cpp;/src/icu/icu4c/source/test/fuzzer/date_format_fuzzer.cpp;/src/llvm-project/compiler-rt/lib/asan/../sanitizer_common/sanitizer_common_interceptors.inc;/src/llvm-project/compiler-rt/lib/fuzzer/FuzzerDriver.cpp;/src/llvm-project/compiler-rt/lib/fuzzer/FuzzerLoop.cpp;/src/llvm-project/compiler-rt/lib/fuzzer/FuzzerMain.cpp,https://github.com/unicode-org/icu/commit/87ca0234476c62f7d42ab43bb4f5e17ca329f5d0.patch
42531785,wasm3,https://github.com/wasm3/wasm3/commit/79d412ea5fcf92f0efe658d52827a0e0a96ff442,79d412ea5fcf92f0efe658d52827a0e0a96ff442,https://github.com/wasm3/wasm3,0,,/src/llvm-project/compiler-rt/lib/fuzzer/FuzzerDriver.cpp;/src/llvm-project/compiler-rt/lib/fuzzer/FuzzerLoop.cpp;/src/llvm-project/compiler-rt/lib/fuzzer/FuzzerMain.cpp;/src/wasm3/platforms/app_fuzz/fuzzer.c;/src/wasm3/source/m3_compile.c;/src/wasm3/source/m3_env.c,https://github.com/wasm3/wasm3/commit/79d412ea5fcf92f0efe658d52827a0e0a96ff442.patch
42531800,upx,https://github.com/upx/upx/commit/2ad0d512266b0077e86d7e98a29f7957768ad643,2ad0d512266b0077e86d7e98a29f7957768ad643,https://github.com/upx/upx.git,1,src/pefile.cpp,/src/aflplusplus/utils/aflpp_driver/aflpp_driver.c;/src/llvm-project/compiler-rt/lib/asan/../sanitizer_common/sanitizer_common_interceptors.inc;/src/llvm-project/compiler-rt/lib/asan/asan_malloc_linux.cpp;/src/upx/fuzzers/test_packed_file_fuzzer.cpp;/src/upx/src/main.cpp;/src/upx/src/packer.cpp;/src/upx/src/pefile.cpp;/src/upx/src/util/membuffer.cpp;/src/upx/src/util/snprintf.cpp;/src/upx/src/util/snprintf.h;/src/upx/src/work.cpp,https://github.com/upx/upx/commit/2ad0d512266b0077e86d7e98a29f7957768ad643.patch
42531837,opensc,https://github.com/OpenSC/OpenSC/commit/c3545018d059b4debde33b9f34de719dd41e5531,c3545018d059b4debde33b9f34de719dd41e5531,https://github.com/OpenSC/OpenSC,1,src/libopensc/card-iasecc.c,/src/llvm-project/compiler-rt/lib/asan/asan_malloc_linux.cpp;/src/llvm-project/compiler-rt/lib/fuzzer/FuzzerDriver.cpp;/src/llvm-project/compiler-rt/lib/fuzzer/FuzzerLoop.cpp;/src/llvm-project/compiler-rt/lib/fuzzer/FuzzerMain.cpp;/src/opensc/src/libopensc/card-iasecc.c;/src/opensc/src/libopensc/card.c;/src/opensc/src/libopensc/sc.c;/src/opensc/src/pkcs15init/pkcs15-iasecc.c;/src/opensc/src/tests/fuzzing/../../../src/pkcs15init/pkcs15-lib.c;/src/opensc/src/tests/fuzzing/fuzz_pkcs15init.c,https://github.com/OpenSC/OpenSC/commit/c3545018d059b4debde33b9f34de719dd41e5531.patch
42531848,arrow,https://github.com/apache/arrow/commit/6aa33210ecd9773f18ceb775306b79de132b6c6f,6aa33210ecd9773f18ceb775306b79de132b6c6f,https://github.com/apache/arrow.git,1,cpp/src/arrow/util/formatting.h,/src/arrow/cpp/src/arrow/ipc/file_fuzz.cc;/src/arrow/cpp/src/arrow/ipc/reader.cc;/src/arrow/cpp/src/arrow/pretty_print.cc;/src/arrow/cpp/src/arrow/record_batch.cc;/src/arrow/cpp/src/arrow/util/formatting.h;/src/arrow/cpp/src/arrow/util/time.h;/src/arrow/cpp/src/arrow/visit_array_inline.h,https://github.com/apache/arrow/commit/6aa33210ecd9773f18ceb775306b79de132b6c6f.patch
42531899,open62541,https://github.com/open62541/open62541/commit/b52793f9b872c1dc8452d504910ca6759bbef5c6,b52793f9b872c1dc8452d504910ca6759bbef5c6,https://github.com/open62541/open62541.git,1,src/server/ua_services_nodemanagement.c,/src/libfuzzer/FuzzerDriver.cpp;/src/libfuzzer/FuzzerLoop.cpp;/src/libfuzzer/FuzzerMain.cpp;/src/llvm/projects/compiler-rt/lib/msan/msan_interceptors.cc;/src/open62541/plugins/ua_nodestore_default.c;/src/open62541/src/server/ua_nodes.c;/src/open62541/src/server/ua_server_binary.c;/src/open62541/src/server/ua_server_utils.c;/src/open62541/src/server/ua_services_nodemanagement.c;/src/open62541/src/ua_connection.c;/src/open62541/src/ua_securechannel.c;/src/open62541/src/ua_types.c;/src/open62541/tests/fuzz/fuzz_binary_message.cc;/work/open62541/src_generated/ua_types_generated_handling.h,https://github.com/open62541/open62541/commit/b52793f9b872c1dc8452d504910ca6759bbef5c6.patch
42531925,gpac,https://github.com/gpac/gpac/commit/0ff40625b602590afffb383ab03d155e0ba509ed,0ff40625b602590afffb383ab03d155e0ba509ed,https://github.com/gpac/gpac,1,src/utils/os_net.c,/src/gpac/src/filter_core/filter.c;/src/gpac/src/filter_core/filter_session.c;/src/gpac/src/filters/filelist.c;/src/gpac/src/filters/in_sock.c;/src/gpac/src/utils/os_net.c;/src/llvm-project/compiler-rt/lib/asan/asan_interceptors.cpp;/src/llvm-project/compiler-rt/lib/fuzzer/FuzzerDriver.cpp;/src/llvm-project/compiler-rt/lib/fuzzer/FuzzerLoop.cpp;/src/llvm-project/compiler-rt/lib/fuzzer/FuzzerMain.cpp;/src/testsuite/oss-fuzzers/fuzz_probe_analyze.c,https://github.com/gpac/gpac/commit/0ff40625b602590afffb383ab03d155e0ba509ed.patch
42531927,upx,https://github.com/upx/upx/commit/d615985b8a1b68bbdc0f31e0e6e648f93c434095,d615985b8a1b68bbdc0f31e0e6e648f93c434095,https://github.com/upx/upx.git,1,src/p_lx_elf.cpp,/src/aflplusplus/utils/aflpp_driver/aflpp_driver.c;/src/llvm-project/compiler-rt/lib/asan/asan_malloc_linux.cpp;/src/upx/fuzzers/test_packed_file_fuzzer.cpp;/src/upx/src/check/dt_check.cpp;/src/upx/src/compress/compress_lzma.cpp;/src/upx/src/main.cpp;/src/upx/src/p_lx_elf.cpp;/src/upx/src/p_lx_elf.h;/src/upx/src/packer.h;/src/upx/src/packmast.cpp;/src/upx/src/util/../bele.h;/src/upx/src/util/../bele_policy.h;/src/upx/src/work.cpp;/src/upx/vendor/doctest/doctest/parts/doctest.cpp,https://github.com/upx/upx/commit/d615985b8a1b68bbdc0f31e0e6e648f93c434095.patch
42531940,qpdf,https://github.com/qpdf/qpdf/commit/6e3b7982dbcf8087374694253e0e248fbc6c6e3e,6e3b7982dbcf8087374694253e0e248fbc6c6e3e,https://github.com/qpdf/qpdf.git,1,libqpdf/QPDF.cc,/src/llvm-project/compiler-rt/lib/asan/asan_new_delete.cpp;/src/llvm-project/compiler-rt/lib/fuzzer/FuzzerDriver.cpp;/src/llvm-project/compiler-rt/lib/fuzzer/FuzzerLoop.cpp;/src/llvm-project/compiler-rt/lib/fuzzer/FuzzerMain.cpp;/src/qpdf/fuzz/qpdf_fuzzer.cc;/src/qpdf/libqpdf/QPDF.cc;/usr/local/bin/../include/c++/v1/__memory/allocator.h;/usr/local/bin/../include/c++/v1/__memory/allocator_traits.h,https://github.com/qpdf/qpdf/commit/6e3b7982dbcf8087374694253e0e248fbc6c6e3e.patch
42531977,botan,https://github.com/randombit/botan/commit/74ca458b14d265b68ad25cf918aa216b3fa51103,"10713717707abdcf0452d2711b77dab5f5cdc1cb
74ca458b14d265b68ad25cf918aa216b3fa51103",https://github.com/randombit/botan.git,1,src/lib/pubkey/ec_group/curve_gfp.cpp,/src/botan/./src/fuzzer/fuzzers.h;/src/botan/./src/fuzzer/pkcs8.cpp;/src/botan/build/include/botan/ecdsa.h;/src/botan/src/lib/math/bigint/bigint.cpp;/src/botan/src/lib/math/mp/mp_monty.cpp;/src/botan/src/lib/pubkey/ec_group/curve_gfp.cpp;/src/botan/src/lib/pubkey/ec_group/ec_group.cpp;/src/botan/src/lib/pubkey/ec_group/point_gfp.cpp;/src/botan/src/lib/pubkey/ecc_key/ecc_key.cpp;/src/botan/src/lib/pubkey/pk_algs.cpp;/src/botan/src/lib/pubkey/pkcs8.cpp;/src/botan/src/lib/utils/mem_ops.cpp;/src/libfuzzer/FuzzerDriver.cpp;/src/libfuzzer/FuzzerLoop.cpp;/src/libfuzzer/FuzzerMain.cpp;/src/llvm/projects/compiler-rt/lib/asan/asan_malloc_linux.cc,https://github.com/randombit/botan/commit/74ca458b14d265b68ad25cf918aa216b3fa51103.patch
42531988,imagemagick,https://github.com/imagemagick/imagemagick/commit/e39f7ace21226021b095db562d6d46ef3c749784,e39f7ace21226021b095db562d6d46ef3c749784,https://github.com/imagemagick/imagemagick,1,coders/mpc.c,/src/imagemagick/Magick++/fuzz/encoder_fuzzer.cc;/src/imagemagick/Magick++/lib/Image.cpp;/src/imagemagick/MagickCore/blob.c;/src/imagemagick/MagickCore/constitute.c;/src/imagemagick/MagickCore/string.c;/src/imagemagick/coders/mpc.c;/src/libfuzzer/FuzzerDriver.cpp;/src/libfuzzer/FuzzerLoop.cpp;/src/libfuzzer/FuzzerMain.cpp;/src/llvm/projects/compiler-rt/lib/asan/asan_malloc_linux.cc,https://github.com/imagemagick/imagemagick/commit/e39f7ace21226021b095db562d6d46ef3c749784.patch
42531989,htslib,https://github.com/samtools/htslib/commit/b08332d60a458f64ad4186dbe137ef528881c683,b08332d60a458f64ad4186dbe137ef528881c683,https://github.com/samtools/htslib.git,1,sam.c,/src/aflplusplus/utils/aflpp_driver/aflpp_driver.c;/src/htslib/./sam_internal.h;/src/htslib/cram/cram_encode.c;/src/htslib/cram/cram_io.c;/src/htslib/hts.c;/src/htslib/sam.c;/src/htslib/test/fuzz/hts_open_fuzzer.c;/src/llvm-project/compiler-rt/lib/asan/asan_malloc_linux.cpp,https://github.com/samtools/htslib/commit/b08332d60a458f64ad4186dbe137ef528881c683.patch
42532007,arrow,https://github.com/apache/arrow/commit/6aa33210ecd9773f18ceb775306b79de132b6c6f,6aa33210ecd9773f18ceb775306b79de132b6c6f,https://github.com/apache/arrow.git,1,cpp/src/arrow/util/formatting.h,/src/aflplusplus/utils/aflpp_driver/aflpp_driver.c;/src/arrow/cpp/src/arrow/ipc/reader.cc;/src/arrow/cpp/src/arrow/ipc/stream_fuzz.cc;/src/arrow/cpp/src/arrow/pretty_print.cc;/src/arrow/cpp/src/arrow/record_batch.cc;/src/arrow/cpp/src/arrow/util/formatting.h;/src/arrow/cpp/src/arrow/util/time.h;/src/arrow/cpp/src/arrow/visit_array_inline.h,https://github.com/apache/arrow/commit/6aa33210ecd9773f18ceb775306b79de132b6c6f.patch
42532008,assimp,https://github.com/assimp/assimp/commit/47ef79672e58417899a3dbf1361691059e9f5dd8,47ef79672e58417899a3dbf1361691059e9f5dd8,https://github.com/assimp/assimp.git,0,,/src/assimp/code/AssetLib/Q3D/Q3DLoader.cpp;/src/assimp/code/Common/BaseImporter.cpp;/src/assimp/code/Common/Importer.cpp;/src/assimp/fuzz/assimp_fuzzer.cc;/src/llvm-project/compiler-rt/lib/fuzzer/FuzzerDriver.cpp;/src/llvm-project/compiler-rt/lib/fuzzer/FuzzerLoop.cpp;/src/llvm-project/compiler-rt/lib/fuzzer/FuzzerMain.cpp,https://github.com/assimp/assimp/commit/47ef79672e58417899a3dbf1361691059e9f5dd8.patch
42532010,imagemagick,https://github.com/imagemagick/imagemagick/commit/279e7b878d41c362d74a82c0c88f12a94d5d3acd,279e7b878d41c362d74a82c0c88f12a94d5d3acd,https://github.com/imagemagick/imagemagick,1,MagickCore/draw.c,/src/imagemagick/Magick++/fuzz/encoder_fuzzer.cc;/src/imagemagick/Magick++/lib/Image.cpp;/src/imagemagick/MagickCore/blob.c;/src/imagemagick/MagickCore/constitute.c;/src/imagemagick/MagickCore/draw.c;/src/imagemagick/coders/mvg.c;/src/libfuzzer/FuzzerDriver.cpp;/src/libfuzzer/FuzzerLoop.cpp;/src/libfuzzer/FuzzerMain.cpp;/src/llvm/projects/compiler-rt/lib/asan/asan_malloc_linux.cc,https://github.com/imagemagick/imagemagick/commit/279e7b878d41c362d74a82c0c88f12a94d5d3acd.patch
42532020,binutils-gdb,https://github.com/bminor/binutils-gdb/commit/597de453a2291a798024471a3d7c5c0b79201f94,597de453a2291a798024471a3d7c5c0b79201f94,git://sourceware.org/git/binutils-gdb.git,-1,,/src/binutils-gdb/gas/./fuzz_as.h;/src/binutils-gdb/gas/./hash.h;/src/binutils-gdb/gas/config/tc-i386.c;/src/binutils-gdb/gas/dw2gencfi.c;/src/binutils-gdb/gas/symbols.c;/src/binutils-gdb/libiberty/./obstack.c;/src/binutils-gdb/libiberty/./xmalloc.c;/src/fuzz_as.c;/src/llvm-project/compiler-rt/lib/asan/asan_malloc_linux.cpp;/src/llvm-project/compiler-rt/lib/fuzzer/FuzzerDriver.cpp;/src/llvm-project/compiler-rt/lib/fuzzer/FuzzerLoop.cpp;/src/llvm-project/compiler-rt/lib/fuzzer/FuzzerMain.cpp,
42532037,upx,https://github.com/upx/upx/commit/2767ec54e11ac516e4a2233f183c61843d9789f0,2767ec54e11ac516e4a2233f183c61843d9789f0,https://github.com/upx/upx.git,1,src/p_unix.cpp,/src/llvm-project/compiler-rt/lib/asan/asan_malloc_linux.cpp;/src/llvm-project/compiler-rt/lib/fuzzer/FuzzerDriver.cpp;/src/llvm-project/compiler-rt/lib/fuzzer/FuzzerLoop.cpp;/src/llvm-project/compiler-rt/lib/fuzzer/FuzzerMain.cpp;/src/upx/fuzzers/test_packed_file_fuzzer.cpp;/src/upx/src/compress/compress.cpp;/src/upx/src/compress/compress_ucl.cpp;/src/upx/src/main.cpp;/src/upx/src/p_unix.cpp;/src/upx/src/packer.cpp;/src/upx/src/packhead.cpp;/src/upx/src/util/membuffer.cpp;/src/upx/src/work.cpp;/src/upx/vendor/ucl/src/n2e_d.c,https://github.com/upx/upx/commit/2767ec54e11ac516e4a2233f183c61843d9789f0.patch
42532046,quickjs,https://github.com/bellard/quickjs/commit/3b45d155c77bbdfe9177b1e03db830d2aff0b2a8,3b45d155c77bbdfe9177b1e03db830d2aff0b2a8,https://github.com/bellard/quickjs,1,quickjs.c,/src/fuzz_eval.c;/src/llvm-project/compiler-rt/lib/asan/asan_malloc_linux.cpp;/src/llvm-project/compiler-rt/lib/fuzzer/FuzzerDriver.cpp;/src/llvm-project/compiler-rt/lib/fuzzer/FuzzerLoop.cpp;/src/llvm-project/compiler-rt/lib/fuzzer/FuzzerMain.cpp;/src/quickjs/./list.h;/src/quickjs/quickjs.c,https://github.com/bellard/quickjs/commit/3b45d155c77bbdfe9177b1e03db830d2aff0b2a8.patch
42532047,icu,https://github.com/unicode-org/icu/commit/3eb8923b9730efeae10a92f8054f63495fe8a95f,3eb8923b9730efeae10a92f8054f63495fe8a95f,https://github.com/unicode-org/icu.git,1,icu4c/source/i18n/plurrule.cpp,/src/icu/icu4c/source/i18n/plurrule.cpp;/src/icu/icu4c/source/test/fuzzer/plurrule_fuzzer.cpp;/src/llvm-project/compiler-rt/lib/fuzzer/FuzzerDriver.cpp;/src/llvm-project/compiler-rt/lib/fuzzer/FuzzerLoop.cpp;/src/llvm-project/compiler-rt/lib/fuzzer/FuzzerMain.cpp,https://github.com/unicode-org/icu/commit/3eb8923b9730efeae10a92f8054f63495fe8a95f.patch
42532053,serenity,https://github.com/SerenityOS/serenity/commit/d186582d30a123e4f884c8d9a31c0387e019b076,d186582d30a123e4f884c8d9a31c0387e019b076,https://github.com/SerenityOS/serenity,1,Userland/Libraries/LibAudio/WavLoader.cpp,/src/llvm-project/compiler-rt/lib/asan/../sanitizer_common/sanitizer_common_interceptors.inc;/src/llvm-project/compiler-rt/lib/fuzzer/FuzzerDriver.cpp;/src/llvm-project/compiler-rt/lib/fuzzer/FuzzerLoop.cpp;/src/llvm-project/compiler-rt/lib/fuzzer/FuzzerMain.cpp;/src/serenity/Meta/Lagom/../../AK/StringView.h;/src/serenity/Meta/Lagom/Fuzzers/AudioFuzzerCommon.h;/src/serenity/Userland/Libraries/LibAudio/WavLoader.cpp,https://github.com/SerenityOS/serenity/commit/d186582d30a123e4f884c8d9a31c0387e019b076.patch
42532113,ffmpeg,https://git.ffmpeg.org/gitweb/ffmpeg.git/commitdiff/cc774cd96249e95b4ee4989c516881f0ad07e5f9,cc774cd96249e95b4ee4989c516881f0ad07e5f9,https://git.ffmpeg.org/ffmpeg.git,0,,/src/ffmpeg/libavcodec/decode.c;/src/ffmpeg/libavcodec/options.c;/src/ffmpeg/libavcodec/refstruct.c;/src/ffmpeg/libavcodec/vvc/vvc_ps.c;/src/ffmpeg/libavcodec/vvc/vvcdec.c;/src/ffmpeg/libavutil/mem.c;/src/ffmpeg/tools/target_dec_fuzzer.c;/src/llvm-project/compiler-rt/lib/asan/asan_malloc_linux.cpp;/src/llvm-project/compiler-rt/lib/fuzzer/FuzzerDriver.cpp;/src/llvm-project/compiler-rt/lib/fuzzer/FuzzerLoop.cpp;/src/llvm-project/compiler-rt/lib/fuzzer/FuzzerMain.cpp,https://git.ffmpeg.org/gitweb/ffmpeg.git/commitdiff/cc774cd96249e95b4ee4989c516881f0ad07e5f9
42532114,zeek,https://github.com/zeek/zeek/commit/0318ddbee92ccdb4c6ea86c1ccfefd7e58e5c5a3,0318ddbee92ccdb4c6ea86c1ccfefd7e58e5c5a3,https://github.com/zeek/zeek,1,src/analyzer/protocol/smtp/SMTP.cc,/src/zeek/src/analyzer/Analyzer.cc;/src/zeek/src/analyzer/protocol/smtp/SMTP.cc;/src/zeek/src/analyzer/protocol/tcp/ContentLine.cc;/src/zeek/src/fuzzers/generic-analyzer-fuzzer.cc,https://github.com/zeek/zeek/commit/0318ddbee92ccdb4c6ea86c1ccfefd7e58e5c5a3.patch
42532144,gpac,https://github.com/gpac/gpac/commit/593d9afa9db74a83909c4c1f1d27c9f4289e96c7,593d9afa9db74a83909c4c1f1d27c9f4289e96c7,https://github.com/gpac/gpac,1,src/filters/reframe_mp3.c,/src/aflplusplus/utils/aflpp_driver/aflpp_driver.c;/src/gpac/src/filter_core/filter.c;/src/gpac/src/filter_core/filter_pid.c;/src/gpac/src/filter_core/filter_props.c;/src/gpac/src/filter_core/filter_session.c;/src/gpac/src/filters/reframe_adts.c;/src/gpac/src/filters/reframe_mp3.c;/src/gpac/src/utils/alloc.c;/src/llvm-project/compiler-rt/lib/asan/asan_interceptors_memintrinsics.cpp;/src/llvm-project/compiler-rt/lib/asan/asan_malloc_linux.cpp;/src/testsuite/oss-fuzzers/fuzz_probe_analyze.c,https://github.com/gpac/gpac/commit/593d9afa9db74a83909c4c1f1d27c9f4289e96c7.patch
42532171,gpac,https://github.com/gpac/gpac/commit/25ca355f14a28baeb6afd911ca7ae66deb37a1ac,25ca355f14a28baeb6afd911ca7ae66deb37a1ac,https://github.com/gpac/gpac,1,src/filters/reframe_mpgvid.c,/src/gpac/src/filter_core/filter.c;/src/gpac/src/filter_core/filter_session.c;/src/gpac/src/filters/reframe_mpgvid.c;/src/gpac/src/utils/alloc.c;/src/llvm-project/compiler-rt/lib/asan/asan_interceptors_memintrinsics.cpp;/src/llvm-project/compiler-rt/lib/asan/asan_malloc_linux.cpp;/src/llvm-project/compiler-rt/lib/fuzzer/FuzzerDriver.cpp;/src/llvm-project/compiler-rt/lib/fuzzer/FuzzerLoop.cpp;/src/llvm-project/compiler-rt/lib/fuzzer/FuzzerMain.cpp;/src/testsuite/oss-fuzzers/fuzz_probe_analyze.c,https://github.com/gpac/gpac/commit/25ca355f14a28baeb6afd911ca7ae66deb37a1ac.patch
42532183,mruby,https://github.com/mruby/mruby/commit/1e9d69f89679435d8dc5f59d30d68f117b422821,1e9d69f89679435d8dc5f59d30d68f117b422821,https://github.com/mruby/mruby,0,,/src/llvm-project/compiler-rt/lib/asan/../sanitizer_common/sanitizer_common_interceptors.inc;/src/llvm-project/compiler-rt/lib/asan/asan_malloc_linux.cpp;/src/llvm-project/compiler-rt/lib/fuzzer/FuzzerDriver.cpp;/src/llvm-project/compiler-rt/lib/fuzzer/FuzzerLoop.cpp;/src/llvm-project/compiler-rt/lib/fuzzer/FuzzerMain.cpp;/src/mruby/oss-fuzz/mruby_fuzzer.c;/src/mruby/src/allocf.c;/src/mruby/src/gc.c;/src/mruby/src/string.c;/src/mruby/src/vm.c,https://github.com/mruby/mruby/commit/1e9d69f89679435d8dc5f59d30d68f117b422821.patch
42532195,gpac,https://github.com/gpac/gpac/commit/52da2ef6b33c26d4ffd72d1d4ae6c42631ea433f,52da2ef6b33c26d4ffd72d1d4ae6c42631ea433f,https://github.com/gpac/gpac,1,src/ietf/rtsp_session.c,/src/gpac/src/filter_core/filter.c;/src/gpac/src/filter_core/filter_session.c;/src/gpac/src/filters/filelist.c;/src/gpac/src/filters/in_rtp.c;/src/gpac/src/filters/in_rtp_rtsp.c;/src/gpac/src/ietf/rtsp_session.c;/src/llvm-project/compiler-rt/lib/fuzzer/FuzzerDriver.cpp;/src/llvm-project/compiler-rt/lib/fuzzer/FuzzerLoop.cpp;/src/llvm-project/compiler-rt/lib/fuzzer/FuzzerMain.cpp;/src/testsuite/oss-fuzzers/fuzz_probe_analyze.c,https://github.com/gpac/gpac/commit/52da2ef6b33c26d4ffd72d1d4ae6c42631ea433f.patch
42532203,curl,https://github.com/curl/curl/commit/c2d973627bab12abc5486a3f37ce40ed16da0641,c2d973627bab12abc5486a3f37ce40ed16da0641,https://github.com/curl/curl.git,1,lib/ftp.c;lib/pingpong.c,/src/aflplusplus/utils/aflpp_driver/aflpp_driver.c;/src/curl/lib/ftp.c;/src/curl/lib/memdebug.c;/src/curl/lib/multi.c;/src/curl/lib/pingpong.c;/src/curl_fuzzer/curl_fuzzer.cc;/src/llvm-project/compiler-rt/lib/asan/asan_malloc_linux.cpp,https://github.com/curl/curl/commit/c2d973627bab12abc5486a3f37ce40ed16da0641.patch
42532224,gpac,https://github.com/gpac/gpac/commit/3e71b0ddc8632b8eea4424a4facb09e47ea353ba,3e71b0ddc8632b8eea4424a4facb09e47ea353ba,https://github.com/gpac/gpac,1,src/filters/in_rtp_sdp.c;src/ietf/sdp.c,/sdp.c;/src/gpac/src/filter_core/filter.c;/src/gpac/src/filter_core/filter_session.c;/src/gpac/src/filters/in_rtp.c;/src/gpac/src/filters/in_rtp_sdp.c;/src/gpac/src/ietf/sdp.c;/src/llvm-project/compiler-rt/lib/fuzzer/FuzzerDriver.cpp;/src/llvm-project/compiler-rt/lib/fuzzer/FuzzerLoop.cpp;/src/llvm-project/compiler-rt/lib/fuzzer/FuzzerMain.cpp;/src/testsuite/oss-fuzzers/fuzz_probe_analyze.c,https://github.com/gpac/gpac/commit/3e71b0ddc8632b8eea4424a4facb09e47ea353ba.patch
42532225,gpac,https://github.com/gpac/gpac/commit/a26fcd953ccd71b4171672c6bc14acf04454e61f,a26fcd953ccd71b4171672c6bc14acf04454e61f,https://github.com/gpac/gpac,1,src/filters/load_bt_xmt.c,/src/gpac/src/filter_core/filter.c;/src/gpac/src/filter_core/filter_session.c;/src/gpac/src/filters/in_file.c;/src/gpac/src/filters/load_bt_xmt.c;/src/gpac/src/utils/alloc.c;/src/llvm-project/compiler-rt/lib/asan/../sanitizer_common/sanitizer_common_interceptors.inc;/src/llvm-project/compiler-rt/lib/asan/asan_malloc_linux.cpp;/src/llvm-project/compiler-rt/lib/fuzzer/FuzzerDriver.cpp;/src/llvm-project/compiler-rt/lib/fuzzer/FuzzerLoop.cpp;/src/llvm-project/compiler-rt/lib/fuzzer/FuzzerMain.cpp;/src/testsuite/oss-fuzzers/fuzz_probe_analyze.c,https://github.com/gpac/gpac/commit/a26fcd953ccd71b4171672c6bc14acf04454e61f.patch
42532226,gpac,https://github.com/gpac/gpac/commit/b6749e529b3677850aebd508afd2e01f2877ec9a,b6749e529b3677850aebd508afd2e01f2877ec9a,https://github.com/gpac/gpac,1,src/filters/inspect.c,/src/aflplusplus/utils/aflpp_driver/aflpp_driver.c;/src/gpac/src/filter_core/filter.c;/src/gpac/src/filter_core/filter_pck.c;/src/gpac/src/filter_core/filter_pid.c;/src/gpac/src/filter_core/filter_session.c;/src/gpac/src/filters/inspect.c;/src/gpac/src/filters/reframe_nalu.c;/src/gpac/src/utils/alloc.c;/src/llvm-project/compiler-rt/lib/asan/asan_malloc_linux.cpp;/src/testsuite/oss-fuzzers/fuzz_probe_analyze.c,https://github.com/gpac/gpac/commit/b6749e529b3677850aebd508afd2e01f2877ec9a.patch
42532234,gpac,https://github.com/gpac/gpac/commit/964e268f0bf975b881f322ff6d9dd53957fa837d,964e268f0bf975b881f322ff6d9dd53957fa837d,https://github.com/gpac/gpac,1,src/media_tools/m3u8.c,/src/gpac/src/filter_core/filter_pid.c;/src/gpac/src/filter_core/filter_session.c;/src/gpac/src/filters/dmx_dash.c;/src/gpac/src/media_tools/dash_client.c;/src/gpac/src/media_tools/m3u8.c;/src/gpac/src/media_tools/mpd.c;/src/gpac/src/utils/alloc.c;/src/llvm-project/compiler-rt/lib/asan/asan_malloc_linux.cpp;/src/llvm-project/compiler-rt/lib/fuzzer/FuzzerDriver.cpp;/src/llvm-project/compiler-rt/lib/fuzzer/FuzzerLoop.cpp;/src/llvm-project/compiler-rt/lib/fuzzer/FuzzerMain.cpp;/src/testsuite/oss-fuzzers/fuzz_probe_analyze.c,https://github.com/gpac/gpac/commit/964e268f0bf975b881f322ff6d9dd53957fa837d.patch
42532240,libredwg,https://github.com/LibreDWG/libredwg/commit/d0a274e902c6ecd8809aa81d2a4dc39f5874a100,d0a274e902c6ecd8809aa81d2a4dc39f5874a100,https://github.com/LibreDWG/libredwg,1,src/in_json.c,/src/libredwg/examples/llvmfuzz.c;/src/libredwg/src/in_json.c;/src/llvm-project/compiler-rt/lib/asan/asan_malloc_linux.cpp;/src/llvm-project/compiler-rt/lib/fuzzer/FuzzerDriver.cpp;/src/llvm-project/compiler-rt/lib/fuzzer/FuzzerLoop.cpp;/src/llvm-project/compiler-rt/lib/fuzzer/FuzzerMain.cpp,https://github.com/LibreDWG/libredwg/commit/d0a274e902c6ecd8809aa81d2a4dc39f5874a100.patch
42532255,skia,https://skia.googlesource.com/skia.git/+/18e9ba1eddb09bff6083f9a83dc569d3b3b54fe6%5E%21/,18e9ba1eddb09bff6083f9a83dc569d3b3b54fe6,https://skia.googlesource.com/skia.git,1,src/core/SkBitmap.cpp,/src/libfuzzer/FuzzerDriver.cpp;/src/libfuzzer/FuzzerLoop.cpp;/src/libfuzzer/FuzzerMain.cpp;/src/llvm/projects/compiler-rt/lib/msan/msan_interceptors.cc;/src/skia/out/Fuzz/../../fuzz/FuzzDrawFunctions.cpp;/src/skia/out/Fuzz/../../fuzz/oss_fuzz/FuzzDrawFunctions.cpp;/src/skia/out/Fuzz/../../include/private/SkMalloc.h;/src/skia/out/Fuzz/../../src/core/SkBitmap.cpp;/src/skia/out/Fuzz/../../src/core/SkBitmapDevice.cpp;/src/skia/out/Fuzz/../../src/core/SkCanvas.cpp;/src/skia/out/Fuzz/../../src/core/SkDraw.cpp;/src/skia/out/Fuzz/../../src/core/SkMallocPixelRef.cpp;/src/skia/out/Fuzz/../../src/core/SkRasterPipelineBlitter.cpp;/src/skia/out/Fuzz/../../src/core/SkScan.cpp;/src/skia/out/Fuzz/../../src/jumper/SkJumper_stages.cpp;/src/skia/out/Fuzz/../../src/ports/SkMemory_malloc.cpp,https://skia.googlesource.com/skia.git/+/18e9ba1eddb09bff6083f9a83dc569d3b3b54fe6%5E%21/?format=TEXT
42532259,simdutf,https://github.com/simdutf/simdutf/commit/c708a9e4c1dc880241c252bec76fada53ab84da3,c708a9e4c1dc880241c252bec76fada53ab84da3,https://github.com/simdutf/simdutf,0,,/src/llvm-project/compiler-rt/lib/asan/asan_new_delete.cpp;/src/llvm-project/compiler-rt/lib/fuzzer/FuzzerDriver.cpp;/src/llvm-project/compiler-rt/lib/fuzzer/FuzzerLoop.cpp;/src/llvm-project/compiler-rt/lib/fuzzer/FuzzerMain.cpp;/src/simdutf/build/singleheader/simdutf.cpp;/src/simdutf/fuzz/roundtrip.cc,https://github.com/simdutf/simdutf/commit/c708a9e4c1dc880241c252bec76fada53ab84da3.patch
42532260,upx,https://github.com/upx/upx/commit/69c51eee4df002cc4f2c3650012c54cddae256fc,69c51eee4df002cc4f2c3650012c54cddae256fc,https://github.com/upx/upx.git,1,src/p_lx_elf.cpp;src/p_lx_elf.h,/src/llvm-project/compiler-rt/lib/asan/../sanitizer_common/sanitizer_common_interceptors.inc;/src/llvm-project/compiler-rt/lib/asan/asan_malloc_linux.cpp;/src/llvm-project/compiler-rt/lib/fuzzer/FuzzerDriver.cpp;/src/llvm-project/compiler-rt/lib/fuzzer/FuzzerLoop.cpp;/src/llvm-project/compiler-rt/lib/fuzzer/FuzzerMain.cpp;/src/upx/fuzzers/list_packed_file_fuzzer.cpp;/src/upx/src/main.cpp;/src/upx/src/p_lx_elf.cpp;/src/upx/src/p_lx_elf.h;/src/upx/src/packmast.cpp;/src/upx/src/util/membuffer.cpp;/src/upx/src/work.cpp,https://github.com/upx/upx/commit/69c51eee4df002cc4f2c3650012c54cddae256fc.patch
42532262,zeek,https://github.com/zeek/zeek/commit/9a510b8035e6a83fb149cc447a61f847e786140f,9a510b8035e6a83fb149cc447a61f847e786140f,https://github.com/zeek/zeek,1,src/analyzer/protocol/smtp/SMTP.cc,/src/llvm-project/compiler-rt/lib/asan/asan_new_delete.cpp;/src/llvm-project/compiler-rt/lib/fuzzer/FuzzerDriver.cpp;/src/llvm-project/compiler-rt/lib/fuzzer/FuzzerLoop.cpp;/src/llvm-project/compiler-rt/lib/fuzzer/FuzzerMain.cpp;/src/zeek/src/analyzer/Analyzer.cc;/src/zeek/src/analyzer/protocol/smtp/BDAT.cc;/src/zeek/src/analyzer/protocol/smtp/SMTP.cc;/src/zeek/src/analyzer/protocol/tcp/ContentLine.cc;/src/zeek/src/fuzzers/FuzzBuffer.cc;/src/zeek/src/fuzzers/generic-analyzer-fuzzer.cc;/usr/local/bin/../include/c++/v1/__memory/unique_ptr.h,https://github.com/zeek/zeek/commit/9a510b8035e6a83fb149cc447a61f847e786140f.patch
42532276,upx,https://github.com/upx/upx/commit/ac72c027937ff7c39b8b2c060fc7df1e1fdee489,ac72c027937ff7c39b8b2c060fc7df1e1fdee489,https://github.com/upx/upx.git,1,src/p_lx_elf.cpp,/src/llvm-project/compiler-rt/lib/fuzzer/FuzzerDriver.cpp;/src/llvm-project/compiler-rt/lib/fuzzer/FuzzerLoop.cpp;/src/llvm-project/compiler-rt/lib/fuzzer/FuzzerMain.cpp;/src/upx/fuzzers/decompress_packed_file_fuzzer.cpp;/src/upx/src/main.cpp;/src/upx/src/p_lx_elf.cpp;/src/upx/src/p_lx_elf.h;/src/upx/src/packmast.cpp;/src/upx/src/util/../bele.h;/src/upx/src/util/../bele_policy.h;/src/upx/src/work.cpp,https://github.com/upx/upx/commit/ac72c027937ff7c39b8b2c060fc7df1e1fdee489.patch
42532309,gpac,https://github.com/gpac/gpac/commit/17d14c6a4f2c3f904a2065a07ef3ae915f78c2df,17d14c6a4f2c3f904a2065a07ef3ae915f78c2df,https://github.com/gpac/gpac,1,src/filters/reframe_mp3.c,/src/gpac/src/filter_core/filter.c;/src/gpac/src/filter_core/filter_session.c;/src/gpac/src/filters/reframe_mp3.c;/src/gpac/src/utils/alloc.c;/src/llvm-project/compiler-rt/lib/asan/asan_malloc_linux.cpp;/src/llvm-project/compiler-rt/lib/fuzzer/FuzzerDriver.cpp;/src/llvm-project/compiler-rt/lib/fuzzer/FuzzerLoop.cpp;/src/llvm-project/compiler-rt/lib/fuzzer/FuzzerMain.cpp;/src/testsuite/oss-fuzzers/fuzz_probe_analyze.c,https://github.com/gpac/gpac/commit/17d14c6a4f2c3f904a2065a07ef3ae915f78c2df.patch
42532310,libredwg,https://github.com/LibreDWG/libredwg/commit/ebc983e9d70a0a95cf534398f8a81e1ee4e0b80f,ebc983e9d70a0a95cf534398f8a81e1ee4e0b80f,https://github.com/LibreDWG/libredwg,1,src/in_dxf.c,/src/libredwg/examples/llvmfuzz.c;/src/libredwg/src/free.c;/src/libredwg/src/in_dxf.c;/src/llvm-project/compiler-rt/lib/asan/asan_malloc_linux.cpp;/src/llvm-project/compiler-rt/lib/fuzzer/FuzzerDriver.cpp;/src/llvm-project/compiler-rt/lib/fuzzer/FuzzerLoop.cpp;/src/llvm-project/compiler-rt/lib/fuzzer/FuzzerMain.cpp,https://github.com/LibreDWG/libredwg/commit/ebc983e9d70a0a95cf534398f8a81e1ee4e0b80f.patch
42532313,libredwg,https://github.com/LibreDWG/libredwg/commit/6f43e71f4cbddf96d47648f36161a9815389b50a,6f43e71f4cbddf96d47648f36161a9815389b50a,https://github.com/LibreDWG/libredwg,1,src/in_dxf.c,/src/libredwg/examples/llvmfuzz.c;/src/libredwg/src/./objects.inc;/src/libredwg/src/free.c;/src/libredwg/src/in_dxf.c;/src/llvm-project/compiler-rt/lib/asan/asan_malloc_linux.cpp;/src/llvm-project/compiler-rt/lib/fuzzer/FuzzerDriver.cpp;/src/llvm-project/compiler-rt/lib/fuzzer/FuzzerLoop.cpp;/src/llvm-project/compiler-rt/lib/fuzzer/FuzzerMain.cpp,https://github.com/LibreDWG/libredwg/commit/6f43e71f4cbddf96d47648f36161a9815389b50a.patch
42532326,gpac,https://github.com/gpac/gpac/commit/fe46265eda4375086374ed41a4bb7f3906ced4ca,fe46265eda4375086374ed41a4bb7f3906ced4ca,https://github.com/gpac/gpac,1,src/filters/dmx_ogg.c,/src/gpac/src/filter_core/filter.c;/src/gpac/src/filter_core/filter_session.c;/src/gpac/src/filters/dmx_ogg.c;/src/gpac/src/media_tools/gpac_ogg.c;/src/gpac/src/utils/alloc.c;/src/llvm-project/compiler-rt/lib/asan/../sanitizer_common/sanitizer_common_interceptors.inc;/src/llvm-project/compiler-rt/lib/asan/asan_malloc_linux.cpp;/src/llvm-project/compiler-rt/lib/fuzzer/FuzzerDriver.cpp;/src/llvm-project/compiler-rt/lib/fuzzer/FuzzerLoop.cpp;/src/llvm-project/compiler-rt/lib/fuzzer/FuzzerMain.cpp;/src/testsuite/oss-fuzzers/fuzz_probe_analyze.c,https://github.com/gpac/gpac/commit/fe46265eda4375086374ed41a4bb7f3906ced4ca.patch
42532329,upx,https://github.com/upx/upx/commit/10807ebdc212c44db366131e71b3e358643eae51,10807ebdc212c44db366131e71b3e358643eae51,https://github.com/upx/upx.git,1,src/p_lx_elf.cpp,/src/llvm-project/compiler-rt/lib/asan/../sanitizer_common/sanitizer_common_interceptors.inc;/src/llvm-project/compiler-rt/lib/fuzzer/FuzzerDriver.cpp;/src/llvm-project/compiler-rt/lib/fuzzer/FuzzerLoop.cpp;/src/llvm-project/compiler-rt/lib/fuzzer/FuzzerMain.cpp;/src/upx/fuzzers/test_packed_file_fuzzer.cpp;/src/upx/src/main.cpp;/src/upx/src/p_lx_elf.cpp;/src/upx/src/packer.cpp;/src/upx/src/work.cpp,https://github.com/upx/upx/commit/10807ebdc212c44db366131e71b3e358643eae51.patch
42532339,imagemagick,https://github.com/imagemagick/imagemagick/commit/ce9b069cc1ad9748e91b9d37be54cfbb6a714ac5,ce9b069cc1ad9748e91b9d37be54cfbb6a714ac5,https://github.com/imagemagick/imagemagick,1,MagickCore/property.c,/src/imagemagick/Magick++/lib/Image.cpp;/src/imagemagick/MagickCore/blob.c;/src/imagemagick/MagickCore/constitute.c;/src/imagemagick/MagickCore/locale.c;/src/imagemagick/MagickCore/property.c;/src/imagemagick/oss-fuzz/encoder_fuzzer.cc;/src/llvm-project/compiler-rt/lib/asan/../sanitizer_common/sanitizer_common_interceptors.inc,https://github.com/imagemagick/imagemagick/commit/ce9b069cc1ad9748e91b9d37be54cfbb6a714ac5.patch
42532353,serenity,https://github.com/SerenityOS/serenity/commit/06665cba9cb470684fb9d93d921e9b61a8815dd4,06665cba9cb470684fb9d93d921e9b61a8815dd4,https://github.com/SerenityOS/serenity,1,Userland/Libraries/LibGfx/ImageFormats/TIFFLoader.cpp,/src/llvm-project/compiler-rt/lib/fuzzer/FuzzerDriver.cpp;/src/llvm-project/compiler-rt/lib/fuzzer/FuzzerLoop.cpp;/src/llvm-project/compiler-rt/lib/fuzzer/FuzzerMain.cpp;/src/serenity/Meta/Lagom/../../Userland/Libraries/LibGfx/ImageFormats/ExifOrientedBitmap.h;/src/serenity/Meta/Lagom/Fuzzers/FuzzTIFFLoader.cpp;/src/serenity/Userland/Libraries/LibGfx/ImageFormats/TIFFLoader.cpp,https://github.com/SerenityOS/serenity/commit/06665cba9cb470684fb9d93d921e9b61a8815dd4.patch
42532360,libxml2,https://gitlab.gnome.org/GNOME/libxml2/-/commit/ddda373eb529035db3b6b54433523853368ef05d,ddda373eb529035db3b6b54433523853368ef05d,https://gitlab.gnome.org/GNOME/libxml2.git,1,xmlreader.c,/src/libxml2/SAX2.c;/src/libxml2/fuzz/fuzz.c;/src/libxml2/fuzz/valid.c;/src/libxml2/parser.c;/src/libxml2/tree.c;/src/libxml2/valid.c;/src/libxml2/xmlreader.c;/src/llvm-project/compiler-rt/lib/asan/asan_malloc_linux.cpp;/src/llvm-project/compiler-rt/lib/fuzzer/FuzzerDriver.cpp;/src/llvm-project/compiler-rt/lib/fuzzer/FuzzerLoop.cpp;/src/llvm-project/compiler-rt/lib/fuzzer/FuzzerMain.cpp,https://gitlab.gnome.org/GNOME/libxml2/-/commit/ddda373eb529035db3b6b54433523853368ef05d.patch
42532364,upx,https://github.com/upx/upx/commit/10807ebdc212c44db366131e71b3e358643eae51,10807ebdc212c44db366131e71b3e358643eae51,https://github.com/upx/upx.git,1,src/p_lx_elf.cpp,/src/llvm-project/compiler-rt/lib/fuzzer/FuzzerDriver.cpp;/src/llvm-project/compiler-rt/lib/fuzzer/FuzzerLoop.cpp;/src/llvm-project/compiler-rt/lib/fuzzer/FuzzerMain.cpp;/src/upx/fuzzers/test_packed_file_fuzzer.cpp;/src/upx/src/bele.h;/src/upx/src/main.cpp;/src/upx/src/p_lx_elf.cpp;/src/upx/src/packer.cpp;/src/upx/src/work.cpp,https://github.com/upx/upx/commit/10807ebdc212c44db366131e71b3e358643eae51.patch
42532366,imagemagick,https://github.com/imagemagick/imagemagick/commit/f1fb7816a60c7c68d7ac037975c5aa95b6dcf8dd,f1fb7816a60c7c68d7ac037975c5aa95b6dcf8dd,https://github.com/imagemagick/imagemagick,1,MagickCore/property.c;coders/label.c,/src/imagemagick/Magick++/fuzz/encoder_label_fuzzer.cc;/src/imagemagick/Magick++/fuzz/encoder_utils.cc;/src/imagemagick/Magick++/lib/Image.cpp;/src/imagemagick/MagickCore/cache.c;/src/imagemagick/MagickCore/colorspace.c;/src/imagemagick/MagickCore/constitute.c;/src/imagemagick/MagickCore/memory.c;/src/imagemagick/MagickCore/property.c;/src/imagemagick/MagickCore/signature.c;/src/imagemagick/MagickCore/string.c;/src/imagemagick/coders/label.c;/src/libfuzzer/FuzzerDriver.cpp;/src/libfuzzer/FuzzerLoop.cpp;/src/libfuzzer/FuzzerMain.cpp;/src/llvm/projects/compiler-rt/lib/msan/msan_interceptors.cc,https://github.com/imagemagick/imagemagick/commit/f1fb7816a60c7c68d7ac037975c5aa95b6dcf8dd.patch
42532370,gpac,https://github.com/gpac/gpac/commit/a793966c6f4b11ad495d5fbca12f01ae787c767f,a793966c6f4b11ad495d5fbca12f01ae787c767f,https://github.com/gpac/gpac,1,src/media_tools/av_parsers.c,/av_parsers.c;/src/gpac/src/filter_core/filter.c;/src/gpac/src/filter_core/filter_session.c;/src/gpac/src/filters/inspect.c;/src/gpac/src/media_tools/av_parsers.c;/src/llvm-project/compiler-rt/lib/fuzzer/FuzzerDriver.cpp;/src/llvm-project/compiler-rt/lib/fuzzer/FuzzerLoop.cpp;/src/llvm-project/compiler-rt/lib/fuzzer/FuzzerMain.cpp;/src/testsuite/oss-fuzzers/fuzz_probe_analyze.c,https://github.com/gpac/gpac/commit/a793966c6f4b11ad495d5fbca12f01ae787c767f.patch
42532396,gpac,https://github.com/gpac/gpac/commit/a616b4fa0a73ff57eff65fcc6beba6b79260a4fd,a616b4fa0a73ff57eff65fcc6beba6b79260a4fd,https://github.com/gpac/gpac,1,src/filters/load_text.c,/src/aflplusplus/utils/aflpp_driver/aflpp_driver.c;/src/gpac/src/filter_core/filter.c;/src/gpac/src/filter_core/filter_session.c;/src/gpac/src/filters/load_text.c;/src/testsuite/oss-fuzzers/fuzz_probe_analyze.c,https://github.com/gpac/gpac/commit/a616b4fa0a73ff57eff65fcc6beba6b79260a4fd.patch
42532406,gpac,https://github.com/gpac/gpac/commit/9efb5977c5b7a45e52acd83533076c18bc8f294a,9efb5977c5b7a45e52acd83533076c18bc8f294a,https://github.com/gpac/gpac,1,src/media_tools/av_parsers.c,/av_parsers.c;/src/aflplusplus/utils/aflpp_driver/aflpp_driver.c;/src/gpac/src/filter_core/filter.c;/src/gpac/src/filter_core/filter_session.c;/src/gpac/src/filters/dmx_mpegps.c;/src/gpac/src/media_tools/av_parsers.c;/src/gpac/src/media_tools/mpeg2_ps.c;/src/testsuite/oss-fuzzers/fuzz_probe_analyze.c,https://github.com/gpac/gpac/commit/9efb5977c5b7a45e52acd83533076c18bc8f294a.patch
42532420,mruby,https://github.com/mruby/mruby/commit/e61a2881a7c9adc895416fdd409e7362130198d3,e61a2881a7c9adc895416fdd409e7362130198d3,https://github.com/mruby/mruby,1,src/string.c,/src/llvm-project/compiler-rt/lib/asan/asan_malloc_linux.cpp;/src/llvm-project/compiler-rt/lib/fuzzer/FuzzerDriver.cpp;/src/llvm-project/compiler-rt/lib/fuzzer/FuzzerLoop.cpp;/src/llvm-project/compiler-rt/lib/fuzzer/FuzzerMain.cpp;/src/mruby/oss-fuzz/mruby_fuzzer.c;/src/mruby/src/allocf.c;/src/mruby/src/gc.c;/src/mruby/src/string.c;/src/mruby/src/vm.c,https://github.com/mruby/mruby/commit/e61a2881a7c9adc895416fdd409e7362130198d3.patch
42532421,mruby,https://github.com/mruby/mruby/commit/e61a2881a7c9adc895416fdd409e7362130198d3,e61a2881a7c9adc895416fdd409e7362130198d3,https://github.com/mruby/mruby,1,src/string.c,/src/llvm-project/compiler-rt/lib/asan/asan_malloc_linux.cpp;/src/mruby/oss-fuzz/mruby_fuzzer.c;/src/mruby/src/allocf.c;/src/mruby/src/gc.c;/src/mruby/src/string.c;/src/mruby/src/vm.c,https://github.com/mruby/mruby/commit/e61a2881a7c9adc895416fdd409e7362130198d3.patch
42532477,botan,https://github.com/randombit/botan/commit/4361438987347d0f2507b7dcb3c4179b5e38d034,4361438987347d0f2507b7dcb3c4179b5e38d034,https://github.com/randombit/botan.git,1,src/lib/math/mp/mp_core.cpp,/src/botan/./src/fuzzer/fuzzers.h;/src/botan/./src/fuzzer/invert.cpp;/src/botan/build/include/botan/internal/mp_asmi.h;/src/botan/src/lib/math/mp/mp_core.cpp;/src/botan/src/lib/math/numbertheory/numthry.cpp;/src/libfuzzer/FuzzerDriver.cpp;/src/libfuzzer/FuzzerLoop.cpp;/src/libfuzzer/FuzzerMain.cpp,https://github.com/randombit/botan/commit/4361438987347d0f2507b7dcb3c4179b5e38d034.patch
42532480,gpac,https://github.com/gpac/gpac/commit/523f9e5bb8a7a6e82977f8e7c3cf20ee039edfdd,523f9e5bb8a7a6e82977f8e7c3cf20ee039edfdd,https://github.com/gpac/gpac,1,src/filter_core/filter.c,/src/gpac/src/filter_core/filter.c;/src/gpac/src/filter_core/filter_session.c;/src/gpac/src/filters/filelist.c;/src/llvm-project/compiler-rt/lib/asan/asan_interceptors.cpp;/src/llvm-project/compiler-rt/lib/fuzzer/FuzzerDriver.cpp;/src/llvm-project/compiler-rt/lib/fuzzer/FuzzerLoop.cpp;/src/llvm-project/compiler-rt/lib/fuzzer/FuzzerMain.cpp;/src/testsuite/oss-fuzzers/fuzz_probe_analyze.c,https://github.com/gpac/gpac/commit/523f9e5bb8a7a6e82977f8e7c3cf20ee039edfdd.patch
42532498,leptonica,https://github.com/DanBloomberg/leptonica/commit/f86cdab8d685ce5d2ea0d133c076611e3394c6c8,f86cdab8d685ce5d2ea0d133c076611e3394c6c8,https://github.com/DanBloomberg/leptonica.git,1,src/bmf.c,/src/leptonica/prog/fuzzing/pixa_recog_fuzzer.cc;/src/leptonica/src/bmf.c;/src/leptonica/src/encoding.c;/src/leptonica/src/pixafunc2.c;/src/leptonica/src/recogtrain.c;/src/leptonica/src/textops.c;/src/llvm-project/compiler-rt/lib/asan/asan_malloc_linux.cpp;/src/llvm-project/compiler-rt/lib/fuzzer/FuzzerDriver.cpp;/src/llvm-project/compiler-rt/lib/fuzzer/FuzzerLoop.cpp;/src/llvm-project/compiler-rt/lib/fuzzer/FuzzerMain.cpp,https://github.com/DanBloomberg/leptonica/commit/f86cdab8d685ce5d2ea0d133c076611e3394c6c8.patch
42532507,upx,https://github.com/upx/upx/commit/25aa0e2e46fb177a77cc584427ce39fdb77a4226,25aa0e2e46fb177a77cc584427ce39fdb77a4226,https://github.com/upx/upx.git,1,src/p_lx_elf.cpp,/src/llvm-project/compiler-rt/lib/asan/../sanitizer_common/sanitizer_common_interceptors.inc;/src/llvm-project/compiler-rt/lib/fuzzer/FuzzerDriver.cpp;/src/llvm-project/compiler-rt/lib/fuzzer/FuzzerLoop.cpp;/src/llvm-project/compiler-rt/lib/fuzzer/FuzzerMain.cpp;/src/upx/fuzzers/test_packed_file_fuzzer.cpp;/src/upx/src/main.cpp;/src/upx/src/p_lx_elf.cpp;/src/upx/src/packer.cpp;/src/upx/src/work.cpp,https://github.com/upx/upx/commit/25aa0e2e46fb177a77cc584427ce39fdb77a4226.patch
42532511,freeradius-server,https://github.com/FreeRADIUS/freeradius-server/commit/10089d565abbbe03db85592410eb466f85383c63,10089d565abbbe03db85592410eb466f85383c63,https://github.com/FreeRADIUS/freeradius-server.git,0,,/src/freeradius-server/src/bin/fuzzer.c;/src/freeradius-server/src/freeradius-devel/util/dbuff.h;/src/freeradius-server/src/lib/util/decode.c;/src/freeradius-server/src/lib/util/value.c;/src/freeradius-server/src/protocols/dhcpv6/decode.c;/src/freeradius-server/src/protocols/radius/base.c;/src/freeradius-server/src/protocols/radius/decode.c;/src/llvm-project/compiler-rt/lib/asan/asan_interceptors_memintrinsics.cpp;/src/llvm-project/compiler-rt/lib/asan/asan_malloc_linux.cpp;/src/llvm-project/compiler-rt/lib/fuzzer/FuzzerDriver.cpp;/src/llvm-project/compiler-rt/lib/fuzzer/FuzzerLoop.cpp;/src/llvm-project/compiler-rt/lib/fuzzer/FuzzerMain.cpp,https://github.com/FreeRADIUS/freeradius-server/commit/10089d565abbbe03db85592410eb466f85383c63.patch
42532517,freeradius-server,https://github.com/FreeRADIUS/freeradius-server/commit/10089d565abbbe03db85592410eb466f85383c63,10089d565abbbe03db85592410eb466f85383c63,https://github.com/FreeRADIUS/freeradius-server.git,0,,/src/freeradius-server/src/bin/fuzzer.c;/src/freeradius-server/src/protocols/dhcpv6/decode.c;/src/freeradius-server/src/protocols/radius/base.c;/src/freeradius-server/src/protocols/radius/decode.c;/src/llvm-project/compiler-rt/lib/asan/asan_malloc_linux.cpp;/src/llvm-project/compiler-rt/lib/fuzzer/FuzzerDriver.cpp;/src/llvm-project/compiler-rt/lib/fuzzer/FuzzerLoop.cpp;/src/llvm-project/compiler-rt/lib/fuzzer/FuzzerMain.cpp,https://github.com/FreeRADIUS/freeradius-server/commit/10089d565abbbe03db85592410eb466f85383c63.patch
42532519,freeradius-server,https://github.com/FreeRADIUS/freeradius-server/commit/10089d565abbbe03db85592410eb466f85383c63,10089d565abbbe03db85592410eb466f85383c63,https://github.com/FreeRADIUS/freeradius-server.git,0,,/src/freeradius-server/src/bin/fuzzer.c;/src/freeradius-server/src/lib/util/decode.c;/src/freeradius-server/src/protocols/dhcpv6/base.c;/src/freeradius-server/src/protocols/dhcpv6/decode.c;/src/freeradius-server/src/protocols/radius/decode.c;/src/llvm-project/compiler-rt/lib/asan/asan_malloc_linux.cpp;/src/llvm-project/compiler-rt/lib/fuzzer/FuzzerDriver.cpp;/src/llvm-project/compiler-rt/lib/fuzzer/FuzzerLoop.cpp;/src/llvm-project/compiler-rt/lib/fuzzer/FuzzerMain.cpp,https://github.com/FreeRADIUS/freeradius-server/commit/10089d565abbbe03db85592410eb466f85383c63.patch
42532535,S2OPC,https://gitlab.com/systerel/S2OPC/-/commit/f336d9ca4fbe7b1ef137c5cfa8ea1cdd3ed1e067,f336d9ca4fbe7b1ef137c5cfa8ea1cdd3ed1e067,https://gitlab.com/systerel/S2OPC,1,src/Common/opcua_types/sopc_encoder.c,/src/S2OPC/src/Common/opcua_types/sopc_builtintypes.c;/src/S2OPC/src/Common/opcua_types/sopc_encodeabletype.c;/src/S2OPC/src/Common/opcua_types/sopc_encoder.c;/src/S2OPC/tests/ClientServer/unit_tests/fuzzing/fuzz_decoder.c;/src/llvm-project/compiler-rt/lib/fuzzer/FuzzerDriver.cpp;/src/llvm-project/compiler-rt/lib/fuzzer/FuzzerLoop.cpp;/src/llvm-project/compiler-rt/lib/fuzzer/FuzzerMain.cpp,https://gitlab.com/systerel/S2OPC/-/commit/f336d9ca4fbe7b1ef137c5cfa8ea1cdd3ed1e067.patch
42532576,gpac,https://github.com/gpac/gpac/commit/58449f859fed66444122465519f03bc3fcc97382,58449f859fed66444122465519f03bc3fcc97382,https://github.com/gpac/gpac,1,src/media_tools/m3u8.c,/src/aflplusplus/utils/aflpp_driver/aflpp_driver.c;/src/gpac/src/filter_core/filter_pid.c;/src/gpac/src/filter_core/filter_session.c;/src/gpac/src/filters/dmx_dash.c;/src/gpac/src/media_tools/dash_client.c;/src/gpac/src/media_tools/m3u8.c;/src/gpac/src/media_tools/mpd.c;/src/gpac/src/utils/alloc.c;/src/llvm-project/compiler-rt/lib/asan/asan_interceptors.cpp;/src/llvm-project/compiler-rt/lib/asan/asan_malloc_linux.cpp;/src/testsuite/oss-fuzzers/fuzz_probe_analyze.c,https://github.com/gpac/gpac/commit/58449f859fed66444122465519f03bc3fcc97382.patch
42532587,gpac,https://github.com/gpac/gpac/commit/e95b4f1815c6e70a92953d464eab30c8457a9ad8,e95b4f1815c6e70a92953d464eab30c8457a9ad8,https://github.com/gpac/gpac,1,src/filters/reframe_mpgvid.c,/src/gpac/src/filter_core/filter.c;/src/gpac/src/filter_core/filter_session.c;/src/gpac/src/filters/reframe_mpgvid.c;/src/gpac/src/utils/alloc.c;/src/llvm-project/compiler-rt/lib/asan/../sanitizer_common/sanitizer_common_interceptors.inc;/src/llvm-project/compiler-rt/lib/asan/asan_malloc_linux.cpp;/src/llvm-project/compiler-rt/lib/fuzzer/FuzzerDriver.cpp;/src/llvm-project/compiler-rt/lib/fuzzer/FuzzerLoop.cpp;/src/llvm-project/compiler-rt/lib/fuzzer/FuzzerMain.cpp;/src/testsuite/oss-fuzzers/fuzz_probe_analyze.c,https://github.com/gpac/gpac/commit/e95b4f1815c6e70a92953d464eab30c8457a9ad8.patch
42532598,htslib,https://github.com/samtools/htslib/commit/7278dabf370f5bb18b02c8fbbbf15ad59ce6712c,7278dabf370f5bb18b02c8fbbbf15ad59ce6712c,https://github.com/samtools/htslib.git,1,cram/cram_encode.c,/src/htslib/./sam_internal.h;/src/htslib/cram/cram_encode.c;/src/htslib/cram/cram_io.c;/src/htslib/hts.c;/src/htslib/sam.c;/src/htslib/test/fuzz/hts_open_fuzzer.c;/src/llvm-project/compiler-rt/lib/asan/../sanitizer_common/sanitizer_common_interceptors_format.inc;/src/llvm-project/compiler-rt/lib/asan/asan_malloc_linux.cpp;/src/llvm-project/compiler-rt/lib/fuzzer/FuzzerDriver.cpp;/src/llvm-project/compiler-rt/lib/fuzzer/FuzzerLoop.cpp;/src/llvm-project/compiler-rt/lib/fuzzer/FuzzerMain.cpp,https://github.com/samtools/htslib/commit/7278dabf370f5bb18b02c8fbbbf15ad59ce6712c.patch
42532601,gpac,https://github.com/gpac/gpac/commit/ecfe062ed5a110b1577eb1abf2342403b402b227,ecfe062ed5a110b1577eb1abf2342403b402b227,https://github.com/gpac/gpac,1,src/ietf/sdp.c,/sdp.c;/src/gpac/src/filter_core/filter.c;/src/gpac/src/filter_core/filter_session.c;/src/gpac/src/filters/in_rtp.c;/src/gpac/src/filters/in_rtp_sdp.c;/src/gpac/src/ietf/sdp.c;/src/llvm-project/compiler-rt/lib/fuzzer/FuzzerDriver.cpp;/src/llvm-project/compiler-rt/lib/fuzzer/FuzzerLoop.cpp;/src/llvm-project/compiler-rt/lib/fuzzer/FuzzerMain.cpp;/src/testsuite/oss-fuzzers/fuzz_probe_analyze.c,https://github.com/gpac/gpac/commit/ecfe062ed5a110b1577eb1abf2342403b402b227.patch
42532615,tarantool,https://github.com/tarantool/luajit/commit/e1e5c0e982767d192c3b4d235886898af5c3fd7e,e1e5c0e982767d192c3b4d235886898af5c3fd7e,https://github.com/tarantool/luajit.git,0,,/build/test/fuzz/external.protobuf_mutator/src/external.protobuf_mutator-build/external.protobuf/src/external.protobuf/src/google/protobuf/text_format.cc;/src/llvm-project/compiler-rt/lib/fuzzer/FuzzerDriver.cpp;/src/llvm-project/compiler-rt/lib/fuzzer/FuzzerLoop.cpp;/src/llvm-project/compiler-rt/lib/fuzzer/FuzzerMain.cpp;/src/tarantool/test/fuzz/luaL_loadbuffer/luaL_loadbuffer_fuzzer.cc;/src/tarantool/third_party/luajit/src/lj_api.c,https://github.com/tarantool/luajit/commit/e1e5c0e982767d192c3b4d235886898af5c3fd7e.patch
42532650,gpac,https://github.com/gpac/gpac/commit/00eb62012dbcf7154e5abc4704051e9c604680e9,00eb62012dbcf7154e5abc4704051e9c604680e9,https://github.com/gpac/gpac,1,src/ietf/rtsp_session.c,/src/gpac/src/filter_core/filter.c;/src/gpac/src/filter_core/filter_session.c;/src/gpac/src/filters/filelist.c;/src/gpac/src/filters/in_rtp.c;/src/gpac/src/filters/in_rtp_rtsp.c;/src/gpac/src/ietf/rtsp_session.c;/src/llvm-project/compiler-rt/lib/fuzzer/FuzzerDriver.cpp;/src/llvm-project/compiler-rt/lib/fuzzer/FuzzerLoop.cpp;/src/llvm-project/compiler-rt/lib/fuzzer/FuzzerMain.cpp;/src/testsuite/oss-fuzzers/fuzz_probe_analyze.c,https://github.com/gpac/gpac/commit/00eb62012dbcf7154e5abc4704051e9c604680e9.patch
42532659,mruby,https://github.com/mruby/mruby/commit/9c840a68e212fb54136b67711daff331435c1ce7,9c840a68e212fb54136b67711daff331435c1ce7,https://github.com/mruby/mruby,1,src/string.c,/src/llvm-project/compiler-rt/lib/asan/asan_malloc_linux.cpp;/src/llvm-project/compiler-rt/lib/fuzzer/FuzzerDriver.cpp;/src/llvm-project/compiler-rt/lib/fuzzer/FuzzerLoop.cpp;/src/llvm-project/compiler-rt/lib/fuzzer/FuzzerMain.cpp;/src/mruby/oss-fuzz/mruby_fuzzer.c;/src/mruby/src/allocf.c;/src/mruby/src/gc.c;/src/mruby/src/string.c;/src/mruby/src/vm.c,https://github.com/mruby/mruby/commit/9c840a68e212fb54136b67711daff331435c1ce7.patch
42532662,mruby,https://github.com/mruby/mruby/commit/abcad36bae43f2c7cb8c2b1753dc94ab4cf25366,abcad36bae43f2c7cb8c2b1753dc94ab4cf25366,https://github.com/mruby/mruby,1,src/string.c,/src/aflplusplus/utils/aflpp_driver/aflpp_driver.c;/src/llvm-project/compiler-rt/lib/asan/asan_malloc_linux.cpp;/src/mruby/oss-fuzz/mruby_fuzzer.c;/src/mruby/src/allocf.c;/src/mruby/src/gc.c;/src/mruby/src/string.c;/src/mruby/src/vm.c,https://github.com/mruby/mruby/commit/abcad36bae43f2c7cb8c2b1753dc94ab4cf25366.patch
42532681,ntopng,https://github.com/ntop/ntopng/commit/d758a2e20d3969cf1e60133d203b44494db77cc6,d758a2e20d3969cf1e60133d203b44494db77cc6,https://github.com/ntop/ntopng.git,1,src/NetworkInterface.cpp,/src/aflplusplus/utils/aflpp_driver/aflpp_driver.c;/src/libpcap-1.9.1/./sf-pcap.c;/src/llvm-project/compiler-rt/lib/asan/asan_malloc_linux.cpp;/src/ntopng/fuzz/fuzz_dissect_packet.cpp;/src/ntopng/src/NetworkInterface.cpp,https://github.com/ntop/ntopng/commit/d758a2e20d3969cf1e60133d203b44494db77cc6.patch
42532684,libxml2,https://gitlab.gnome.org/GNOME/libxml2/-/commit/70da4c089c8a47301697a1fc07c638d1b8f47239,70da4c089c8a47301697a1fc07c638d1b8f47239,https://gitlab.gnome.org/GNOME/libxml2.git,1,valid.c,/src/aflplusplus/utils/aflpp_driver/aflpp_driver.c;/src/libxml2/SAX2.c;/src/libxml2/fuzz/fuzz.c;/src/libxml2/fuzz/xml.c;/src/libxml2/hash.c;/src/libxml2/parser.c;/src/libxml2/tree.c;/src/libxml2/valid.c;/src/libxml2/xmlreader.c;/src/llvm-project/compiler-rt/lib/asan/asan_malloc_linux.cpp,https://gitlab.gnome.org/GNOME/libxml2/-/commit/70da4c089c8a47301697a1fc07c638d1b8f47239.patch
42532685,gpac,https://github.com/gpac/gpac/commit/1337ebdfcb28204f39db2b464ed43434dd8623dd,1337ebdfcb28204f39db2b464ed43434dd8623dd,https://github.com/gpac/gpac,1,src/filters/reframe_img.c,/src/aflplusplus/utils/aflpp_driver/aflpp_driver.c;/src/gpac/src/filter_core/filter.c;/src/gpac/src/filter_core/filter_session.c;/src/gpac/src/filters/reframe_img.c;/src/testsuite/oss-fuzzers/fuzz_probe_analyze.c,https://github.com/gpac/gpac/commit/1337ebdfcb28204f39db2b464ed43434dd8623dd.patch
42532686,imagemagick,https://github.com/imagemagick/imagemagick/commit/6e39633bb7784f49eacbe7fa72dc57298ba5b6ee,6e39633bb7784f49eacbe7fa72dc57298ba5b6ee,https://github.com/imagemagick/imagemagick,1,MagickCore/blob.c,/src/imagemagick/Magick++/fuzz/encoder_fuzzer.cc;/src/imagemagick/Magick++/lib/Image.cpp;/src/imagemagick/MagickCore/blob.c;/src/imagemagick/MagickCore/memory.c;/src/llvm-project/compiler-rt/lib/asan/asan_malloc_linux.cpp;/src/llvm-project/compiler-rt/lib/fuzzer/FuzzerDriver.cpp;/src/llvm-project/compiler-rt/lib/fuzzer/FuzzerLoop.cpp;/src/llvm-project/compiler-rt/lib/fuzzer/FuzzerMain.cpp,https://github.com/imagemagick/imagemagick/commit/6e39633bb7784f49eacbe7fa72dc57298ba5b6ee.patch
42532694,ghostpdl,https://cgit.ghostscript.com/ghostpdl.git0782358e011f158ba5c49137189e5ee320580af2,0782358e011f158ba5c49137189e5ee320580af2,https://cgit.ghostscript.com/ghostpdl.git,-1,,/src/ghostpdl/./base/gspaint.c;/src/ghostpdl/./base/gxpaint.c;/src/ghostpdl/./base/gxstroke.c;/src/ghostpdl/./pdf/pdf_int.c;/src/ghostpdl/./pdf/pdf_misc.c;/src/ghostpdl/./pdf/pdf_page.c;/src/ghostpdl/./pdf/pdf_path.c;/src/ghostpdl/./pdf/pdf_trans.c;/src/ghostpdl/./psi/iapi.c;/src/ghostpdl/./psi/imain.c;/src/ghostpdl/./psi/imainarg.c;/src/ghostpdl/./psi/interp.c;/src/ghostpdl/./psi/psapi.c;/src/ghostpdl/./psi/zpdfops.c;/src/gs_device_pxlcolor_fuzzer.cc;/src/gs_fuzzlib.h;/src/llvm-project/compiler-rt/lib/fuzzer/FuzzerDriver.cpp;/src/llvm-project/compiler-rt/lib/fuzzer/FuzzerLoop.cpp;/src/llvm-project/compiler-rt/lib/fuzzer/FuzzerMain.cpp,
42532722,freeradius-server,https://github.com/FreeRADIUS/freeradius-server/commit/dbac50e667c70419625ce52eebb8b928f1ee6dfa,dbac50e667c70419625ce52eebb8b928f1ee6dfa,https://github.com/FreeRADIUS/freeradius-server.git,1,src/protocols/radius/decode.c,/src/freeradius-server/src/bin/fuzzer.c;/src/freeradius-server/src/protocols/dhcpv6/base.c;/src/freeradius-server/src/protocols/dhcpv6/decode.c;/src/freeradius-server/src/protocols/radius/decode.c;/src/llvm-project/compiler-rt/lib/asan/asan_malloc_linux.cpp;/src/llvm-project/compiler-rt/lib/fuzzer/FuzzerDriver.cpp;/src/llvm-project/compiler-rt/lib/fuzzer/FuzzerLoop.cpp;/src/llvm-project/compiler-rt/lib/fuzzer/FuzzerMain.cpp,https://github.com/FreeRADIUS/freeradius-server/commit/dbac50e667c70419625ce52eebb8b928f1ee6dfa.patch
42532726,freeradius-server,https://github.com/FreeRADIUS/freeradius-server/commit/9c5e3448d7ac76fe1918cff5b99b9977ce5ce46d,9c5e3448d7ac76fe1918cff5b99b9977ce5ce46d,https://github.com/FreeRADIUS/freeradius-server.git,1,src/protocols/radius/decode.c,/src/freeradius-server/src/bin/fuzzer.c;/src/freeradius-server/src/freeradius-devel/util/dbuff.h;/src/freeradius-server/src/lib/util/decode.c;/src/freeradius-server/src/lib/util/value.c;/src/freeradius-server/src/protocols/dhcpv6/decode.c;/src/freeradius-server/src/protocols/radius/base.c;/src/freeradius-server/src/protocols/radius/decode.c;/src/llvm-project/compiler-rt/lib/asan/asan_interceptors_memintrinsics.cpp;/src/llvm-project/compiler-rt/lib/asan/asan_malloc_linux.cpp;/src/llvm-project/compiler-rt/lib/fuzzer/FuzzerDriver.cpp;/src/llvm-project/compiler-rt/lib/fuzzer/FuzzerLoop.cpp;/src/llvm-project/compiler-rt/lib/fuzzer/FuzzerMain.cpp,https://github.com/FreeRADIUS/freeradius-server/commit/9c5e3448d7ac76fe1918cff5b99b9977ce5ce46d.patch
42532727,freeradius-server,https://github.com/FreeRADIUS/freeradius-server/commit/9c5e3448d7ac76fe1918cff5b99b9977ce5ce46d,9c5e3448d7ac76fe1918cff5b99b9977ce5ce46d,https://github.com/FreeRADIUS/freeradius-server.git,1,src/protocols/radius/decode.c,/src/freeradius-server/src/bin/fuzzer.c;/src/freeradius-server/src/lib/util/decode.c;/src/freeradius-server/src/protocols/dhcpv6/base.c;/src/freeradius-server/src/protocols/dhcpv6/decode.c;/src/freeradius-server/src/protocols/radius/decode.c;/src/llvm-project/compiler-rt/lib/asan/asan_malloc_linux.cpp;/src/llvm-project/compiler-rt/lib/fuzzer/FuzzerDriver.cpp;/src/llvm-project/compiler-rt/lib/fuzzer/FuzzerLoop.cpp;/src/llvm-project/compiler-rt/lib/fuzzer/FuzzerMain.cpp,https://github.com/FreeRADIUS/freeradius-server/commit/9c5e3448d7ac76fe1918cff5b99b9977ce5ce46d.patch
42532747,libxml2,https://gitlab.gnome.org/GNOME/libxml2/-/commit/2807df9a4aa14da5aef6d6ab7b43110d7c113820,2807df9a4aa14da5aef6d6ab7b43110d7c113820,https://gitlab.gnome.org/GNOME/libxml2.git,1,valid.c,/src/libxml2/SAX2.c;/src/libxml2/fuzz/fuzz.c;/src/libxml2/fuzz/xml.c;/src/libxml2/hash.c;/src/libxml2/parser.c;/src/libxml2/tree.c;/src/libxml2/valid.c;/src/libxml2/xmlreader.c;/src/llvm-project/compiler-rt/lib/asan/asan_malloc_linux.cpp;/src/llvm-project/compiler-rt/lib/fuzzer/FuzzerDriver.cpp;/src/llvm-project/compiler-rt/lib/fuzzer/FuzzerLoop.cpp;/src/llvm-project/compiler-rt/lib/fuzzer/FuzzerMain.cpp,https://gitlab.gnome.org/GNOME/libxml2/-/commit/2807df9a4aa14da5aef6d6ab7b43110d7c113820.patch
42532755,gdal,https://github.com/OSGeo/gdal/commit/d6fe2b0345afbb77f58a4d6a24110bbcd526d28b,d6fe2b0345afbb77f58a4d6a24110bbcd526d28b,https://github.com/OSGeo/gdal,1,gdal/ogr/ogrsf_frmts/avc/avc_e00parse.cpp,/src/gdal/gdal/./fuzzers/ogr_fuzzer.cpp;/src/gdal/gdal/gcore/gdaldataset.cpp;/src/gdal/gdal/ogr/ogrsf_frmts/avc/avc_e00parse.cpp;/src/gdal/gdal/ogr/ogrsf_frmts/avc/avc_e00read.cpp;/src/gdal/gdal/ogr/ogrsf_frmts/avc/ogravce00datasource.cpp;/src/gdal/gdal/ogr/ogrsf_frmts/avc/ogravce00driver.cpp;/src/gdal/gdal/ogr/ogrsf_frmts/generic/ogrsfdriverregistrar.cpp;/src/libfuzzer/FuzzerDriver.cpp;/src/libfuzzer/FuzzerLoop.cpp;/src/libfuzzer/FuzzerMain.cpp;/src/llvm/projects/compiler-rt/lib/asan/asan_interceptors.cc,https://github.com/OSGeo/gdal/commit/d6fe2b0345afbb77f58a4d6a24110bbcd526d28b.patch
42532756,zstd,https://github.com/facebook/zstd/commit/b0e8580dc7f71881361f3a6fe46841af9d70bedf,b0e8580dc7f71881361f3a6fe46841af9d70bedf,https://github.com/facebook/zstd,1,lib/compress/zstd_opt.c,/src/llvm-project/compiler-rt/lib/fuzzer/FuzzerDriver.cpp;/src/llvm-project/compiler-rt/lib/fuzzer/FuzzerLoop.cpp;/src/llvm-project/compiler-rt/lib/fuzzer/FuzzerMain.cpp;/src/llvm-project/compiler-rt/lib/msan/msan_interceptors.cpp;/src/zstd/tests/fuzz/../../lib/compress/../common/allocations.h;/src/zstd/tests/fuzz/../../lib/compress/zstd_compress.c;/src/zstd/tests/fuzz/../../lib/compress/zstd_cwksp.h;/src/zstd/tests/fuzz/../../lib/compress/zstd_opt.c;/src/zstd/tests/fuzz/dictionary_stream_round_trip.c,https://github.com/facebook/zstd/commit/b0e8580dc7f71881361f3a6fe46841af9d70bedf.patch
42532777,imagemagick,https://github.com/imagemagick/imagemagick/commit/164af31c8d4d5afd0a5a6a7e27078b5d579adc56,164af31c8d4d5afd0a5a6a7e27078b5d579adc56,https://github.com/imagemagick/imagemagick,1,coders/scr.c,/src/imagemagick/Magick++/fuzz/encoder_fuzzer.cc;/src/imagemagick/Magick++/lib/Image.cpp;/src/imagemagick/MagickCore/blob.c;/src/imagemagick/MagickCore/constitute.c;/src/imagemagick/coders/scr.c;/src/libfuzzer/FuzzerDriver.cpp;/src/libfuzzer/FuzzerLoop.cpp;/src/libfuzzer/FuzzerMain.cpp,https://github.com/imagemagick/imagemagick/commit/164af31c8d4d5afd0a5a6a7e27078b5d579adc56.patch
42532796,jq,https://github.com/jqlang/jq/commit/dc849e9bb74a7a164a3ea52f661cc712b1ffbd43,dc849e9bb74a7a164a3ea52f661cc712b1ffbd43,https://github.com/jqlang/jq,1,src/builtin.c;src/jv.c,/src/aflplusplus/utils/aflpp_driver/aflpp_driver.c;/src/jq/./tests/jq_fuzz_execute.cpp;/src/jq/src/builtin.c;/src/jq/src/execute.c;/src/jq/src/jv.c;/src/jq/src/jv_alloc.c;/src/jq/src/linker.c;/src/llvm-project/compiler-rt/lib/asan/../sanitizer_common/sanitizer_common_interceptors.inc;/src/llvm-project/compiler-rt/lib/asan/asan_malloc_linux.cpp,https://github.com/jqlang/jq/commit/dc849e9bb74a7a164a3ea52f661cc712b1ffbd43.patch
42532845,gpac,https://github.com/gpac/gpac/commit/2aa2b4362e44aa4bcbd1e2086aab6d2aa82df506,2aa2b4362e44aa4bcbd1e2086aab6d2aa82df506,https://github.com/gpac/gpac,1,src/ietf/sdp.c,/src/gpac/src/filter_core/filter.c;/src/gpac/src/filter_core/filter_session.c;/src/gpac/src/filters/in_rtp.c;/src/gpac/src/filters/in_rtp_sdp.c;/src/gpac/src/ietf/sdp.c;/src/gpac/src/utils/token.c;/src/llvm-project/compiler-rt/lib/fuzzer/FuzzerDriver.cpp;/src/llvm-project/compiler-rt/lib/fuzzer/FuzzerLoop.cpp;/src/llvm-project/compiler-rt/lib/fuzzer/FuzzerMain.cpp;/src/testsuite/oss-fuzzers/fuzz_probe_analyze.c,https://github.com/gpac/gpac/commit/2aa2b4362e44aa4bcbd1e2086aab6d2aa82df506.patch
42532853,PcapPlusPlus,https://github.com/seladb/PcapPlusPlus/commit/98d36de8b5eb7981dc5a1a759b12c8c4e6675c14,98d36de8b5eb7981dc5a1a759b12c8c4e6675c14,https://github.com/seladb/PcapPlusPlus,0,,/src/PcapPlusPlus/Common++/header/IpAddress.h;/src/PcapPlusPlus/Packet++/header/NdpLayer.h;/src/PcapPlusPlus/Packet++/src/NdpLayer.cpp;/src/PcapPlusPlus/Packet++/src/Packet.cpp;/src/PcapPlusPlus/Pcap++/src/PcapFileDevice.cpp;/src/PcapPlusPlus/Tests/Fuzzers/FuzzTarget.cpp;/src/llvm-project/compiler-rt/lib/asan/asan_new_delete.cpp;/src/llvm-project/compiler-rt/lib/fuzzer/FuzzerDriver.cpp;/src/llvm-project/compiler-rt/lib/fuzzer/FuzzerLoop.cpp;/src/llvm-project/compiler-rt/lib/fuzzer/FuzzerMain.cpp,https://github.com/seladb/PcapPlusPlus/commit/98d36de8b5eb7981dc5a1a759b12c8c4e6675c14.patch
42532863,geos,https://git.osgeo.org/gitea/geos/geos/commit/3db005a65baf5fb53a3d2078c30dd7d365115b5e,3db005a65baf5fb53a3d2078c30dd7d365115b5e,https://git.osgeo.org/gitea/geos/geos.git,1,capi/geos_ts_c.cpp;include/geos/algorithm/LineIntersector.h;include/geos/geom/CoordinateSequence.h;include/geos/geom/CoordinateSequences.h;include/geos/index/strtree/TemplateSTRtree.h;src/algorithm/LineIntersector.cpp;src/geom/Geometry.cpp;src/geom/HeuristicOverlay.cpp;src/index/chain/MonotoneChain.cpp;src/noding/IntersectionAdder.cpp;src/noding/MCIndexNoder.cpp;src/noding/ValidatingNoder.cpp;src/operation/overlayng/EdgeNodingBuilder.cpp;src/operation/overlayng/LineLimiter.cpp;src/operation/overlayng/OverlayNG.cpp;src/operation/overlayng/OverlayNGRobust.cpp,/src/geos/capi/geos_ts_c.cpp;/src/geos/include/geos/algorithm/LineIntersector.h;/src/geos/include/geos/geom/CoordinateSequence.h;/src/geos/include/geos/geom/CoordinateSequences.h;/src/geos/include/geos/index/strtree/TemplateSTRtree.h;/src/geos/src/algorithm/LineIntersector.cpp;/src/geos/src/geom/Geometry.cpp;/src/geos/src/geom/HeuristicOverlay.cpp;/src/geos/src/index/chain/MonotoneChain.cpp;/src/geos/src/noding/IntersectionAdder.cpp;/src/geos/src/noding/MCIndexNoder.cpp;/src/geos/src/noding/ValidatingNoder.cpp;/src/geos/src/operation/overlayng/EdgeNodingBuilder.cpp;/src/geos/src/operation/overlayng/LineLimiter.cpp;/src/geos/src/operation/overlayng/OverlayNG.cpp;/src/geos/src/operation/overlayng/OverlayNGRobust.cpp;/src/geos/tests/fuzz/fuzz_geo2.c;/src/llvm-project/compiler-rt/lib/asan/asan_interceptors_memintrinsics.cpp;/src/llvm-project/compiler-rt/lib/asan/asan_new_delete.cpp;/usr/local/bin/../include/c++/v1/__memory/allocator.h;/usr/local/bin/../include/c++/v1/__memory/allocator_traits.h,git
42532885,matio,https://github.com/tbeu/matio/commit/1565241343f00b203ee86810694d42992336b7f4,1565241343f00b203ee86810694d42992336b7f4,https://github.com/tbeu/matio.git,1,src/mat73.c,/src/hdf5/src/H5B.c;/src/hdf5/src/H5Gint.c;/src/hdf5/src/H5Gnode.c;/src/hdf5/src/H5Gobj.c;/src/hdf5/src/H5Gstab.c;/src/hdf5/src/H5L.c;/src/hdf5/src/H5Lint.c;/src/hdf5/src/H5S.c;/src/hdf5/src/H5VLcallback.c;/src/hdf5/src/H5VLnative_link.c;/src/llvm-project/compiler-rt/lib/fuzzer/FuzzerDriver.cpp;/src/llvm-project/compiler-rt/lib/fuzzer/FuzzerLoop.cpp;/src/llvm-project/compiler-rt/lib/fuzzer/FuzzerMain.cpp;/src/matio/ossfuzz/./matio_fuzzer.cpp;/src/matio/ossfuzz/./matio_wrap.h;/src/matio/src/mat.c;/src/matio/src/mat73.c,https://github.com/tbeu/matio/commit/1565241343f00b203ee86810694d42992336b7f4.patch
42532896,gpac,https://github.com/gpac/gpac/commit/fb35bdcbea0d4d27adfedecc78f9c8e0b28187ec,fb35bdcbea0d4d27adfedecc78f9c8e0b28187ec,https://github.com/gpac/gpac,1,src/ietf/rtsp_session.c,/src/gpac/src/filter_core/filter.c;/src/gpac/src/filter_core/filter_session.c;/src/gpac/src/filters/filelist.c;/src/gpac/src/filters/in_rtp.c;/src/gpac/src/filters/in_rtp_rtsp.c;/src/gpac/src/ietf/rtsp_session.c;/src/llvm-project/compiler-rt/lib/fuzzer/FuzzerDriver.cpp;/src/llvm-project/compiler-rt/lib/fuzzer/FuzzerLoop.cpp;/src/llvm-project/compiler-rt/lib/fuzzer/FuzzerMain.cpp;/src/testsuite/oss-fuzzers/fuzz_probe_analyze.c,https://github.com/gpac/gpac/commit/fb35bdcbea0d4d27adfedecc78f9c8e0b28187ec.patch
42532905,binutils-gdb,https://github.com/bminor/binutils-gdb/commit/ee19a4725c01f4924657a1d6f09f0e4dcd6bba17,ee19a4725c01f4924657a1d6f09f0e4dcd6bba17,git://sourceware.org/git/binutils-gdb.git,-1,,/src/binutils-gdb/bfd/./bfd.h;/src/binutils-gdb/bfd/compress.c;/src/binutils-gdb/bfd/libbfd.c;/src/binutils-gdb/bfd/section.c;/src/binutils-gdb/bfd/vms-alpha.c;/src/binutils-gdb/binutils/./fuzz_objdump.h;/src/binutils-gdb/binutils/fuzz_objdump.c;/src/binutils-gdb/libiberty/./objalloc.c;/src/llvm-project/compiler-rt/lib/fuzzer/FuzzerDriver.cpp;/src/llvm-project/compiler-rt/lib/fuzzer/FuzzerLoop.cpp;/src/llvm-project/compiler-rt/lib/fuzzer/FuzzerMain.cpp;/src/llvm-project/compiler-rt/lib/msan/msan_interceptors.cpp,
42532906,libdwarf,https://github.com/davea42/libdwarf-code/commit/812f5db1c0fd4369e4c3b6bb8b132c70b6940320,812f5db1c0fd4369e4c3b6bb8b132c70b6940320,https://github.com/davea42/libdwarf-code,1,src/lib/libdwarf/dwarf_form.c,/src/libdwarf/fuzz/fuzz_findfuncbypc.c;/src/libdwarf/src/lib/libdwarf/dwarf_die_deliv.c;/src/libdwarf/src/lib/libdwarf/dwarf_elfread.c;/src/libdwarf/src/lib/libdwarf/dwarf_form.c;/src/libdwarf/src/lib/libdwarf/dwarf_init_finish.c;/src/libdwarf/src/lib/libdwarf/dwarf_util.c;/src/llvm-project/compiler-rt/lib/asan/asan_malloc_linux.cpp;/src/llvm-project/compiler-rt/lib/fuzzer/FuzzerDriver.cpp;/src/llvm-project/compiler-rt/lib/fuzzer/FuzzerLoop.cpp;/src/llvm-project/compiler-rt/lib/fuzzer/FuzzerMain.cpp,https://github.com/davea42/libdwarf-code/commit/812f5db1c0fd4369e4c3b6bb8b132c70b6940320.patch
42532942,libxml2,https://gitlab.gnome.org/GNOME/libxml2/-/commit/9835ec2b9721f839af5a4e337e3cd588e0ad0208,9835ec2b9721f839af5a4e337e3cd588e0ad0208,https://gitlab.gnome.org/GNOME/libxml2.git,1,valid.c,/src/libxml2/SAX2.c;/src/libxml2/fuzz/fuzz.c;/src/libxml2/fuzz/xml.c;/src/libxml2/hash.c;/src/libxml2/parser.c;/src/libxml2/tree.c;/src/libxml2/valid.c;/src/libxml2/xmlreader.c;/src/llvm-project/compiler-rt/lib/asan/asan_malloc_linux.cpp;/src/llvm-project/compiler-rt/lib/fuzzer/FuzzerDriver.cpp;/src/llvm-project/compiler-rt/lib/fuzzer/FuzzerLoop.cpp;/src/llvm-project/compiler-rt/lib/fuzzer/FuzzerMain.cpp,https://gitlab.gnome.org/GNOME/libxml2/-/commit/9835ec2b9721f839af5a4e337e3cd588e0ad0208.patch
42532943,gdal,https://github.com/OSGeo/gdal/commit/6bc13f7e4d57a8ee52f8a34d70c3100fa6aa9300,6bc13f7e4d57a8ee52f8a34d70c3100fa6aa9300,https://github.com/OSGeo/gdal,1,gdal/ogr/ogrsf_frmts/avc/avc_bin.cpp,/src/gdal/gdal/./fuzzers/ogr_fuzzer.cpp;/src/gdal/gdal/ogr/ogrsf_frmts/avc/avc_bin.cpp;/src/gdal/gdal/ogr/ogrsf_frmts/avc/ogravcbinlayer.cpp;/src/gdal/gdal/ogr/ogrsf_frmts/generic/ogrlayer.cpp;/src/libfuzzer/afl/afl_driver.cpp;/src/llvm/projects/compiler-rt/lib/asan/asan_malloc_linux.cc,https://github.com/OSGeo/gdal/commit/6bc13f7e4d57a8ee52f8a34d70c3100fa6aa9300.patch
42532953,mruby,https://github.com/mruby/mruby/commit/9c840a68e212fb54136b67711daff331435c1ce7,9c840a68e212fb54136b67711daff331435c1ce7,https://github.com/mruby/mruby,1,src/string.c,/src/aflplusplus/utils/aflpp_driver/aflpp_driver.c;/src/llvm-project/compiler-rt/lib/asan/../sanitizer_common/sanitizer_common_interceptors.inc;/src/llvm-project/compiler-rt/lib/asan/asan_malloc_linux.cpp;/src/mruby/oss-fuzz/mruby_fuzzer.c;/src/mruby/src/allocf.c;/src/mruby/src/gc.c;/src/mruby/src/string.c;/src/mruby/src/vm.c,https://github.com/mruby/mruby/commit/9c840a68e212fb54136b67711daff331435c1ce7.patch
42532961,gpac,https://github.com/gpac/gpac/commit/07c6c799e741a3a7466fc80964703e6f604f38e4,07c6c799e741a3a7466fc80964703e6f604f38e4,https://github.com/gpac/gpac,1,src/media_tools/av_parsers.c,/src/gpac/src/filter_core/filter.c;/src/gpac/src/filter_core/filter_pck.c;/src/gpac/src/filter_core/filter_session.c;/src/gpac/src/filters/dmx_ogg.c;/src/gpac/src/filters/inspect.c;/src/gpac/src/media_tools/av_parsers.c;/src/gpac/src/utils/alloc.c;/src/llvm-project/compiler-rt/lib/asan/../sanitizer_common/sanitizer_common_interceptors.inc;/src/llvm-project/compiler-rt/lib/asan/asan_malloc_linux.cpp;/src/llvm-project/compiler-rt/lib/fuzzer/FuzzerDriver.cpp;/src/llvm-project/compiler-rt/lib/fuzzer/FuzzerLoop.cpp;/src/llvm-project/compiler-rt/lib/fuzzer/FuzzerMain.cpp;/src/testsuite/oss-fuzzers/fuzz_probe_analyze.c,https://github.com/gpac/gpac/commit/07c6c799e741a3a7466fc80964703e6f604f38e4.patch
42532983,gpac,https://github.com/gpac/gpac/commit/fb185bcc88c37aae2cdf0b91e7de8e607e7e6b98,fb185bcc88c37aae2cdf0b91e7de8e607e7e6b98,https://github.com/gpac/gpac,1,src/filters/reframe_img.c,/src/aflplusplus/utils/aflpp_driver/aflpp_driver.c;/src/gpac/src/filter_core/filter.c;/src/gpac/src/filter_core/filter_session.c;/src/gpac/src/filters/reframe_img.c;/src/testsuite/oss-fuzzers/fuzz_probe_analyze.c,https://github.com/gpac/gpac/commit/fb185bcc88c37aae2cdf0b91e7de8e607e7e6b98.patch
42533013,gpac,https://github.com/gpac/gpac/commit/6268329b7ce88f13cb092e9f3de86d3036dcff97,6268329b7ce88f13cb092e9f3de86d3036dcff97,https://github.com/gpac/gpac,1,src/ietf/rtsp_session.c,/rtsp_session.c;/src/gpac/src/filter_core/filter.c;/src/gpac/src/filter_core/filter_session.c;/src/gpac/src/filters/filelist.c;/src/gpac/src/filters/in_rtp.c;/src/gpac/src/filters/in_rtp_rtsp.c;/src/gpac/src/ietf/rtsp_session.c;/src/llvm-project/compiler-rt/lib/fuzzer/FuzzerDriver.cpp;/src/llvm-project/compiler-rt/lib/fuzzer/FuzzerLoop.cpp;/src/llvm-project/compiler-rt/lib/fuzzer/FuzzerMain.cpp;/src/testsuite/oss-fuzzers/fuzz_probe_analyze.c,https://github.com/gpac/gpac/commit/6268329b7ce88f13cb092e9f3de86d3036dcff97.patch
42533061,gpac,https://github.com/gpac/gpac/commit/08d2d3128f17bd83d534efd708bdaf1248005e9e,08d2d3128f17bd83d534efd708bdaf1248005e9e,https://github.com/gpac/gpac,1,src/media_tools/mpegts.c,/src/aflplusplus/utils/aflpp_driver/aflpp_driver.c;/src/gpac/src/filter_core/filter.c;/src/gpac/src/filter_core/filter_session.c;/src/gpac/src/filters/dmx_m2ts.c;/src/gpac/src/filters/in_file.c;/src/gpac/src/media_tools/mpegts.c;/src/testsuite/oss-fuzzers/fuzz_probe_analyze.c,https://github.com/gpac/gpac/commit/08d2d3128f17bd83d534efd708bdaf1248005e9e.patch
42533073,tarantool,https://github.com/tarantool/luajit/commit/fa757f344626bd3a42a86f42ca903a1d9e6e9030,fa757f344626bd3a42a86f42ca903a1d9e6e9030,https://github.com/tarantool/luajit.git,0,,/build/test/fuzz/external.protobuf_mutator/src/external.protobuf_mutator-build/external.protobuf/src/external.protobuf/src/google/protobuf/text_format.cc,https://github.com/tarantool/luajit/commit/fa757f344626bd3a42a86f42ca903a1d9e6e9030.patch
42533083,readstat,https://github.com/WizardMac/ReadStat/commit/c7baae72b36acdc24f56ad48d3e859850fdbdc2b,c7baae72b36acdc24f56ad48d3e859850fdbdc2b,https://github.com/WizardMac/ReadStat,1,src/spss/readstat_sav_read.c,/src/aflplusplus/utils/aflpp_driver/aflpp_driver.c;/src/llvm-project/compiler-rt/lib/asan/asan_malloc_linux.cpp;/src/readstat/src/fuzz/fuzz_format_sav.c;/src/readstat/src/readstat_malloc.c;/src/readstat/src/spss/readstat_sav_read.c,https://github.com/WizardMac/ReadStat/commit/c7baae72b36acdc24f56ad48d3e859850fdbdc2b.patch
42533101,wolfssl,https://github.com/wolfssl/wolfssl/commit/00c3f5be2ef637aa49b60ef922b28d40c0799f92,00c3f5be2ef637aa49b60ef922b28d40c0799f92,https://github.com/wolfssl/wolfssl,0,,/src/cryptofuzz-normal-math/driver.cpp;/src/cryptofuzz-normal-math/entry.cpp;/src/cryptofuzz-normal-math/executor.cpp;/src/cryptofuzz-normal-math/modules/wolfcrypt/bn_helper.cpp;/src/cryptofuzz-normal-math/modules/wolfcrypt/ecdsa_448.cpp;/src/cryptofuzz-normal-math/modules/wolfcrypt/module.cpp;/src/llvm-project/compiler-rt/lib/fuzzer/FuzzerDriver.cpp;/src/llvm-project/compiler-rt/lib/fuzzer/FuzzerLoop.cpp;/src/llvm-project/compiler-rt/lib/fuzzer/FuzzerMain.cpp;/src/wolfssl-normal-math/wolfcrypt/src/ed448.c;/src/wolfssl-normal-math/wolfcrypt/src/fe_448.c;/src/wolfssl-normal-math/wolfcrypt/src/ge_448.c;/src/wolfssl-normal-math/wolfcrypt/src/sp_int.c,https://github.com/wolfssl/wolfssl/commit/00c3f5be2ef637aa49b60ef922b28d40c0799f92.patch
42533116,libredwg,https://github.com/LibreDWG/libredwg/commit/08ecfb5da586e7d28e92edab0881020f831e3e34,08ecfb5da586e7d28e92edab0881020f831e3e34,https://github.com/LibreDWG/libredwg,1,src/in_dxf.c,/src/libredwg/examples/llvmfuzz.c;/src/libredwg/src/decode.c;/src/libredwg/src/in_dxf.c;/src/llvm-project/compiler-rt/lib/asan/asan_malloc_linux.cpp;/src/llvm-project/compiler-rt/lib/fuzzer/FuzzerDriver.cpp;/src/llvm-project/compiler-rt/lib/fuzzer/FuzzerLoop.cpp;/src/llvm-project/compiler-rt/lib/fuzzer/FuzzerMain.cpp,https://github.com/LibreDWG/libredwg/commit/08ecfb5da586e7d28e92edab0881020f831e3e34.patch
42533132,imagemagick,https://github.com/imagemagick/imagemagick/commit/7d54aa9d3c2763c9af0e68cb49dfc752fe2f7d77,7d54aa9d3c2763c9af0e68cb49dfc752fe2f7d77,https://github.com/imagemagick/imagemagick,1,MagickCore/draw.c,/draw.c;/src/imagemagick/Magick++/fuzz/encoder_fuzzer.cc;/src/imagemagick/Magick++/lib/Image.cpp;/src/imagemagick/MagickCore/blob.c;/src/imagemagick/MagickCore/constitute.c;/src/imagemagick/MagickCore/draw.c;/src/imagemagick/MagickCore/exception.c;/src/imagemagick/coders/mvg.c;/src/libfuzzer/FuzzerDriver.cpp;/src/libfuzzer/FuzzerLoop.cpp;/src/libfuzzer/FuzzerMain.cpp;/src/llvm/projects/compiler-rt/lib/msan/msan.cc;/src/llvm/projects/compiler-rt/lib/msan/msan_interceptors.cc,https://github.com/imagemagick/imagemagick/commit/7d54aa9d3c2763c9af0e68cb49dfc752fe2f7d77.patch
42533134,boost,https://github.com/boostorg/regex/commit/093e1359258c2465c611e50315fddcf20b7afc78,093e1359258c2465c611e50315fddcf20b7afc78,https://github.com/boostorg/regex.git,0,,/src/boost/../boost_regex_replace_fuzzer.cc;/src/boost/./boost/regex/v5/match_results.hpp;/src/boost/./boost/regex/v5/regex_format.hpp;/src/boost/./boost/regex/v5/regex_replace.hpp;/src/llvm-project/compiler-rt/lib/fuzzer/FuzzerDriver.cpp;/src/llvm-project/compiler-rt/lib/fuzzer/FuzzerLoop.cpp;/src/llvm-project/compiler-rt/lib/fuzzer/FuzzerMain.cpp,https://github.com/boostorg/regex/commit/093e1359258c2465c611e50315fddcf20b7afc78.patch
42533154,imagemagick,https://github.com/imagemagick/imagemagick/commit/60cb93d03a9fec83087f803fab877293f1ca12fd,60cb93d03a9fec83087f803fab877293f1ca12fd,https://github.com/imagemagick/imagemagick,1,coders/viff.c,/src/imagemagick/Magick++/fuzz/encoder_fuzzer.cc;/src/imagemagick/Magick++/lib/Image.cpp;/src/imagemagick/MagickCore/blob.c;/src/imagemagick/MagickCore/constitute.c;/src/imagemagick/MagickCore/memory.c;/src/imagemagick/coders/viff.c;/src/libfuzzer/FuzzerDriver.cpp;/src/libfuzzer/FuzzerLoop.cpp;/src/libfuzzer/FuzzerMain.cpp;/src/llvm/projects/compiler-rt/lib/msan/msan_interceptors.cc,https://github.com/imagemagick/imagemagick/commit/60cb93d03a9fec83087f803fab877293f1ca12fd.patch
42533165,gdal,https://github.com/OSGeo/gdal/commit/fe53b55de6647ab7062e4bba53e781f733ee6b8e,fe53b55de6647ab7062e4bba53e781f733ee6b8e,https://github.com/OSGeo/gdal,1,gdal/ogr/ogrsf_frmts/avc/avc_e00parse.cpp,/src/gdal/gdal/./fuzzers/ogr_fuzzer.cpp;/src/gdal/gdal/gcore/gdaldataset.cpp;/src/gdal/gdal/ogr/ogrsf_frmts/avc/avc_e00parse.cpp;/src/gdal/gdal/ogr/ogrsf_frmts/avc/avc_e00read.cpp;/src/gdal/gdal/ogr/ogrsf_frmts/avc/ogravce00datasource.cpp;/src/gdal/gdal/ogr/ogrsf_frmts/avc/ogravce00driver.cpp;/src/gdal/gdal/ogr/ogrsf_frmts/generic/ogrsfdriverregistrar.cpp;/src/gdal/gdal/port/cpl_conv.cpp;/src/libfuzzer/FuzzerDriver.cpp;/src/libfuzzer/FuzzerLoop.cpp;/src/libfuzzer/FuzzerMain.cpp;/src/llvm/projects/compiler-rt/lib/asan/asan_interceptors.cc;/src/llvm/projects/compiler-rt/lib/asan/asan_malloc_linux.cc,https://github.com/OSGeo/gdal/commit/fe53b55de6647ab7062e4bba53e781f733ee6b8e.patch
42533176,imagemagick,https://github.com/imagemagick/imagemagick/commit/67cfe1a595683a7a101ab1bd8bf2e692a34eadbb,67cfe1a595683a7a101ab1bd8bf2e692a34eadbb,https://github.com/imagemagick/imagemagick,1,MagickCore/draw.c,/src/imagemagick/Magick++/fuzz/encoder_fuzzer.cc;/src/imagemagick/Magick++/lib/Image.cpp;/src/imagemagick/MagickCore/blob.c;/src/imagemagick/MagickCore/constitute.c;/src/imagemagick/MagickCore/draw.c;/src/imagemagick/MagickCore/memory.c;/src/imagemagick/coders/mvg.c;/src/libfuzzer/FuzzerDriver.cpp;/src/libfuzzer/FuzzerLoop.cpp;/src/libfuzzer/FuzzerMain.cpp;/src/llvm/projects/compiler-rt/lib/msan/msan_interceptors.cc,https://github.com/imagemagick/imagemagick/commit/67cfe1a595683a7a101ab1bd8bf2e692a34eadbb.patch
42533210,gdal,https://github.com/OSGeo/gdal/commit/7f5837295929561c93c69208f30db78af18dda39,7f5837295929561c93c69208f30db78af18dda39,https://github.com/OSGeo/gdal,1,gdal/ogr/ogrsf_frmts/avc/avc_e00parse.cpp;gdal/ogr/ogrsf_frmts/avc/ogravce00layer.cpp,/src/gdal/gdal/./fuzzers/ogr_fuzzer.cpp;/src/gdal/gdal/gcore/gdaldataset.cpp;/src/gdal/gdal/ogr/ogrsf_frmts/avc/avc_e00parse.cpp;/src/gdal/gdal/ogr/ogrsf_frmts/avc/avc_e00read.cpp;/src/gdal/gdal/ogr/ogrsf_frmts/avc/ogravce00datasource.cpp;/src/gdal/gdal/ogr/ogrsf_frmts/avc/ogravce00driver.cpp;/src/gdal/gdal/ogr/ogrsf_frmts/avc/ogravce00layer.cpp;/src/gdal/gdal/ogr/ogrsf_frmts/avc/ogravclayer.cpp;/src/gdal/gdal/ogr/ogrsf_frmts/generic/ogrsfdriverregistrar.cpp;/src/gdal/gdal/port/cpl_conv.cpp;/src/libfuzzer/afl/afl_driver.cpp;/src/llvm/projects/compiler-rt/lib/asan/asan_malloc_linux.cc,https://github.com/OSGeo/gdal/commit/7f5837295929561c93c69208f30db78af18dda39.patch
42533221,gdal,https://github.com/OSGeo/gdal/commit/ae093556e83f38779f29d2569fd56cdef441d778,ae093556e83f38779f29d2569fd56cdef441d778,https://github.com/OSGeo/gdal,1,gdal/ogr/ogrsf_frmts/avc/ogravce00datasource.cpp,/src/gdal/gdal/./fuzzers/ogr_fuzzer.cpp;/src/gdal/gdal/ogr/ogr_srs_esri.cpp;/src/gdal/gdal/ogr/ogrsf_frmts/avc/ogravce00datasource.cpp;/src/gdal/gdal/ogr/ogrsf_frmts/generic/ogrlayer.cpp;/src/libfuzzer/afl/afl_driver.cpp;/src/llvm/projects/compiler-rt/lib/asan/../sanitizer_common/sanitizer_common_interceptors.inc,https://github.com/OSGeo/gdal/commit/ae093556e83f38779f29d2569fd56cdef441d778.patch
42533223,gpac,https://github.com/gpac/gpac/commit/5a83f50fe9a6cd513029e37cc723ae53c01807c3,5a83f50fe9a6cd513029e37cc723ae53c01807c3,https://github.com/gpac/gpac,1,src/filters/inspect.c,/src/aflplusplus/utils/aflpp_driver/aflpp_driver.c;/src/gpac/src/filter_core/filter.c;/src/gpac/src/filter_core/filter_pck.c;/src/gpac/src/filter_core/filter_session.c;/src/gpac/src/filters/inspect.c;/src/gpac/src/filters/isoffin_read.c;/src/gpac/src/filters/isoffin_read_ch.c;/src/gpac/src/isomedia/isom_read.c;/src/gpac/src/isomedia/media.c;/src/gpac/src/utils/alloc.c;/src/llvm-project/compiler-rt/lib/asan/asan_malloc_linux.cpp;/src/testsuite/oss-fuzzers/fuzz_probe_analyze.c,https://github.com/gpac/gpac/commit/5a83f50fe9a6cd513029e37cc723ae53c01807c3.patch
42533237,pcre2,https://github.com/PCRE2Project/pcre2/commit/3eedbacfeeecd2a06a282c7f9b630883840cbbc4,3eedbacfeeecd2a06a282c7f9b630883840cbbc4,https://github.com/PCRE2Project/pcre2,0,,/src/llvm-project/compiler-rt/lib/fuzzer/FuzzerDriver.cpp;/src/llvm-project/compiler-rt/lib/fuzzer/FuzzerLoop.cpp;/src/llvm-project/compiler-rt/lib/fuzzer/FuzzerMain.cpp;/src/pcre2/src/pcre2_fuzzsupport.c;/src/pcre2/src/pcre2_jit_compile.c,https://github.com/PCRE2Project/pcre2/commit/3eedbacfeeecd2a06a282c7f9b630883840cbbc4.patch
42533242,gpac,https://github.com/gpac/gpac/commit/a1e790234693ab00049fb1002c0ee11c865d7328,a1e790234693ab00049fb1002c0ee11c865d7328,https://github.com/gpac/gpac,1,src/filters/inspect.c,/src/aflplusplus/utils/aflpp_driver/aflpp_driver.c;/src/gpac/src/filter_core/filter.c;/src/gpac/src/filter_core/filter_pck.c;/src/gpac/src/filter_core/filter_session.c;/src/gpac/src/filters/inspect.c;/src/gpac/src/filters/isoffin_read.c;/src/gpac/src/filters/isoffin_read_ch.c;/src/gpac/src/isomedia/isom_read.c;/src/gpac/src/isomedia/media.c;/src/gpac/src/utils/alloc.c;/src/gpac/src/utils/bitstream.c;/src/llvm-project/compiler-rt/lib/asan/asan_malloc_linux.cpp;/src/testsuite/oss-fuzzers/fuzz_probe_analyze.c,https://github.com/gpac/gpac/commit/a1e790234693ab00049fb1002c0ee11c865d7328.patch
42533254,gdal,https://github.com/OSGeo/gdal/commit/12853e4302974f564b895a7de5f70e95a78e3439,12853e4302974f564b895a7de5f70e95a78e3439,https://github.com/OSGeo/gdal,1,gdal/ogr/ogrsf_frmts/avc/ogravce00layer.cpp,/src/gdal/gdal/./fuzzers/ogr_fuzzer.cpp;/src/gdal/gdal/ogr/ogrsf_frmts/avc/avc_e00parse.cpp;/src/gdal/gdal/ogr/ogrsf_frmts/avc/avc_e00read.cpp;/src/gdal/gdal/ogr/ogrsf_frmts/avc/ogravce00layer.cpp;/src/gdal/gdal/ogr/ogrsf_frmts/avc/ogravclayer.cpp;/src/gdal/gdal/ogr/ogrsf_frmts/generic/ogrlayer.cpp;/src/gdal/gdal/port/cpl_conv.cpp;/src/libfuzzer/FuzzerDriver.cpp;/src/libfuzzer/FuzzerLoop.cpp;/src/libfuzzer/FuzzerMain.cpp;/src/llvm/projects/compiler-rt/lib/asan/asan_malloc_linux.cc,https://github.com/OSGeo/gdal/commit/12853e4302974f564b895a7de5f70e95a78e3439.patch
42533286,libavc,https://github.com/ittiam-systems/libavc/commit/72315c11ac595a73d3b629cc36647327156d5875,72315c11ac595a73d3b629cc36647327156d5875,https://github.com/ittiam-systems/libavc.git,1,decoder/mvc/imvcd_api.c,/src/libavc/decoder/ih264d_parse_cabac.c;/src/libavc/decoder/ih264d_parse_islice.c;/src/libavc/decoder/mvc/imvcd_api.c;/src/libavc/decoder/mvc/imvcd_api_utils.c;/src/libavc/decoder/mvc/imvcd_nalu_parser.c;/src/libavc/decoder/mvc/imvcd_slice_functions.c;/src/libavc/fuzzer/mvc_dec_fuzzer.cpp;/src/llvm-project/compiler-rt/lib/asan/asan_malloc_linux.cpp;/src/llvm-project/compiler-rt/lib/fuzzer/FuzzerDriver.cpp;/src/llvm-project/compiler-rt/lib/fuzzer/FuzzerLoop.cpp;/src/llvm-project/compiler-rt/lib/fuzzer/FuzzerMain.cpp,https://github.com/ittiam-systems/libavc/commit/72315c11ac595a73d3b629cc36647327156d5875.patch
42533290,igraph,https://github.com/igraph/igraph/commit/a6f6f93e0523de1b68a3cb2f312f53adafb193a2,a6f6f93e0523de1b68a3cb2f312f53adafb193a2,https://github.com/igraph/igraph,0,,/src/igraph/./fuzzing/read_dl.cpp;/src/igraph/build/src/io/parsers/dl-lexer.c;/src/igraph/build/src/io/parsers/dl-parser.c;/src/igraph/src/io/dl.c;/src/llvm-project/compiler-rt/lib/fuzzer/FuzzerDriver.cpp;/src/llvm-project/compiler-rt/lib/fuzzer/FuzzerLoop.cpp;/src/llvm-project/compiler-rt/lib/fuzzer/FuzzerMain.cpp,https://github.com/igraph/igraph/commit/a6f6f93e0523de1b68a3cb2f312f53adafb193a2.patch
42533307,WasmEdge,https://github.com/WasmEdge/WasmEdge/commit/62ce0eef5e9f2b4dd390ebbefbb430a95c60af64,62ce0eef5e9f2b4dd390ebbefbb430a95c60af64,https://github.com/WasmEdge/WasmEdge.git,1,lib/llvm/compiler.cpp,/src/WasmEdge/lib/driver/fuzzTool.cpp;/src/WasmEdge/lib/llvm/compiler.cpp;/src/aflplusplus/utils/aflpp_driver/aflpp_driver.c;/src/llvm-project/compiler-rt/lib/asan/asan_malloc_linux.cpp,https://github.com/WasmEdge/WasmEdge/commit/62ce0eef5e9f2b4dd390ebbefbb430a95c60af64.patch
42533312,ffmpeg,https://git.ffmpeg.org/gitweb/ffmpeg.git/commitdiff/41e349c24a726d0c3bac5830eec9f6940ea41c63,41e349c24a726d0c3bac5830eec9f6940ea41c63,https://git.ffmpeg.org/ffmpeg.git,0,,/src/ffmpeg/libavformat/demux.c;/src/ffmpeg/libavformat/mov.c;/src/ffmpeg/libavutil/mem.c;/src/ffmpeg/tools/target_dem_fuzzer.c;/src/llvm-project/compiler-rt/lib/asan/asan_malloc_linux.cpp;/src/llvm-project/compiler-rt/lib/fuzzer/FuzzerDriver.cpp;/src/llvm-project/compiler-rt/lib/fuzzer/FuzzerLoop.cpp;/src/llvm-project/compiler-rt/lib/fuzzer/FuzzerMain.cpp,https://git.ffmpeg.org/gitweb/ffmpeg.git/commitdiff/41e349c24a726d0c3bac5830eec9f6940ea41c63
42533348,gpac,https://github.com/gpac/gpac/commit/ff627002687235bc6c585fc7ce24137cc6eeb73b,ff627002687235bc6c585fc7ce24137cc6eeb73b,https://github.com/gpac/gpac,1,src/utils/base_encoding.c,/src/aflplusplus/utils/aflpp_driver/aflpp_driver.c;/src/gpac/src/isomedia/box_funcs.c;/src/gpac/src/isomedia/isom_intern.c;/src/gpac/src/media_tools/webvtt.c;/src/gpac/src/utils/alloc.c;/src/gpac/src/utils/base_encoding.c;/src/llvm-project/compiler-rt/lib/asan/asan_malloc_linux.cpp;/src/testsuite/oss-fuzzers/fuzz_parse.c,https://github.com/gpac/gpac/commit/ff627002687235bc6c585fc7ce24137cc6eeb73b.patch
42533365,aom,https://aomedia.googlesource.com/aom/+/08efc1491525624dc5f5ebf0e450227524a7db4f%5E%21/,08efc1491525624dc5f5ebf0e450227524a7db4f,https://aomedia.googlesource.com/aom,1,av1/decoder/decodeframe.c,/src/aom/aom/src/aom_decoder.c;/src/aom/aom_ports/mem_ops.h;/src/aom/aom_util/aom_thread.c;/src/aom/av1/av1_dx_iface.c;/src/aom/av1/decoder/decodeframe.c;/src/aom/av1/decoder/decoder.c;/src/aom/av1/decoder/obu.c;/src/aom/examples/av1_dec_fuzzer.cc;/src/llvm-project/compiler-rt/lib/fuzzer/FuzzerDriver.cpp;/src/llvm-project/compiler-rt/lib/fuzzer/FuzzerLoop.cpp;/src/llvm-project/compiler-rt/lib/fuzzer/FuzzerMain.cpp,https://aomedia.googlesource.com/aom/+/08efc1491525624dc5f5ebf0e450227524a7db4f%5E%21/?format=TEXT
42533381,tarantool,https://github.com/tarantool/luajit/commit/fa757f344626bd3a42a86f42ca903a1d9e6e9030,fa757f344626bd3a42a86f42ca903a1d9e6e9030,https://github.com/tarantool/luajit.git,0,,/src/tarantool/third_party/luajit/src/lj_gc.c;/src/tarantool/third_party/luajit/src/lj_parse.c;/src/tarantool/third_party/luajit/src/lj_tab.c,https://github.com/tarantool/luajit/commit/fa757f344626bd3a42a86f42ca903a1d9e6e9030.patch
42533396,ffmpeg,https://git.ffmpeg.org/gitweb/ffmpeg.git/commitdiff/23b29f72eeb2ff6f2176ee74b9abe78aec4cd1f4,23b29f72eeb2ff6f2176ee74b9abe78aec4cd1f4,https://git.ffmpeg.org/ffmpeg.git,0,,/src/aflplusplus/utils/aflpp_driver/aflpp_driver.c;/src/ffmpeg/libavcodec/codec_par.c;/src/ffmpeg/libavformat/aiffdec.c;/src/ffmpeg/libavformat/demux.c;/src/ffmpeg/libavformat/mov_chan.c;/src/ffmpeg/libavutil/channel_layout.c;/src/ffmpeg/libavutil/mem.c;/src/ffmpeg/tools/target_dem_fuzzer.c;/src/llvm-project/compiler-rt/lib/asan/asan_interceptors_memintrinsics.cpp;/src/llvm-project/compiler-rt/lib/asan/asan_malloc_linux.cpp,https://git.ffmpeg.org/gitweb/ffmpeg.git/commitdiff/23b29f72eeb2ff6f2176ee74b9abe78aec4cd1f4
42533411,open62541,https://github.com/open62541/open62541/commit/5d0e16ebbc51c498d5144731387d4c8915bd0621,"71a2d50101e6a9ecb7cbbc772fe7ec03380a86fe
f9ad730ce84c0ff393c1ede5c4fc3cbdaeb30568
1832d0ef8ecb463c64fb6c392e1a2e6bbec5883a
2008205183d8fdd61d0740902bf7e3b58bc404d0
5d0e16ebbc51c498d5144731387d4c8915bd0621",https://github.com/open62541/open62541.git,0,,/src/libfuzzer/afl/afl_driver.cpp;/src/llvm/projects/compiler-rt/lib/asan/asan_malloc_linux.cc;/src/open62541/plugins/ua_nodestore_default.c;/src/open62541/src/server/ua_nodes.c;/src/open62541/src/server/ua_server_binary.c;/src/open62541/src/server/ua_server_utils.c;/src/open62541/src/server/ua_services_nodemanagement.c;/src/open62541/src/ua_connection.c;/src/open62541/src/ua_securechannel.c;/src/open62541/src/ua_types.c;/src/open62541/tests/fuzz/fuzz_binary_message.cc;/work/open62541/src_generated/ua_types_generated_handling.h,https://github.com/open62541/open62541/commit/5d0e16ebbc51c498d5144731387d4c8915bd0621.patch
42533444,resiprocate,https://github.com/resiprocate/resiprocate/commit/8c21398283a81503ac20f11027c6960a27fde207,8c21398283a81503ac20f11027c6960a27fde207,https://github.com/resiprocate/resiprocate.git,1,rutil/ParseBuffer.cxx,/src/libfuzzer/afl/afl_driver.cpp;/src/llvm/projects/compiler-rt/lib/asan/asan_new_delete.cc;/src/resiprocate/resip/stack/LazyParser.cxx;/src/resiprocate/resip/stack/NameAddr.cxx;/src/resiprocate/resip/stack/ParserCategory.cxx;/src/resiprocate/resip/stack/QValueParameter.cxx;/src/resiprocate/resip/stack/test/fuzzStack.cxx;/src/resiprocate/rutil/ParseBuffer.cxx,https://github.com/resiprocate/resiprocate/commit/8c21398283a81503ac20f11027c6960a27fde207.patch
42533480,aom,https://aomedia.googlesource.com/aom/+/08efc1491525624dc5f5ebf0e450227524a7db4f%5E%21/,08efc1491525624dc5f5ebf0e450227524a7db4f,https://aomedia.googlesource.com/aom,1,av1/decoder/decodeframe.c,/src/aom/aom/src/aom_decoder.c;/src/aom/aom_dsp/bitreader.h;/src/aom/aom_dsp/entdec.c;/src/aom/aom_mem/aom_mem.c;/src/aom/aom_util/aom_thread.c;/src/aom/av1/av1_dx_iface.c;/src/aom/av1/decoder/decodeframe.c;/src/aom/av1/decoder/decoder.c;/src/aom/av1/decoder/decodetxb.c;/src/aom/av1/decoder/obu.c;/src/aom/examples/av1_dec_fuzzer.cc;/src/llvm-project/compiler-rt/lib/fuzzer/FuzzerDriver.cpp;/src/llvm-project/compiler-rt/lib/fuzzer/FuzzerLoop.cpp;/src/llvm-project/compiler-rt/lib/fuzzer/FuzzerMain.cpp;/src/llvm-project/compiler-rt/lib/msan/msan_interceptors.cpp,https://aomedia.googlesource.com/aom/+/08efc1491525624dc5f5ebf0e450227524a7db4f%5E%21/?format=TEXT
42533504,aom,https://aomedia.googlesource.com/aom/+/08efc1491525624dc5f5ebf0e450227524a7db4f%5E%21/,08efc1491525624dc5f5ebf0e450227524a7db4f,https://aomedia.googlesource.com/aom,1,av1/decoder/decodeframe.c,/src/aom/aom/src/aom_decoder.c;/src/aom/aom_dsp/bitreader.c;/src/aom/aom_dsp/entdec.c;/src/aom/aom_util/aom_thread.c;/src/aom/av1/av1_dx_iface.c;/src/aom/av1/decoder/decodeframe.c;/src/aom/av1/decoder/decoder.c;/src/aom/av1/decoder/obu.c;/src/aom/examples/av1_dec_fuzzer.cc;/src/llvm-project/compiler-rt/lib/asan/asan_interceptors.cpp;/src/llvm-project/compiler-rt/lib/asan/asan_malloc_linux.cpp;/src/llvm-project/compiler-rt/lib/fuzzer/FuzzerDriver.cpp;/src/llvm-project/compiler-rt/lib/fuzzer/FuzzerLoop.cpp;/src/llvm-project/compiler-rt/lib/fuzzer/FuzzerMain.cpp,https://aomedia.googlesource.com/aom/+/08efc1491525624dc5f5ebf0e450227524a7db4f%5E%21/?format=TEXT
42534335,ghostpdl,https://cgit.ghostscript.com/ghostpdl.git5fb7114f814645ebf679a8228350e9770bf3f009,5fb7114f814645ebf679a8228350e9770bf3f009,https://cgit.ghostscript.com/ghostpdl.git,-1,,/src/ghostpdl/./base/gdevdflt.c;/src/ghostpdl/./base/gdevepo.c;/src/ghostpdl/./base/gdevnfwd.c;/src/ghostpdl/./base/gdevp14.c;/src/ghostpdl/./base/gdevsclass.c;/src/ghostpdl/./base/gsalloc.c;/src/ghostpdl/./base/gsdevice.c;/src/ghostpdl/./base/gsmalloc.c;/src/ghostpdl/./base/gstrans.c;/src/ghostpdl/./pdf/pdf_page.c;/src/ghostpdl/./psi/iapi.c;/src/ghostpdl/./psi/igc.c;/src/ghostpdl/./psi/imain.c;/src/ghostpdl/./psi/imainarg.c;/src/ghostpdl/./psi/interp.c;/src/ghostpdl/./psi/ireclaim.c;/src/ghostpdl/./psi/psapi.c;/src/ghostpdl/./psi/zpdfops.c;/src/gs_device_pxlmono_fuzzer.cc;/src/gs_fuzzlib.h;/src/llvm-project/compiler-rt/lib/asan/asan_malloc_linux.cpp;/src/llvm-project/compiler-rt/lib/fuzzer/FuzzerDriver.cpp;/src/llvm-project/compiler-rt/lib/fuzzer/FuzzerLoop.cpp;/src/llvm-project/compiler-rt/lib/fuzzer/FuzzerMain.cpp,
42535039,ghostpdl,https://cgit.ghostscript.com/ghostpdl.gitb7a72058caea441b700dce3e470c503b54d6262c,b7a72058caea441b700dce3e470c503b54d6262c,https://cgit.ghostscript.com/ghostpdl.git,-1,,/src/ghostpdl/./base/gdevmpla.c;/src/ghostpdl/./base/gdevp14.c;/src/ghostpdl/./base/gdevprn.c;/src/ghostpdl/./base/gsdevice.c;/src/ghostpdl/./base/gxclrast.c;/src/ghostpdl/./base/gxclread.c;/src/ghostpdl/./devices/gdevtsep.c;/src/ghostpdl/./psi/imain.c;/src/ghostpdl/./psi/imainarg.c;/src/ghostpdl/./psi/interp.c;/src/ghostpdl/./psi/zdevice.c;/src/gs_device_tiffsep1_fuzzer.cc;/src/gs_fuzzlib.h;/src/llvm-project/compiler-rt/lib/fuzzer/FuzzerDriver.cpp;/src/llvm-project/compiler-rt/lib/fuzzer/FuzzerLoop.cpp;/src/llvm-project/compiler-rt/lib/fuzzer/FuzzerMain.cpp,
42535628,ghostpdl,https://cgit.ghostscript.com/ghostpdl.git2422afa72801603247b6a748ea32ca2ce9443ecd,2422afa72801603247b6a748ea32ca2ce9443ecd,https://cgit.ghostscript.com/ghostpdl.git,-1,,/src/ghostpdl/./base/gsalloc.c;/src/ghostpdl/./base/gsdevice.c;/src/ghostpdl/./base/gsmalloc.c;/src/ghostpdl/./base/gstext.c;/src/ghostpdl/./base/gxchar.c;/src/ghostpdl/./base/gxpcmap.c;/src/ghostpdl/./devices/vector/gdevpdf.c;/src/ghostpdl/./devices/vector/gdevpdfu.c;/src/ghostpdl/./devices/vector/gdevpdti.c;/src/ghostpdl/./devices/vector/gdevpdtt.c;/src/ghostpdl/./pdf/pdf_font3.c;/src/ghostpdl/./pdf/pdf_int.c;/src/ghostpdl/./pdf/pdf_page.c;/src/ghostpdl/./pdf/pdf_pattern.c;/src/ghostpdl/./pdf/pdf_text.c;/src/ghostpdl/./psi/imain.c;/src/ghostpdl/./psi/imainarg.c;/src/ghostpdl/./psi/interp.c;/src/ghostpdl/./psi/zdevice.c;/src/ghostpdl/./psi/zpdfops.c;/src/gs_device_pdfwrite_fuzzer.cc;/src/gs_fuzzlib.h;/src/llvm-project/compiler-rt/lib/asan/asan_malloc_linux.cpp;/src/llvm-project/compiler-rt/lib/fuzzer/FuzzerDriver.cpp;/src/llvm-project/compiler-rt/lib/fuzzer/FuzzerLoop.cpp;/src/llvm-project/compiler-rt/lib/fuzzer/FuzzerMain.cpp,
42535653,ghostpdl,https://cgit.ghostscript.com/ghostpdl.gita1a4146bebdb24f94e3ace2e933527469d599313,a1a4146bebdb24f94e3ace2e933527469d599313,https://cgit.ghostscript.com/ghostpdl.git,-1,,/src/ghostpdl/./base/gsdevice.c;/src/ghostpdl/./base/gsicc.c;/src/ghostpdl/./base/gspaint.c;/src/ghostpdl/./base/gxcmap.c;/src/ghostpdl/./psi/imain.c;/src/ghostpdl/./psi/imainarg.c;/src/ghostpdl/./psi/interp.c;/src/ghostpdl/./psi/zdevice.c;/src/gs_device_psdcmyk_fuzzer.cc;/src/gs_fuzzlib.h;/src/llvm-project/compiler-rt/lib/fuzzer/FuzzerDriver.cpp;/src/llvm-project/compiler-rt/lib/fuzzer/FuzzerLoop.cpp;/src/llvm-project/compiler-rt/lib/fuzzer/FuzzerMain.cpp,
42535696,ghostpdl,https://cgit.ghostscript.com/ghostpdl.git6342496773e5824fb5bf51a871fa7384930da0ad,6342496773e5824fb5bf51a871fa7384930da0ad,https://cgit.ghostscript.com/ghostpdl.git,-1,,/src/ghostpdl/./base/gsalloc.c;/src/ghostpdl/./base/gsdevice.c;/src/ghostpdl/./base/gsicc_manage.c;/src/ghostpdl/./base/gsiorom.c;/src/ghostpdl/./base/gsmalloc.c;/src/ghostpdl/./base/sfxcommon.c;/src/ghostpdl/./base/stream.c;/src/ghostpdl/./base/strmio.c;/src/ghostpdl/./devices/vector/gdevpdfg.c;/src/ghostpdl/./devices/vector/gdevpdfu.c;/src/ghostpdl/./devices/vector/gdevpdtc.c;/src/ghostpdl/./devices/vector/gdevpdte.c;/src/ghostpdl/./devices/vector/gdevpdts.c;/src/ghostpdl/./devices/vector/gdevpdtt.c;/src/ghostpdl/./pdf/pdf_int.c;/src/ghostpdl/./pdf/pdf_page.c;/src/ghostpdl/./pdf/pdf_text.c;/src/ghostpdl/./psi/imain.c;/src/ghostpdl/./psi/imainarg.c;/src/ghostpdl/./psi/interp.c;/src/ghostpdl/./psi/zdevice.c;/src/ghostpdl/./psi/zpdfops.c;/src/gs_device_pdfwrite_fuzzer.cc;/src/gs_fuzzlib.h;/src/llvm-project/compiler-rt/lib/asan/asan_malloc_linux.cpp;/src/llvm-project/compiler-rt/lib/fuzzer/FuzzerDriver.cpp;/src/llvm-project/compiler-rt/lib/fuzzer/FuzzerLoop.cpp;/src/llvm-project/compiler-rt/lib/fuzzer/FuzzerMain.cpp,
42536402,ghostpdl,https://cgit.ghostscript.com/ghostpdl.git0ea1093b875e11d085015a6021d2fabd07c691b7,0ea1093b875e11d085015a6021d2fabd07c691b7,https://cgit.ghostscript.com/ghostpdl.git,-1,,/src/ghostpdl/./base/gsicc_create.c;/src/ghostpdl/./base/gsimage.c;/src/ghostpdl/./base/gsmalloc.c;/src/ghostpdl/./base/stream.c;/src/ghostpdl/./devices/vector/gdevxps.c;/src/ghostpdl/./pdf/pdf_image.c;/src/ghostpdl/./pdf/pdf_int.c;/src/ghostpdl/./pdf/pdf_page.c;/src/ghostpdl/./psi/imain.c;/src/ghostpdl/./psi/imainarg.c;/src/ghostpdl/./psi/interp.c;/src/ghostpdl/./psi/zpdfops.c;/src/gs_device_xpswrite_fuzzer.cc;/src/gs_fuzzlib.h;/src/llvm-project/compiler-rt/lib/asan/../sanitizer_common/sanitizer_common_interceptors_memintrinsics.inc;/src/llvm-project/compiler-rt/lib/asan/asan_malloc_linux.cpp,
42537496,ghostpdl,https://cgit.ghostscript.com/ghostpdl.git22c4e067973bd9fa63f9d6ffebe4be16b0cc34c0,22c4e067973bd9fa63f9d6ffebe4be16b0cc34c0,https://cgit.ghostscript.com/ghostpdl.git,-1,,/src/ghostpdl/./base/gdevnfwd.c;/src/ghostpdl/./base/gsimage.c;/src/ghostpdl/./base/gxclip.c;/src/ghostpdl/./base/gxclrect.c;/src/ghostpdl/./base/gxdcolor.c;/src/ghostpdl/./base/gxidata.c;/src/ghostpdl/./base/gxifast.c;/src/ghostpdl/./base/gximage.c;/src/ghostpdl/./pdf/pdf_image.c;/src/ghostpdl/./pdf/pdf_int.c;/src/ghostpdl/./pdf/pdf_page.c;/src/ghostpdl/./psi/iapi.c;/src/ghostpdl/./psi/imain.c;/src/ghostpdl/./psi/imainarg.c;/src/ghostpdl/./psi/interp.c;/src/ghostpdl/./psi/psapi.c;/src/ghostpdl/./psi/zpdfops.c;/src/gs_device_psdcmyk_fuzzer.cc;/src/gs_fuzzlib.h;/src/llvm-project/compiler-rt/lib/fuzzer/FuzzerDriver.cpp;/src/llvm-project/compiler-rt/lib/fuzzer/FuzzerLoop.cpp;/src/llvm-project/compiler-rt/lib/fuzzer/FuzzerMain.cpp,
42537707,ghostpdl,https://cgit.ghostscript.com/ghostpdl.git498d3d820c17cedd9e33742f050adeca1e9bd6b0,498d3d820c17cedd9e33742f050adeca1e9bd6b0,https://cgit.ghostscript.com/ghostpdl.git,-1,,/src/ghostpdl/./base/gsalloc.c;/src/ghostpdl/./base/gscparam.c;/src/ghostpdl/./base/gsdparam.c;/src/ghostpdl/./base/gsmalloc.c;/src/ghostpdl/./base/gsparam.c;/src/ghostpdl/./base/gstext.c;/src/ghostpdl/./devices/vector/gdevpdfp.c;/src/ghostpdl/./devices/vector/gdevpdtc.c;/src/ghostpdl/./devices/vector/gdevpdtf.c;/src/ghostpdl/./devices/vector/gdevpdtt.c;/src/ghostpdl/./devices/vector/gdevpsdp.c;/src/ghostpdl/./devices/vector/gdevpsdu.c;/src/ghostpdl/./pdf/pdf_int.c;/src/ghostpdl/./pdf/pdf_page.c;/src/ghostpdl/./pdf/pdf_text.c;/src/ghostpdl/./psi/iapi.c;/src/ghostpdl/./psi/imain.c;/src/ghostpdl/./psi/imainarg.c;/src/ghostpdl/./psi/interp.c;/src/ghostpdl/./psi/psapi.c;/src/ghostpdl/./psi/zdevice.c;/src/ghostpdl/./psi/zpdfops.c;/src/gs_device_pdfwrite_fuzzer.cc;/src/gs_fuzzlib.h;/src/llvm-project/compiler-rt/lib/asan/../sanitizer_common/sanitizer_common_interceptors.inc;/src/llvm-project/compiler-rt/lib/asan/asan_malloc_linux.cpp;/src/llvm-project/compiler-rt/lib/fuzzer/FuzzerDriver.cpp;/src/llvm-project/compiler-rt/lib/fuzzer/FuzzerLoop.cpp;/src/llvm-project/compiler-rt/lib/fuzzer/FuzzerMain.cpp,
42538023,ghostpdl,https://cgit.ghostscript.com/ghostpdl.git1c7d9d606c44e45fa384efc812a89f1ecaf42fe9,1c7d9d606c44e45fa384efc812a89f1ecaf42fe9,https://cgit.ghostscript.com/ghostpdl.git,-1,,/src/ghostpdl/./base/gsmchunk.c;/src/ghostpdl/./base/sfxcommon.c;/src/ghostpdl/./base/stream.c;/src/ghostpdl/./base/strmio.c;/src/ghostpdl/./pdf/pdf_file.c;/src/ghostpdl/./pdf/pdf_image.c;/src/ghostpdl/./pdf/pdf_int.c;/src/ghostpdl/./pdf/pdf_page.c;/src/ghostpdl/./psi/imain.c;/src/ghostpdl/./psi/imainarg.c;/src/ghostpdl/./psi/interp.c;/src/ghostpdl/./psi/zpdfops.c;/src/gs_device_psdcmyk_fuzzer.cc;/src/gs_fuzzlib.h;/src/llvm-project/compiler-rt/lib/fuzzer/FuzzerDriver.cpp;/src/llvm-project/compiler-rt/lib/fuzzer/FuzzerLoop.cpp;/src/llvm-project/compiler-rt/lib/fuzzer/FuzzerMain.cpp,
42538811,graphicsmagick,https://foss.heptapod.net/graphicsmagick/graphicsmagickbbbd9716ce504d1ccd1b8f6977b4152bbfc5e30a,bbbd9716ce504d1ccd1b8f6977b4152bbfc5e30a,https://foss.heptapod.net/graphicsmagick/graphicsmagick,-1,,/src/graphicsmagick/Magick++/lib/Image.cpp;/src/graphicsmagick/coders/pdb.c;/src/graphicsmagick/fuzzing/coder_fuzzer.cc;/src/graphicsmagick/magick/blob.c;/src/graphicsmagick/magick/constitute.c;/src/graphicsmagick/magick/export.c;/src/graphicsmagick/magick/memory.c;/src/graphicsmagick/magick/pixel_cache.c;/src/libfuzzer/FuzzerDriver.cpp;/src/libfuzzer/FuzzerLoop.cpp;/src/libfuzzer/FuzzerMain.cpp;/src/llvm/projects/compiler-rt/lib/msan/msan_interceptors.cc,
42539131,graphicsmagick,https://foss.heptapod.net/graphicsmagick/graphicsmagickd145f4078da53ab8bb6de70f80d7f6f6a5a25051,d145f4078da53ab8bb6de70f80d7f6f6a5a25051,https://foss.heptapod.net/graphicsmagick/graphicsmagick,-1,,/src/graphicsmagick/Magick++/lib/Image.cpp;/src/graphicsmagick/coders/wpg.c;/src/graphicsmagick/fuzzing/coder_fuzzer.cc;/src/graphicsmagick/magick/blob.c;/src/graphicsmagick/magick/constitute.c;/src/libfuzzer/FuzzerDriver.cpp;/src/libfuzzer/FuzzerLoop.cpp;/src/libfuzzer/FuzzerMain.cpp,
42539148,graphicsmagick,https://foss.heptapod.net/graphicsmagick/graphicsmagickd145f4078da53ab8bb6de70f80d7f6f6a5a25051,d145f4078da53ab8bb6de70f80d7f6f6a5a25051,https://foss.heptapod.net/graphicsmagick/graphicsmagick,-1,,/src/graphicsmagick/Magick++/lib/Image.cpp;/src/graphicsmagick/coders/wpg.c;/src/graphicsmagick/fuzzing/enhance_fuzzer.cc;/src/graphicsmagick/magick/blob.c;/src/graphicsmagick/magick/constitute.c;/src/graphicsmagick/magick/error.c;/src/graphicsmagick/magick/utility.c;/src/libfuzzer/FuzzerDriver.cpp;/src/libfuzzer/FuzzerLoop.cpp;/src/libfuzzer/FuzzerMain.cpp,
42539461,graphicsmagick,https://foss.heptapod.net/graphicsmagick/graphicsmagick04275afef42e986ca7cd6d39aa81ec2d73bd035e,04275afef42e986ca7cd6d39aa81ec2d73bd035e,https://foss.heptapod.net/graphicsmagick/graphicsmagick,-1,,/src/graphicsmagick/Magick++/lib/Image.cpp;/src/graphicsmagick/coders/pdb.c;/src/graphicsmagick/fuzzing/coder_fuzzer.cc;/src/graphicsmagick/magick/blob.c;/src/graphicsmagick/magick/constitute.c;/src/graphicsmagick/magick/memory.c;/src/libfuzzer/FuzzerDriver.cpp;/src/libfuzzer/FuzzerLoop.cpp;/src/libfuzzer/FuzzerMain.cpp;/src/llvm/projects/compiler-rt/lib/msan/msan_interceptors.cc,
42539477,graphicsmagick,https://foss.heptapod.net/graphicsmagick/graphicsmagickf2a453ced38e30c87b824cc19cd75919642873c4,f2a453ced38e30c87b824cc19cd75919642873c4,https://foss.heptapod.net/graphicsmagick/graphicsmagick,-1,,/src/graphicsmagick/Magick++/lib/Image.cpp;/src/graphicsmagick/coders/dpx.c;/src/graphicsmagick/fuzzing/coder_fuzzer.cc;/src/graphicsmagick/magick/blob.c;/src/graphicsmagick/magick/constitute.c;/src/graphicsmagick/magick/omp_data_view.c;/src/libfuzzer/afl/afl_driver.cpp;/src/llvm/projects/compiler-rt/lib/asan/asan_malloc_linux.cc,
42539493,graphicsmagick,https://foss.heptapod.net/graphicsmagick/graphicsmagick2422cb07d5aec72eb96f4b85dcb47975e9e0f499,2422cb07d5aec72eb96f4b85dcb47975e9e0f499,https://foss.heptapod.net/graphicsmagick/graphicsmagick,-1,,/src/graphicsmagick/Magick++/lib/Image.cpp;/src/graphicsmagick/coders/dpx.c;/src/graphicsmagick/fuzzing/coder_fuzzer.cc;/src/graphicsmagick/magick/blob.c;/src/graphicsmagick/magick/constitute.c;/src/libfuzzer/FuzzerDriver.cpp;/src/libfuzzer/FuzzerLoop.cpp;/src/libfuzzer/FuzzerMain.cpp,
42539513,graphicsmagick,https://foss.heptapod.net/graphicsmagick/graphicsmagick2422cb07d5aec72eb96f4b85dcb47975e9e0f499,2422cb07d5aec72eb96f4b85dcb47975e9e0f499,https://foss.heptapod.net/graphicsmagick/graphicsmagick,-1,,/src/graphicsmagick/Magick++/lib/Image.cpp;/src/graphicsmagick/coders/dpx.c;/src/graphicsmagick/fuzzing/coder_fuzzer.cc;/src/graphicsmagick/magick/blob.c;/src/graphicsmagick/magick/constitute.c;/src/graphicsmagick/magick/memory.c;/src/graphicsmagick/magick/pixel_cache.c;/src/libfuzzer/FuzzerDriver.cpp;/src/libfuzzer/FuzzerLoop.cpp;/src/libfuzzer/FuzzerMain.cpp;/src/llvm/projects/compiler-rt/lib/msan/msan_interceptors.cc,
42539583,graphicsmagick,https://foss.heptapod.net/graphicsmagick/graphicsmagick9637a72ff22bf95ea2daa862cc0b9f07481ed754,9637a72ff22bf95ea2daa862cc0b9f07481ed754,https://foss.heptapod.net/graphicsmagick/graphicsmagick,-1,,/src/graphicsmagick/Magick++/lib/Image.cpp;/src/graphicsmagick/coders/xpm.c;/src/graphicsmagick/fuzzing/coder_fuzzer.cc;/src/graphicsmagick/magick/blob.c;/src/graphicsmagick/magick/constitute.c;/src/graphicsmagick/magick/memory.c;/src/libfuzzer/FuzzerDriver.cpp;/src/libfuzzer/FuzzerLoop.cpp;/src/libfuzzer/FuzzerMain.cpp;/src/llvm/projects/compiler-rt/lib/msan/msan_interceptors.cc,
42539593,graphicsmagick,https://foss.heptapod.net/graphicsmagick/graphicsmagickf60c430ff40aac855614760776095d68b3c28f36,f60c430ff40aac855614760776095d68b3c28f36,https://foss.heptapod.net/graphicsmagick/graphicsmagick,-1,,/src/graphicsmagick/Magick++/lib/Image.cpp;/src/graphicsmagick/coders/dpx.c;/src/graphicsmagick/fuzzing/enhance_fuzzer.cc;/src/graphicsmagick/magick/blob.c;/src/graphicsmagick/magick/constitute.c;/src/graphicsmagick/magick/effect.c;/src/graphicsmagick/magick/memory.c;/src/graphicsmagick/magick/pixel_cache.c;/src/libfuzzer/FuzzerDriver.cpp;/src/libfuzzer/FuzzerLoop.cpp;/src/libfuzzer/FuzzerMain.cpp;/src/llvm/projects/compiler-rt/lib/msan/msan_interceptors.cc,
42539842,graphicsmagick,https://foss.heptapod.net/graphicsmagick/graphicsmagick6416b871cf3926b081ddd2f44d455730e3c70b61,6416b871cf3926b081ddd2f44d455730e3c70b61,https://foss.heptapod.net/graphicsmagick/graphicsmagick,-1,,/src/graphicsmagick/Magick++/lib/Blob.cpp;/src/graphicsmagick/Magick++/lib/BlobRef.cpp;/src/graphicsmagick/Magick++/lib/Image.cpp;/src/graphicsmagick/coders/tiff.c;/src/graphicsmagick/fuzzing/coder_fuzzer.cc;/src/graphicsmagick/magick/blob.c;/src/graphicsmagick/magick/constitute.c;/src/graphicsmagick/magick/memory.c;/src/libfuzzer/FuzzerDriver.cpp;/src/libfuzzer/FuzzerLoop.cpp;/src/libfuzzer/FuzzerMain.cpp;/src/libtiff/libtiff/tif_open.c;/src/llvm/projects/compiler-rt/lib/asan/asan_malloc_linux.cc,
42539956,graphicsmagick,https://foss.heptapod.net/graphicsmagick/graphicsmagicka9947a52ce3b3140e65f26c32f7217c8f180a3bc,a9947a52ce3b3140e65f26c32f7217c8f180a3bc,https://foss.heptapod.net/graphicsmagick/graphicsmagick,-1,,/src/graphicsmagick/Magick++/lib/Image.cpp;/src/graphicsmagick/coders/tiff.c;/src/graphicsmagick/fuzzing/coder_fuzzer.cc;/src/graphicsmagick/magick/blob.c;/src/graphicsmagick/magick/constitute.c;/src/libfuzzer/FuzzerDriver.cpp;/src/libfuzzer/FuzzerLoop.cpp;/src/libfuzzer/FuzzerMain.cpp;/src/libtiff/libtiff/tif_getimage.c;/src/llvm/projects/compiler-rt/lib/asan/asan_malloc_linux.cc,
42540142,graphicsmagick,https://foss.heptapod.net/graphicsmagick/graphicsmagick7ce4aa777847c5b099d51e6d27b2add7ff4ced04,7ce4aa777847c5b099d51e6d27b2add7ff4ced04,https://foss.heptapod.net/graphicsmagick/graphicsmagick,-1,,/src/graphicsmagick/Magick++/lib/Image.cpp;/src/graphicsmagick/coders/tiff.c;/src/graphicsmagick/fuzzing/coder_fuzzer.cc;/src/graphicsmagick/magick/blob.c;/src/graphicsmagick/magick/constitute.c;/src/graphicsmagick/magick/import.c;/src/graphicsmagick/magick/memory.c;/src/libfuzzer/FuzzerDriver.cpp;/src/libfuzzer/FuzzerLoop.cpp;/src/libfuzzer/FuzzerMain.cpp;/src/llvm/projects/compiler-rt/lib/msan/msan_interceptors.cc,
42540148,graphicsmagick,https://foss.heptapod.net/graphicsmagick/graphicsmagickcf80ab2dc84924a9e2a58aad18a3ad37a394ce27,cf80ab2dc84924a9e2a58aad18a3ad37a394ce27,https://foss.heptapod.net/graphicsmagick/graphicsmagick,-1,,/src/graphicsmagick/Magick++/lib/Image.cpp;/src/graphicsmagick/coders/pcd.c;/src/graphicsmagick/fuzzing/coder_fuzzer.cc;/src/graphicsmagick/magick/annotate.c;/src/graphicsmagick/magick/blob.c;/src/graphicsmagick/magick/constitute.c;/src/graphicsmagick/magick/montage.c;/src/libfuzzer/FuzzerDriver.cpp;/src/libfuzzer/FuzzerLoop.cpp;/src/libfuzzer/FuzzerMain.cpp,
42540191,graphicsmagick,https://foss.heptapod.net/graphicsmagick/graphicsmagickcedcb6e1f19418cbb1e3b2829d85f0eba6d90178,"b9051a8eb2e8087ca913739e16d5ee688b6e4ea6
cedcb6e1f19418cbb1e3b2829d85f0eba6d90178",https://foss.heptapod.net/graphicsmagick/graphicsmagick,-1,,/png.c;/src/graphicsmagick/Magick++/lib/Image.cpp;/src/graphicsmagick/coders/png.c;/src/graphicsmagick/fuzzing/coder_fuzzer.cc;/src/graphicsmagick/magick/blob.c;/src/graphicsmagick/magick/constitute.c;/src/libfuzzer/FuzzerDriver.cpp;/src/libfuzzer/FuzzerLoop.cpp;/src/libfuzzer/FuzzerMain.cpp,
42540192,graphicsmagick,https://foss.heptapod.net/graphicsmagick/graphicsmagickaf20d72df82df224143d92b5dd785bffb5e1729f,af20d72df82df224143d92b5dd785bffb5e1729f,https://foss.heptapod.net/graphicsmagick/graphicsmagick,-1,,/src/graphicsmagick/Magick++/lib/Image.cpp;/src/graphicsmagick/coders/png.c;/src/graphicsmagick/fuzzing/coder_fuzzer.cc;/src/graphicsmagick/magick/blob.c;/src/graphicsmagick/magick/constitute.c;/src/libfuzzer/FuzzerDriver.cpp;/src/libfuzzer/FuzzerLoop.cpp;/src/libfuzzer/FuzzerMain.cpp,
42540197,graphicsmagick,https://foss.heptapod.net/graphicsmagick/graphicsmagick209782a0dad1be44e178f05c1069a51bc0228477,209782a0dad1be44e178f05c1069a51bc0228477,https://foss.heptapod.net/graphicsmagick/graphicsmagick,-1,,/src/graphicsmagick/Magick++/lib/Image.cpp;/src/graphicsmagick/coders/mat.c;/src/graphicsmagick/fuzzing/coder_fuzzer.cc;/src/graphicsmagick/magick/blob.c;/src/graphicsmagick/magick/constitute.c;/src/libfuzzer/afl/afl_driver.cpp;/src/llvm/projects/compiler-rt/lib/asan/asan_malloc_linux.cc,
42540198,graphicsmagick,https://foss.heptapod.net/graphicsmagick/graphicsmagick5e54a4e06ab4a9ee86297e5e9b386f7e8a975810,5e54a4e06ab4a9ee86297e5e9b386f7e8a975810,https://foss.heptapod.net/graphicsmagick/graphicsmagick,-1,,/src/graphicsmagick/Magick++/lib/Image.cpp;/src/graphicsmagick/coders/tiff.c;/src/graphicsmagick/fuzzing/coder_fuzzer.cc;/src/graphicsmagick/magick/blob.c;/src/graphicsmagick/magick/constitute.c;/src/libfuzzer/FuzzerDriver.cpp;/src/libfuzzer/FuzzerLoop.cpp;/src/libfuzzer/FuzzerMain.cpp;/src/libtiff/libtiff/tif_predict.c;/src/libtiff/libtiff/tif_read.c;/src/libtiff/libtiff/tif_zip.c;/src/llvm/projects/compiler-rt/lib/msan/msan_interceptors.cc;/src/zlib/adler32.c;/src/zlib/inflate.c,
42540199,graphicsmagick,https://foss.heptapod.net/graphicsmagick/graphicsmagick98bc09f42fcba74a1165ad0f986fee2562a44260,98bc09f42fcba74a1165ad0f986fee2562a44260,https://foss.heptapod.net/graphicsmagick/graphicsmagick,-1,,/src/graphicsmagick/Magick++/lib/Image.cpp;/src/graphicsmagick/coders/dcm.c;/src/graphicsmagick/fuzzing/coder_fuzzer.cc;/src/graphicsmagick/magick/blob.c;/src/graphicsmagick/magick/constitute.c;/src/graphicsmagick/magick/memory.c;/src/graphicsmagick/magick/pixel_cache.c;/src/libfuzzer/FuzzerDriver.cpp;/src/libfuzzer/FuzzerLoop.cpp;/src/libfuzzer/FuzzerMain.cpp;/src/llvm/projects/compiler-rt/lib/msan/msan_interceptors.cc,
42540213,graphicsmagick,https://foss.heptapod.net/graphicsmagick/graphicsmagicka4ee1abf87681a7cf41d14d0b842148695654964,a4ee1abf87681a7cf41d14d0b842148695654964,https://foss.heptapod.net/graphicsmagick/graphicsmagick,-1,,/src/graphicsmagick/Magick++/lib/Image.cpp;/src/graphicsmagick/coders/png.c;/src/graphicsmagick/fuzzing/coder_fuzzer.cc;/src/graphicsmagick/magick/blob.c;/src/graphicsmagick/magick/constitute.c;/src/libfuzzer/afl/afl_driver.cpp;/src/llvm/projects/compiler-rt/lib/asan/asan_malloc_linux.cc,
42540339,graphicsmagick,https://foss.heptapod.net/graphicsmagick/graphicsmagick5e54a4e06ab4a9ee86297e5e9b386f7e8a975810,5e54a4e06ab4a9ee86297e5e9b386f7e8a975810,https://foss.heptapod.net/graphicsmagick/graphicsmagick,-1,,/src/graphicsmagick/Magick++/lib/Image.cpp;/src/graphicsmagick/coders/tiff.c;/src/graphicsmagick/fuzzing/coder_fuzzer.cc;/src/graphicsmagick/magick/blob.c;/src/graphicsmagick/magick/constitute.c;/src/libfuzzer/FuzzerDriver.cpp;/src/libfuzzer/FuzzerLoop.cpp;/src/libfuzzer/FuzzerMain.cpp;/src/libtiff/libtiff/tif_predict.c;/src/libtiff/libtiff/tif_read.c;/src/libtiff/libtiff/tif_zip.c;/src/llvm/projects/compiler-rt/lib/msan/msan_interceptors.cc;/src/zlib/inflate.c,
42540347,graphicsmagick,https://foss.heptapod.net/graphicsmagick/graphicsmagick41f29273fcff496b22af9f21a9fbbe42a072b471,41f29273fcff496b22af9f21a9fbbe42a072b471,https://foss.heptapod.net/graphicsmagick/graphicsmagick,-1,,/src/graphicsmagick/Magick++/lib/Image.cpp;/src/graphicsmagick/coders/tiff.c;/src/graphicsmagick/fuzzing/coder_fuzzer.cc;/src/graphicsmagick/magick/blob.c;/src/graphicsmagick/magick/constitute.c;/src/graphicsmagick/magick/export.c;/src/graphicsmagick/magick/memory.c;/src/graphicsmagick/magick/pixel_cache.c;/src/libfuzzer/FuzzerDriver.cpp;/src/libfuzzer/FuzzerLoop.cpp;/src/libfuzzer/FuzzerMain.cpp;/src/llvm/projects/compiler-rt/lib/msan/msan_interceptors.cc,
42540355,graphicsmagick,https://foss.heptapod.net/graphicsmagick/graphicsmagickf5e2fc49d2d5fa296a852f5f66c60f37dac76853,f5e2fc49d2d5fa296a852f5f66c60f37dac76853,https://foss.heptapod.net/graphicsmagick/graphicsmagick,-1,,/src/graphicsmagick/Magick++/lib/Image.cpp;/src/graphicsmagick/coders/png.c;/src/graphicsmagick/fuzzing/coder_fuzzer.cc;/src/graphicsmagick/magick/blob.c;/src/graphicsmagick/magick/constitute.c;/src/libfuzzer/FuzzerDriver.cpp;/src/libfuzzer/FuzzerLoop.cpp;/src/libfuzzer/FuzzerMain.cpp;/src/libpng/pngread.c;/src/libpng/pngrutil.c;/src/libpng/pngset.c;/src/llvm/projects/compiler-rt/lib/asan/asan_malloc_linux.cc,
42540377,graphicsmagick,https://foss.heptapod.net/graphicsmagick/graphicsmagick3316e4bdc55bd8ce644c9d807b1dc8e61a313843,3316e4bdc55bd8ce644c9d807b1dc8e61a313843,https://foss.heptapod.net/graphicsmagick/graphicsmagick,-1,,/src/graphicsmagick/Magick++/lib/Image.cpp;/src/graphicsmagick/coders/png.c;/src/graphicsmagick/fuzzing/coder_fuzzer.cc;/src/graphicsmagick/magick/blob.c;/src/graphicsmagick/magick/constitute.c;/src/libfuzzer/FuzzerDriver.cpp;/src/libfuzzer/FuzzerLoop.cpp;/src/libfuzzer/FuzzerMain.cpp;/src/libpng/pngread.c;/src/libpng/pngrutil.c;/src/libpng/pngset.c;/src/llvm/projects/compiler-rt/lib/asan/asan_malloc_linux.cc,
42540396,graphicsmagick,https://foss.heptapod.net/graphicsmagick/graphicsmagick41f29273fcff496b22af9f21a9fbbe42a072b471,41f29273fcff496b22af9f21a9fbbe42a072b471,https://foss.heptapod.net/graphicsmagick/graphicsmagick,-1,,/src/graphicsmagick/Magick++/lib/Image.cpp;/src/graphicsmagick/coders/tiff.c;/src/graphicsmagick/fuzzing/coder_fuzzer.cc;/src/graphicsmagick/magick/blob.c;/src/graphicsmagick/magick/constitute.c;/src/graphicsmagick/magick/memory.c;/src/graphicsmagick/magick/pixel_cache.c;/src/graphicsmagick/magick/resize.c;/src/libfuzzer/FuzzerDriver.cpp;/src/libfuzzer/FuzzerLoop.cpp;/src/libfuzzer/FuzzerMain.cpp;/src/llvm/projects/compiler-rt/lib/msan/msan_interceptors.cc,
42540456,graphicsmagick,https://foss.heptapod.net/graphicsmagick/graphicsmagick29dbb71f909507b94e3c0b6aecc27656c37c26a4,29dbb71f909507b94e3c0b6aecc27656c37c26a4,https://foss.heptapod.net/graphicsmagick/graphicsmagick,-1,,/src/graphicsmagick/Magick++/lib/Image.cpp;/src/graphicsmagick/coders/png.c;/src/graphicsmagick/fuzzing/coder_fuzzer.cc;/src/graphicsmagick/magick/blob.c;/src/graphicsmagick/magick/constitute.c;/src/libfuzzer/afl/afl_driver.cpp;/src/llvm/projects/compiler-rt/lib/asan/asan_malloc_linux.cc,
42540578,graphicsmagick,https://foss.heptapod.net/graphicsmagick/graphicsmagickb3cbd2331e49bebabe0480fea009bfd30d371484,b3cbd2331e49bebabe0480fea009bfd30d371484,https://foss.heptapod.net/graphicsmagick/graphicsmagick,-1,,/src/graphicsmagick/Magick++/lib/Image.cpp;/src/graphicsmagick/coders/png.c;/src/graphicsmagick/fuzzing/coder_fuzzer.cc;/src/graphicsmagick/magick/blob.c;/src/graphicsmagick/magick/constitute.c;/src/libfuzzer/FuzzerDriver.cpp;/src/libfuzzer/FuzzerLoop.cpp;/src/libfuzzer/FuzzerMain.cpp,
42541037,graphicsmagick,https://foss.heptapod.net/graphicsmagick/graphicsmagick99feb27a67193addef13b93a74ec9b3e83feb52c,99feb27a67193addef13b93a74ec9b3e83feb52c,https://foss.heptapod.net/graphicsmagick/graphicsmagick,-1,,/src/graphicsmagick/Magick++/lib/Blob.cpp;/src/graphicsmagick/Magick++/lib/BlobRef.cpp;/src/graphicsmagick/Magick++/lib/Image.cpp;/src/graphicsmagick/coders/miff.c;/src/graphicsmagick/fuzzing/coder_fuzzer.cc;/src/graphicsmagick/magick/blob.c;/src/graphicsmagick/magick/constitute.c;/src/graphicsmagick/magick/import.c;/src/libfuzzer/afl/afl_driver.cpp;/src/llvm/projects/compiler-rt/lib/asan/asan_new_delete.cc,
42541364,graphicsmagick,https://foss.heptapod.net/graphicsmagick/graphicsmagick51ce9dec865586f1e09d14e6f000e388b33e182d,51ce9dec865586f1e09d14e6f000e388b33e182d,https://foss.heptapod.net/graphicsmagick/graphicsmagick,-1,,/src/graphicsmagick/Magick++/lib/Image.cpp;/src/graphicsmagick/coders/mvg.c;/src/graphicsmagick/fuzzing/coder_fuzzer.cc;/src/graphicsmagick/magick/blob.c;/src/graphicsmagick/magick/constitute.c;/src/graphicsmagick/magick/render.c;/src/libfuzzer/FuzzerDriver.cpp;/src/libfuzzer/FuzzerLoop.cpp;/src/libfuzzer/FuzzerMain.cpp;/src/llvm/projects/compiler-rt/lib/asan/asan_malloc_linux.cc,
369652825,ghostpdl,https://cgit.ghostscript.com/ghostpdl.gitb5b69dfb04bcec0707275dbbc5a317e77557a0c9,b5b69dfb04bcec0707275dbbc5a317e77557a0c9,https://cgit.ghostscript.com/ghostpdl.git,-1,,/src/ghostpdl/./base/gsmchunk.c;/src/ghostpdl/./base/sdctc.c;/src/ghostpdl/./base/stream.c;/src/ghostpdl/./base/strmio.c;/src/ghostpdl/./pdf/pdf_file.c;/src/ghostpdl/./pdf/pdf_image.c;/src/ghostpdl/./pdf/pdf_int.c;/src/ghostpdl/./pdf/pdf_page.c;/src/ghostpdl/./psi/imain.c;/src/ghostpdl/./psi/imainarg.c;/src/ghostpdl/./psi/interp.c;/src/ghostpdl/./psi/zpdfops.c;/src/gs_device_pxlcolor_fuzzer.cc;/src/gs_fuzzlib.h;/src/llvm-project/compiler-rt/lib/fuzzer/FuzzerDriver.cpp;/src/llvm-project/compiler-rt/lib/fuzzer/FuzzerLoop.cpp;/src/llvm-project/compiler-rt/lib/fuzzer/FuzzerMain.cpp,
376394519,ghostpdl,https://cgit.ghostscript.com/ghostpdl.gitb5b69dfb04bcec0707275dbbc5a317e77557a0c9,b5b69dfb04bcec0707275dbbc5a317e77557a0c9,https://cgit.ghostscript.com/ghostpdl.git,-1,,/src/ghostpdl/./base/sdctd.c;/src/ghostpdl/./base/stream.c;/src/ghostpdl/./pdf/pdf_file.c;/src/ghostpdl/./pdf/pdf_int.c;/src/ghostpdl/./pdf/pdf_page.c;/src/ghostpdl/./psi/imain.c;/src/ghostpdl/./psi/imainarg.c;/src/ghostpdl/./psi/interp.c;/src/ghostpdl/./psi/zpdfops.c;/src/gs_device_eps2write_fuzzer.cc;/src/gs_fuzzlib.h;/src/llvm-project/compiler-rt/lib/fuzzer/FuzzerDriver.cpp;/src/llvm-project/compiler-rt/lib/fuzzer/FuzzerLoop.cpp;/src/llvm-project/compiler-rt/lib/fuzzer/FuzzerMain.cpp,
382816021,nss,https://hg.mozilla.org/projects/nss8b47e94847a8eef6d5ecef48565aa6520b565de9,8b47e94847a8eef6d5ecef48565aa6520b565de9,https://hg.mozilla.org/projects/nss,-1,,/src/llvm-project/compiler-rt/lib/asan/asan_interceptors_memintrinsics.cpp;/src/llvm-project/compiler-rt/lib/asan/asan_malloc_linux.cpp;/src/llvm-project/compiler-rt/lib/fuzzer/FuzzerDriver.cpp;/src/llvm-project/compiler-rt/lib/fuzzer/FuzzerLoop.cpp;/src/llvm-project/compiler-rt/lib/fuzzer/FuzzerMain.cpp;/src/nss/out/Debug/../../fuzz/tls_client_target.cc;/src/nss/out/Debug/../../fuzz/tls_common.cc;/src/nss/out/Debug/../../lib/ssl/dtlscon.c;/src/nss/out/Debug/../../lib/ssl/ssl3con.c;/src/nss/out/Debug/../../lib/ssl/ssl3ext.c;/src/nss/out/Debug/../../lib/ssl/ssl3gthr.c;/src/nss/out/Debug/../../lib/ssl/sslcon.c;/src/nss/out/Debug/../../lib/ssl/sslencode.c;/src/nss/out/Debug/../../lib/ssl/sslsecur.c;/src/nss/out/Debug/../../lib/ssl/sslsock.c;/src/nss/out/Debug/../../lib/ssl/tls13con.c;/src/nss/out/Debug/../../lib/ssl/tls13exthandle.c;/src/nss/out/Debug/../../lib/util/secport.c,
384972943,ghostpdl,https://cgit.ghostscript.com/ghostpdl.gitda32171815f62653d90da4e9e0302f2e57ab3bd3,da32171815f62653d90da4e9e0302f2e57ab3bd3,https://cgit.ghostscript.com/ghostpdl.git,-1,,/src/ghostpdl/./base/gdevp14.c;/src/ghostpdl/./base/gsicc_create.c;/src/ghostpdl/./base/gsicc_lcms2mt.c;/src/ghostpdl/./base/gsicc_manage.c;/src/ghostpdl/./base/gsmalloc.c;/src/ghostpdl/./base/gstrans.c;/src/ghostpdl/./devices/vector/gdevpdfc.c;/src/ghostpdl/./devices/vector/gdevpdfk.c;/src/ghostpdl/./devices/vector/gdevpdft.c;/src/ghostpdl/./lcms2mt/src/cmserr.c;/src/ghostpdl/./lcms2mt/src/cmsio0.c;/src/ghostpdl/./pdf/pdf_colour.c;/src/ghostpdl/./pdf/pdf_image.c;/src/ghostpdl/./pdf/pdf_int.c;/src/ghostpdl/./pdf/pdf_page.c;/src/ghostpdl/./pdf/pdf_trans.c;/src/ghostpdl/./psi/iapi.c;/src/ghostpdl/./psi/imain.c;/src/ghostpdl/./psi/imainarg.c;/src/ghostpdl/./psi/interp.c;/src/ghostpdl/./psi/psapi.c;/src/ghostpdl/./psi/zpdfops.c;/src/gs_device_pdfwrite_fuzzer.cc;/src/gs_fuzzlib.h;/src/llvm-project/compiler-rt/lib/asan/../sanitizer_common/sanitizer_common_interceptors.inc;/src/llvm-project/compiler-rt/lib/asan/asan_malloc_linux.cpp;/src/llvm-project/compiler-rt/lib/fuzzer/FuzzerDriver.cpp;/src/llvm-project/compiler-rt/lib/fuzzer/FuzzerLoop.cpp;/src/llvm-project/compiler-rt/lib/fuzzer/FuzzerMain.cpp,
391934080,ghostpdl,https://cgit.ghostscript.com/ghostpdl.git329fa492271566a43f905edafb83dbce1b01a62a,329fa492271566a43f905edafb83dbce1b01a62a,https://cgit.ghostscript.com/ghostpdl.git,-1,,/src/ghostpdl/./base/gsdevice.c;/src/ghostpdl/./base/gsfont.c;/src/ghostpdl/./base/gstype1.c;/src/ghostpdl/./base/gxtype1.c;/src/ghostpdl/./devices/gxfcopy.c;/src/ghostpdl/./devices/vector/gdevpdf.c;/src/ghostpdl/./devices/vector/gdevpdtd.c;/src/ghostpdl/./devices/vector/gdevpdtw.c;/src/ghostpdl/./psi/iapi.c;/src/ghostpdl/./psi/imain.c;/src/ghostpdl/./psi/psapi.c;/src/gs_device_ps2write_fuzzer.cc;/src/gs_fuzzlib.h;/src/llvm-project/compiler-rt/lib/fuzzer/FuzzerDriver.cpp;/src/llvm-project/compiler-rt/lib/fuzzer/FuzzerLoop.cpp;/src/llvm-project/compiler-rt/lib/fuzzer/FuzzerMain.cpp,
393408793,ghostpdl,https://cgit.ghostscript.com/ghostpdl.gitff2bd4e2b723c39c26d3d8a4371ac0c3ad7f6655,ff2bd4e2b723c39c26d3d8a4371ac0c3ad7f6655,https://cgit.ghostscript.com/ghostpdl.git,-1,,/base/stream.c;/src/ghostpdl/./psi/imain.c;/src/ghostpdl/./psi/imainarg.c;/src/ghostpdl/./psi/interp.c;/src/ghostpdl/./psi/zfileio.c;/src/gs_device_pxlmono_fuzzer.cc;/src/gs_fuzzlib.h;/src/llvm-project/compiler-rt/lib/asan/../sanitizer_common/sanitizer_common_interceptors_memintrinsics.inc;/src/llvm-project/compiler-rt/lib/fuzzer/FuzzerDriver.cpp;/src/llvm-project/compiler-rt/lib/fuzzer/FuzzerLoop.cpp;/src/llvm-project/compiler-rt/lib/fuzzer/FuzzerMain.cpp,
393411521,ghostpdl,https://cgit.ghostscript.com/ghostpdl.gitff2bd4e2b723c39c26d3d8a4371ac0c3ad7f6655,ff2bd4e2b723c39c26d3d8a4371ac0c3ad7f6655,https://cgit.ghostscript.com/ghostpdl.git,-1,,/base/stream.c;/src/ghostpdl/./base/stream.c;/src/ghostpdl/./psi/imain.c;/src/ghostpdl/./psi/imainarg.c;/src/ghostpdl/./psi/interp.c;/src/ghostpdl/./psi/zfileio.c;/src/gs_device_ps2write_fuzzer.cc;/src/gs_fuzzlib.h;/src/llvm-project/compiler-rt/lib/asan/../sanitizer_common/sanitizer_common_interceptors_memintrinsics.inc;/src/llvm-project/compiler-rt/lib/fuzzer/FuzzerDriver.cpp;/src/llvm-project/compiler-rt/lib/fuzzer/FuzzerLoop.cpp;/src/llvm-project/compiler-rt/lib/fuzzer/FuzzerMain.cpp,
393414239,ghostpdl,https://cgit.ghostscript.com/ghostpdl.gitff2bd4e2b723c39c26d3d8a4371ac0c3ad7f6655,ff2bd4e2b723c39c26d3d8a4371ac0c3ad7f6655,https://cgit.ghostscript.com/ghostpdl.git,-1,,/base/stream.c;/src/ghostpdl/./psi/imain.c;/src/ghostpdl/./psi/imainarg.c;/src/ghostpdl/./psi/interp.c;/src/ghostpdl/./psi/iscan.c;/src/gs_device_pdfwrite_opts_fuzzer.cc;/src/gs_fuzzlib.h;/src/llvm-project/compiler-rt/lib/fuzzer/FuzzerDriver.cpp;/src/llvm-project/compiler-rt/lib/fuzzer/FuzzerLoop.cpp;/src/llvm-project/compiler-rt/lib/fuzzer/FuzzerMain.cpp,
395959264,ghostpdl,https://cgit.ghostscript.com/ghostpdl.gitff2bd4e2b723c39c26d3d8a4371ac0c3ad7f6655,ff2bd4e2b723c39c26d3d8a4371ac0c3ad7f6655,https://cgit.ghostscript.com/ghostpdl.git,-1,,/base/stream.c;/src/ghostpdl/./base/sstring.c;/src/ghostpdl/./psi/imain.c;/src/ghostpdl/./psi/imainarg.c;/src/ghostpdl/./psi/interp.c;/src/ghostpdl/./psi/zfileio.c;/src/gs_device_pxlmono_fuzzer.cc;/src/gs_fuzzlib.h;/src/llvm-project/compiler-rt/lib/fuzzer/FuzzerDriver.cpp;/src/llvm-project/compiler-rt/lib/fuzzer/FuzzerLoop.cpp;/src/llvm-project/compiler-rt/lib/fuzzer/FuzzerMain.cpp,
395969084,ghostpdl,https://cgit.ghostscript.com/ghostpdl.gitff2bd4e2b723c39c26d3d8a4371ac0c3ad7f6655,ff2bd4e2b723c39c26d3d8a4371ac0c3ad7f6655,https://cgit.ghostscript.com/ghostpdl.git,-1,,/base/stream.c;/src/ghostpdl/./psi/imain.c;/src/ghostpdl/./psi/imainarg.c;/src/ghostpdl/./psi/interp.c;/src/ghostpdl/./psi/zfileio.c;/src/gs_device_pdfwrite_opts_fuzzer.cc;/src/gs_fuzzlib.h;/src/llvm-project/compiler-rt/lib/asan/../sanitizer_common/sanitizer_common_interceptors_memintrinsics.inc;/src/llvm-project/compiler-rt/lib/fuzzer/FuzzerDriver.cpp;/src/llvm-project/compiler-rt/lib/fuzzer/FuzzerLoop.cpp;/src/llvm-project/compiler-rt/lib/fuzzer/FuzzerMain.cpp,
399388654,ghostpdl,https://cgit.ghostscript.com/ghostpdl.git4c4dcc85ce4f3c7fe53f72dd0098cd7906312dbd,4c4dcc85ce4f3c7fe53f72dd0098cd7906312dbd,https://cgit.ghostscript.com/ghostpdl.git,-1,,/src/ghostpdl/./base/gsmalloc.c;/src/ghostpdl/./base/gsmchunk.c;/src/ghostpdl/./pdf/ghostpdf.c;/src/ghostpdl/./psi/igc.c;/src/ghostpdl/./psi/imain.c;/src/ghostpdl/./psi/imainarg.c;/src/ghostpdl/./psi/interp.c;/src/ghostpdl/./psi/ireclaim.c;/src/ghostpdl/./psi/isave.c;/src/ghostpdl/./psi/zdevice2.c;/src/ghostpdl/./psi/zpdfops.c;/src/ghostpdl/./psi/zvmem.c;/src/gs_device_pdfwrite_fuzzer.cc;/src/gs_fuzzlib.h;/src/llvm-project/compiler-rt/lib/asan/asan_malloc_linux.cpp;/src/llvm-project/compiler-rt/lib/fuzzer/FuzzerDriver.cpp;/src/llvm-project/compiler-rt/lib/fuzzer/FuzzerLoop.cpp;/src/llvm-project/compiler-rt/lib/fuzzer/FuzzerMain.cpp,
399388655,ghostpdl,https://cgit.ghostscript.com/ghostpdl.git714ef06bede27cd12bf3c7d3278fa6327d7a81eb,714ef06bede27cd12bf3c7d3278fa6327d7a81eb,https://cgit.ghostscript.com/ghostpdl.git,-1,,/src/ghostpdl/./base/gsmchunk.c;/src/ghostpdl/./pdf/ghostpdf.c;/src/ghostpdl/./pdf/pdf_dict.c;/src/ghostpdl/./pdf/pdf_font1C.c;/src/ghostpdl/./pdf/pdf_stack.h;/src/ghostpdl/./psi/imain.c;/src/ghostpdl/./psi/imainarg.c;/src/ghostpdl/./psi/interp.c;/src/ghostpdl/./psi/zpdfops.c;/src/gs_device_faxg3_fuzzer.cc;/src/gs_fuzzlib.h;/src/llvm-project/compiler-rt/lib/fuzzer/FuzzerDriver.cpp;/src/llvm-project/compiler-rt/lib/fuzzer/FuzzerLoop.cpp;/src/llvm-project/compiler-rt/lib/fuzzer/FuzzerMain.cpp,
399390078,ghostpdl,https://cgit.ghostscript.com/ghostpdl.git714ef06bede27cd12bf3c7d3278fa6327d7a81eb,714ef06bede27cd12bf3c7d3278fa6327d7a81eb,https://cgit.ghostscript.com/ghostpdl.git,-1,,/src/ghostpdl/./base/gsmchunk.c;/src/ghostpdl/./pdf/pdf_font.c;/src/ghostpdl/./pdf/pdf_font1C.c;/src/ghostpdl/./pdf/pdf_int.c;/src/ghostpdl/./pdf/pdf_page.c;/src/ghostpdl/./psi/imain.c;/src/ghostpdl/./psi/imainarg.c;/src/ghostpdl/./psi/interp.c;/src/ghostpdl/./psi/zpdfops.c;/src/gs_device_faxg3_fuzzer.cc;/src/gs_fuzzlib.h;/src/llvm-project/compiler-rt/lib/fuzzer/FuzzerDriver.cpp;/src/llvm-project/compiler-rt/lib/fuzzer/FuzzerLoop.cpp;/src/llvm-project/compiler-rt/lib/fuzzer/FuzzerMain.cpp,
399390672,ghostpdl,https://cgit.ghostscript.com/ghostpdl.git714ef06bede27cd12bf3c7d3278fa6327d7a81eb,714ef06bede27cd12bf3c7d3278fa6327d7a81eb,https://cgit.ghostscript.com/ghostpdl.git,-1,,/src/ghostpdl/./base/gsmchunk.c;/src/ghostpdl/./pdf/pdf_font.c;/src/ghostpdl/./pdf/pdf_font1C.c;/src/ghostpdl/./pdf/pdf_int.c;/src/ghostpdl/./pdf/pdf_obj.c;/src/ghostpdl/./pdf/pdf_page.c;/src/ghostpdl/./psi/imain.c;/src/ghostpdl/./psi/imainarg.c;/src/ghostpdl/./psi/interp.c;/src/ghostpdl/./psi/zpdfops.c;/src/gs_fuzzlib.h;/src/gstoraster_pdf_fuzzer.cc;/src/llvm-project/compiler-rt/lib/fuzzer/FuzzerDriver.cpp;/src/llvm-project/compiler-rt/lib/fuzzer/FuzzerLoop.cpp;/src/llvm-project/compiler-rt/lib/fuzzer/FuzzerMain.cpp,
401846983,ghostpdl,https://cgit.ghostscript.com/ghostpdl.gitfdb12a8b24defc5d0e71099104ae75424a41ccae,fdb12a8b24defc5d0e71099104ae75424a41ccae,https://cgit.ghostscript.com/ghostpdl.git,-1,,/src/ghostpdl/./base/gdevnfwd.c;/src/ghostpdl/./base/gdevp14.c;/src/ghostpdl/./base/gsdevice.c;/src/ghostpdl/./psi/iapi.c;/src/ghostpdl/./psi/igc.c;/src/ghostpdl/./psi/imain.c;/src/ghostpdl/./psi/imainarg.c;/src/ghostpdl/./psi/interp.c;/src/ghostpdl/./psi/ireclaim.c;/src/ghostpdl/./psi/psapi.c;/src/gs_device_ps2write_fuzzer.cc;/src/gs_fuzzlib.h;/src/llvm-project/compiler-rt/lib/fuzzer/FuzzerDriver.cpp;/src/llvm-project/compiler-rt/lib/fuzzer/FuzzerLoop.cpp;/src/llvm-project/compiler-rt/lib/fuzzer/FuzzerMain.cpp,
402451731,ghostpdl,https://cgit.ghostscript.com/ghostpdl.gitcf32d1168cf93f4f414e1db6bcfb73fb8617b601,cf32d1168cf93f4f414e1db6bcfb73fb8617b601,https://cgit.ghostscript.com/ghostpdl.git,-1,,/src/ghostpdl/./pdf/pdf_file.c;/src/ghostpdl/./pdf/pdf_font.c;/src/ghostpdl/./pdf/pdf_int.c;/src/ghostpdl/./pdf/pdf_page.c;/src/ghostpdl/./psi/imain.c;/src/ghostpdl/./psi/imainarg.c;/src/ghostpdl/./psi/interp.c;/src/ghostpdl/./psi/zpdfops.c;/src/gs_device_tiffsep1_fuzzer.cc;/src/gs_fuzzlib.h;/src/llvm-project/compiler-rt/lib/asan/../sanitizer_common/sanitizer_common_interceptors_memintrinsics.inc;/src/llvm-project/compiler-rt/lib/fuzzer/FuzzerDriver.cpp;/src/llvm-project/compiler-rt/lib/fuzzer/FuzzerLoop.cpp;/src/llvm-project/compiler-rt/lib/fuzzer/FuzzerMain.cpp,
414383025,ghostpdl,https://cgit.ghostscript.com/ghostpdl.git52e638cef835f3bf0b7e23c09c708e24126911ba,52e638cef835f3bf0b7e23c09c708e24126911ba,https://cgit.ghostscript.com/ghostpdl.git,-1,,/src/ghostpdl/./base/gsmalloc.c;/src/ghostpdl/./base/gsmchunk.c;/src/ghostpdl/./base/sjpx_openjpeg.c;/src/ghostpdl/./base/stream.c;/src/ghostpdl/./pdf/pdf_dict.c;/src/ghostpdl/./pdf/pdf_font.c;/src/ghostpdl/./pdf/pdf_font1.c;/src/ghostpdl/./pdf/pdf_image.c;/src/ghostpdl/./pdf/pdf_int.c;/src/ghostpdl/./pdf/pdf_page.c;/src/ghostpdl/./psi/iapi.c;/src/ghostpdl/./psi/imain.c;/src/ghostpdl/./psi/imainarg.c;/src/ghostpdl/./psi/interp.c;/src/ghostpdl/./psi/psapi.c;/src/ghostpdl/./psi/zpdfops.c;/src/gs_device_psdcmyk_fuzzer.cc;/src/gs_fuzzlib.h;/src/llvm-project/compiler-rt/lib/asan/asan_malloc_linux.cpp;/src/llvm-project/compiler-rt/lib/fuzzer/FuzzerDriver.cpp;/src/llvm-project/compiler-rt/lib/fuzzer/FuzzerLoop.cpp;/src/llvm-project/compiler-rt/lib/fuzzer/FuzzerMain.cpp,
414642181,njs,http://hg.nginx.org/njsdc31431afda3e7482737cf701fe750fee315ea62,dc31431afda3e7482737cf701fe750fee315ea62,http://hg.nginx.org/njs,-1,,/src/llvm-project/compiler-rt/lib/fuzzer/FuzzerDriver.cpp;/src/llvm-project/compiler-rt/lib/fuzzer/FuzzerLoop.cpp;/src/llvm-project/compiler-rt/lib/fuzzer/FuzzerMain.cpp;/src/njs/external/njs_shell.c;/src/njs/src/njs_function.c;/src/njs/src/njs_function.h;/src/njs/src/njs_regexp.c;/src/njs/src/njs_string.c;/src/njs/src/njs_vm.c;/src/njs/src/njs_vmcode.c,
429003379,njs,http://hg.nginx.org/njsa4061187dd872064aa28dac506e877df90bd128b,a4061187dd872064aa28dac506e877df90bd128b,http://hg.nginx.org/njs,-1,,/src/llvm-project/compiler-rt/lib/fuzzer/FuzzerDriver.cpp;/src/llvm-project/compiler-rt/lib/fuzzer/FuzzerLoop.cpp;/src/llvm-project/compiler-rt/lib/fuzzer/FuzzerMain.cpp;/src/njs/external/njs_shell.c;/src/njs/src/njs_async.c;/src/njs/src/njs_function.c;/src/njs/src/njs_function.h;/src/njs/src/njs_string.c;/src/njs/src/njs_vm.c;/src/njs/src/njs_vmcode.c,
429298576,njs,http://hg.nginx.org/njsa4061187dd872064aa28dac506e877df90bd128b,a4061187dd872064aa28dac506e877df90bd128b,http://hg.nginx.org/njs,-1,,/src/llvm-project/compiler-rt/lib/fuzzer/FuzzerDriver.cpp;/src/llvm-project/compiler-rt/lib/fuzzer/FuzzerLoop.cpp;/src/llvm-project/compiler-rt/lib/fuzzer/FuzzerMain.cpp;/src/njs/external/njs_shell.c;/src/njs/src/njs_arr.c;/src/njs/src/njs_async.c;/src/njs/src/njs_error.c;/src/njs/src/njs_function.c;/src/njs/src/njs_vm.c;/src/njs/src/njs_vmcode.c,
429330003,njs,http://hg.nginx.org/njsa4061187dd872064aa28dac506e877df90bd128b,a4061187dd872064aa28dac506e877df90bd128b,http://hg.nginx.org/njs,-1,,/src/llvm-project/compiler-rt/lib/fuzzer/FuzzerDriver.cpp;/src/llvm-project/compiler-rt/lib/fuzzer/FuzzerLoop.cpp;/src/llvm-project/compiler-rt/lib/fuzzer/FuzzerMain.cpp;/src/njs/external/njs_shell.c;/src/njs/src/njs_mp.c;/src/njs/src/njs_rbtree.c;/src/njs/src/njs_vm.c,
